# .PCD v0.7 - Point Cloud Data file format
VERSION 0.7
FIELDS x y z intensity
SIZE 4 4 4 4
TYPE F F F F
COUNT 1 1 1 1
WIDTH 30288
HEIGHT 1
VIEWPOINT 0 0 0 1 0 0 0
POINTS 30288
DATA ascii
9.0483 -0.9157 5.9204 26.51
7.4807 -0.6638 8.7159 43.74
11.1652 -1.5366 8.5455 32.27
6.0678 -0.7210 8.7688 49.55
7.8654 -1.3062 8.6835 41.95
10.2081 -2.1607 8.5674 34.30
3.1928 -0.5785 5.7253 51.56
8.5186 -1.0191 8.6807 39.95
11.9232 -1.9823 8.5139 30.42
6.4677 -0.9616 8.7564 47.66
8.3712 -1.6377 8.6659 40.03
10.8994 -2.6189 8.5567 32.42
5.9499 -1.3317 8.7917 49.65
8.4514 -1.2386 8.6623 39.99
11.0454 -2.1135 8.5486 32.32
5.9956 -1.0441 8.7610 49.61
7.7834 -1.7236 8.6835 41.94
10.1066 -2.7019 8.6032 34.35
3.1665 -0.7608 5.7475 51.57
7.3534 -1.2512 8.7028 43.85
9.5384 -2.0595 8.6067 36.19
5.1778 -1.0162 8.7881 53.46
6.7651 -1.6641 8.7457 45.86
8.7091 -2.5476 8.6292 38.20
11.8232 -2.4799 8.5148 30.43
6.3903 -1.2361 8.7374 47.70
8.2674 -1.9909 8.6594 40.08
10.7748 -3.0746 8.5615 32.45
3.3691 -0.8841 5.7260 49.71
9.1057 -2.9439 8.5071 36.32
5.0333 -1.5477 8.8023 53.53
6.7960 -1.5221 8.7267 45.80
8.7791 -2.3725 8.6375 38.18
11.4563 -3.6058 8.5112 30.55
6.1952 -1.8719 8.7276 47.78
9.0039 -3.1873 7.5182 32.47
5.7203 -1.9529 8.7577 49.73
7.7111 -1.9756 8.6905 41.99
9.9782 -3.0094 8.5836 34.37
3.1304 -0.8695 5.7473 51.61
9.1079 -3.1034 8.5497 36.33
5.0178 -1.6334 8.8179 53.53
7.9034 -3.0005 8.6521 40.19
10.7416 -3.1349 8.5593 32.47
3.3653 -0.9048 5.7282 49.70
9.4320 -3.1157 8.2562 34.40
5.3933 -1.7034 8.7937 51.63
8.1372 -3.0115 7.8603 36.35
4.9335 -1.7575 8.7719 53.55
7.3209 -2.9990 8.6869 42.13
11.4359 -3.6802 8.5195 30.57
6.1872 -1.9088 8.7346 47.79
8.3921 -3.0218 7.1158 32.47
5.6959 -1.9863 8.7496 49.75
8.2091 -3.2760 8.4649 38.27
11.7782 -5.2697 8.4751 28.70
6.3100 -2.7674 8.7080 45.99
9.1290 -3.1955 7.1426 30.59
6.1362 -2.0769 8.7436 47.81
8.0347 -3.1237 7.8143 36.33
4.8965 -1.8373 8.7771 53.60
7.1207 -3.0524 8.5305 42.09
10.0458 -4.8029 8.5499 32.55
5.4666 -2.5613 8.7736 49.81
8.1293 -3.0619 7.8644 36.34
4.9452 -1.7918 8.8200 53.61
7.2801 -3.0299 8.6701 42.15
10.1028 -4.7022 8.5606 32.57
5.4881 -2.5030 8.7686 49.82
7.5219 -3.8167 8.6576 40.27
8.6235 -3.5409 6.5183 28.72
6.4159 -2.5780 8.7259 45.96
8.8284 -3.9862 8.6099 36.37
4.7842 -2.1036 8.7852 53.64
6.4825 -3.1929 8.5509 44.08
9.0109 -4.9056 8.5197 34.54
4.9548 -2.6535 8.7870 51.76
7.5598 -3.2992 8.4902 40.23
10.7443 -5.2251 8.5131 30.67
5.8111 -2.7746 8.7312 47.91
7.9877 -4.2197 8.6441 38.36
11.1458 -6.4599 8.4904 28.79
5.8298 -3.3504 8.5536 46.06
8.7533 -4.1211 8.6084 36.40
4.7523 -2.1824 8.7980 53.67
6.4168 -3.2946 8.5415 44.09
8.9954 -5.0831 8.5746 34.55
4.9010 -2.7369 8.7841 51.78
7.2013 -4.4120 8.6719 40.29
10.6984 -5.4152 8.5434 30.69
5.7916 -2.8848 8.7665 47.92
7.9010 -4.3468 8.6321 38.36
11.9169 -7.1654 8.4427 26.87
6.3258 -3.7787 8.7006 44.13
9.5190 -6.2131 8.1859 30.74
5.1562 -3.3467 8.4173 47.96
7.9628 -4.2694 8.6448 38.36
11.9936 -7.0434 8.4459 26.87
6.3672 -3.7152 8.7031 44.12
10.0834 -6.4216 8.5343 30.73
5.2407 -3.3245 8.4852 47.97
7.9599 -5.4936 8.6346 36.51
4.3040 -2.9606 8.8016 53.73
5.5986 -3.1910 7.8048 44.13
10.1067 -6.3023 8.5090 30.74
5.2958 -3.2792 8.5130 47.98
9.0172 -6.0847 8.4154 32.66
4.8056 -3.2335 8.5063 49.91
7.3058 -5.3281 8.6658 38.43
11.8970 -7.2570 8.4572 26.87
6.3214 -3.8290 8.7263 44.14
9.4841 -6.2718 7.6606 28.80
5.7567 -3.7902 8.7349 46.09
8.4252 -6.0150 8.5991 34.60
4.4030 -3.1417 8.5346 51.84
7.1591 -5.5188 8.6651 38.44
8.8978 -5.7670 5.8842 23.06
6.6289 -4.2689 8.6875 42.23
9.7941 -6.8460 8.5385 30.76
5.2938 -3.6896 8.7662 48.01
7.7201 -5.8242 8.6373 36.53
3.9564 -2.9909 8.4393 53.73
6.5352 -5.3203 8.6725 40.37
10.6175 -7.2561 8.4947 28.85
5.7035 -3.8896 8.7473 46.09
8.3099 -6.1358 8.5825 34.60
4.3424 -3.2074 8.5247 51.85
7.0635 -5.6232 8.6544 38.44
11.4341 -9.7923 8.4245 25.08
5.9882 -5.1533 8.7139 42.30
9.6584 -6.9831 8.5230 30.78
5.2274 -3.7746 8.7600 48.01
8.1498 -6.3570 8.5886 34.61
4.2415 -3.3178 8.5081 51.86
6.9168 -5.8136 8.6609 38.45
7.5573 -6.8646 5.7267 23.13
6.2427 -5.6626 8.6744 40.39
11.0451 -8.4324 8.4504 26.92
5.8597 -4.4771 8.7191 44.19
8.9731 -7.3900 8.3511 30.80
4.9665 -4.1021 8.7569 48.04
8.3289 -7.3812 8.5852 32.72
4.4955 -4.0138 8.7885 49.96
8.0347 -7.6650 8.5628 32.70
4.3370 -4.1761 8.7771 49.96
7.5286 -6.0702 8.6341 36.53
3.9032 -3.1588 8.5392 53.80
6.3736 -5.5514 8.6935 40.38
11.0473 -10.2885 8.4294 25.04
5.7779 -5.4220 8.7231 42.27
9.0739 -9.1104 7.3992 25.10
5.5607 -5.6240 8.7204 42.32
9.7910 -8.3166 8.4961 28.89
5.2515 -4.4851 8.7543 46.14
8.2150 -7.5186 8.5811 32.69
4.4153 -4.0784 8.7707 49.97
7.9278 -7.8081 8.5848 32.73
4.2680 -4.2525 8.7841 49.98
7.6643 -8.1227 8.6029 32.71
4.1192 -4.4246 8.8024 49.97
7.1936 -6.4583 8.6358 36.55
3.6893 -3.3423 8.4768 53.81
6.9643 -6.7349 8.6444 36.54
3.7336 -3.6524 8.8064 53.81
6.7029 -6.9761 8.6372 36.56
3.5845 -3.7907 8.8025 53.84
6.4606 -7.2455 8.6522 36.54
3.4416 -3.9326 8.8046 53.83
6.5654 -6.2181 8.6711 38.48
7.4356 -7.5811 5.4743 21.22
6.3263 -6.4572 8.6668 38.48
8.5935 -9.3890 6.2971 21.24
6.1027 -6.6988 8.6853 38.50
9.3465 -10.9549 6.9467 21.25
5.8442 -6.9203 8.6768 38.49
7.4437 -7.4476 5.4490 21.26
6.4029 -6.3956 8.6758 38.48
8.4790 -9.0809 6.1754 21.23
6.1685 -6.6400 8.6842 38.49
9.3339 -10.7239 6.8821 21.27
5.9277 -6.8644 8.6843 38.48
9.3221 -11.5162 6.5274 19.32
6.0742 -7.5847 8.6687 36.59
3.1432 -4.0251 8.6246 53.80
6.6550 -7.0063 8.6288 36.56
3.5665 -3.8099 8.8019 53.84
6.4304 -7.2918 8.6668 36.55
3.4275 -3.9603 8.8176 53.82
6.1461 -7.5075 8.6587 36.59
3.2827 -4.1013 8.8223 53.79
6.2993 -8.2893 8.6374 34.67
3.3667 -4.5311 8.8108 51.89
6.9592 -7.7210 8.6282 34.65
3.7257 -4.1994 8.7823 51.88
6.6777 -7.9736 8.6323 34.66
3.5825 -4.3630 8.8258 51.91
6.8588 -8.8095 8.6041 32.75
3.6671 -4.8167 8.8027 49.99
6.7781 -9.3931 8.3179 30.83
3.7386 -5.2953 8.7719 48.05
7.7768 -9.0717 8.5469 30.84
4.1747 -4.9499 8.7808 48.06
8.0647 -10.1130 8.5305 28.88
4.2671 -5.4548 8.7615 46.17
8.3545 -11.2570 8.5191 26.99
4.3716 -6.0149 8.7607 44.24
8.6144 -12.5155 8.4856 25.11
4.4428 -6.6011 8.7420 42.32
9.3615 -11.4593 7.6862 23.15
5.3352 -6.6155 8.7275 40.42
9.3213 -12.2795 7.3350 21.24
5.4416 -7.2729 8.6912 38.49
8.7689 -12.4690 6.6785 19.33
5.5460 -7.9913 8.6685 36.59
2.9358 -4.3640 8.8144 53.79
5.6529 -8.8027 8.6623 34.66
2.9957 -4.8112 8.8220 51.89
6.8037 -8.8482 8.6073 32.77
3.6290 -4.8253 8.7861 50.01
6.7091 -9.4105 8.3043 30.84
3.7147 -5.3289 8.7934 48.08
7.1983 -10.8632 8.5820 28.90
3.7748 -5.8526 8.7778 46.14
7.6601 -12.4800 8.2217 25.10
4.0973 -6.8503 8.7522 42.31
9.1680 -12.4813 7.9781 23.15
4.9669 -6.8795 8.7096 40.42
8.4735 -12.4588 7.1955 21.23
5.0593 -7.5674 8.6996 38.49
7.8172 -12.4457 5.9236 17.40
5.5148 -8.8929 8.6579 34.65
2.9073 -4.8574 8.8169 51.91
5.2648 -9.2194 7.7274 30.81
3.0868 -5.5716 8.6231 48.04
7.3853 -10.6715 8.5616 28.92
3.8889 -5.7619 8.7768 46.17
8.0184 -12.4890 8.3006 25.06
4.2249 -6.7379 8.7406 42.35
7.3714 -12.4418 6.9624 21.25
4.5925 -7.8984 8.7177 38.49
6.7743 -12.4162 5.7414 17.38
4.8219 -9.0080 8.4799 34.65
2.6041 -5.0630 8.8324 51.87
5.8630 -9.0244 8.3409 32.77
3.2395 -5.1307 8.8058 50.00
6.7210 -11.1427 8.5595 28.87
3.5180 -6.0166 8.7828 46.17
6.9307 -12.4326 8.0079 25.04
3.8154 -7.0460 8.7644 42.27
6.3475 -12.4135 6.2022 19.29
4.3925 -8.7753 8.7070 36.57
2.2781 -4.7920 8.8389 53.78
5.7243 -9.3334 8.4576 32.76
3.0578 -5.1525 8.7084 50.00
6.4668 -11.3798 8.5974 28.87
3.3646 -6.1258 8.7966 46.16
6.5168 -12.4438 7.9163 25.04
3.6227 -7.1386 8.7512 42.27
5.9443 -12.4125 6.1353 19.28
4.1662 -8.9011 8.7118 36.56
2.1522 -4.8654 8.8486 53.77
5.3999 -9.3514 8.3565 32.76
2.9611 -5.3084 8.8049 49.99
6.1772 -11.5609 8.6033 28.86
3.2018 -6.2198 8.7966 46.16
6.1013 -12.4166 7.2510 23.13
3.6916 -7.7438 8.7423 40.35
5.5527 -12.3893 5.5569 17.38
4.0734 -9.3084 8.4236 34.63
2.1992 -5.2965 8.8577 51.85
5.8048 -10.6394 8.6245 30.82
3.0132 -5.7343 8.7431 48.06
6.2397 -12.4039 7.8381 25.03
3.5039 -7.1932 8.7582 42.32
5.6756 -12.3634 6.0817 19.30
4.0378 -8.9881 8.7270 36.55
2.0723 -4.8986 8.8498 53.80
5.0403 -12.1610 8.6149 28.83
2.5783 -6.5544 8.8165 46.12
6.4060 -12.4033 7.3068 23.13
3.8443 -7.6452 8.7411 40.40
5.8481 -12.3926 5.6044 17.40
4.2790 -9.2456 8.4455 34.63
2.2993 -5.2296 8.8434 51.88
2.9646 -7.1796 5.6525 28.88
2.6425 -6.5219 8.8041 46.09
4.7742 -12.3712 6.4585 21.17
3.2385 -8.6709 8.7694 38.43
6.0061 -12.3856 5.1120 15.48
3.0918 -6.6360 6.1050 32.74
2.5340 -5.5608 8.8195 49.97
5.4622 -12.4211 8.2569 26.95
2.9119 -6.9285 8.7853 44.19
4.9192 -12.3765 5.9715 19.27
3.4664 -8.9633 8.5330 36.53
1.8166 -5.0414 8.8735 53.75
4.3890 -12.3727 8.5819 28.81
2.2329 -6.7072 8.8248 46.10
5.6140 -12.4192 7.1564 23.12
3.4417 -7.8560 8.7442 40.38
5.0744 -12.3792 4.9902 15.43
4.2567 -10.5445 8.6787 32.66
2.1818 -5.7484 8.8400 49.95
4.5302 -12.3455 7.4795 25.02
2.6754 -7.6375 8.7925 42.22
4.0476 -12.3295 4.8701 15.41
3.5052 -10.9017 8.7119 32.63
1.7573 -5.9212 8.8394 49.90
5.2071 -12.4021 7.6291 25.04
2.9805 -7.3889 8.7008 42.27
4.6958 -12.3679 5.4430 17.37
3.6890 -9.9341 8.7080 34.60
1.8761 -5.4263 8.8492 51.85
4.1788 -12.3752 7.4318 25.01
2.4780 -7.7231 8.8003 42.21
3.6935 -12.3205 4.8334 15.40
3.2284 -11.0172 8.7225 32.62
1.6087 -6.0030 8.8735 49.88
4.8388 -12.4130 7.5584 25.01
2.8217 -7.5513 8.7804 42.27
4.3210 -12.3488 5.3829 17.32
3.4313 -10.0348 8.7102 34.60
1.7346 -5.4854 8.8488 51.82
3.8126 -12.3752 7.3631 24.96
2.2699 -7.7812 8.7946 42.23
3.3468 -12.2991 4.3337 13.47
3.1764 -11.9027 8.6834 30.73
1.5722 -6.4699 8.8499 47.93
4.4699 -12.4035 6.9477 23.07
2.8277 -8.1712 8.7768 40.34
3.9637 -12.3151 4.3891 13.50
3.7138 -11.7053 8.6724 30.75
1.8628 -6.3451 8.8276 47.99
3.4652 -12.3132 6.2678 21.17
2.3968 -8.9286 8.7278 38.38
3.0078 -12.2956 3.4136 9.64
2.9820 -12.3682 7.7748 26.84
1.6464 -7.4240 8.8111 44.12
4.0942 -12.3118 5.3501 17.33
3.2706 -10.0923 8.7086 34.59
1.6463 -5.5270 8.8577 51.81
3.5904 -12.3335 7.3153 24.97
2.1416 -7.8136 8.7902 42.24
3.1463 -12.3269 4.3294 13.48
2.9930 -11.9758 8.6931 30.72
1.4658 -6.5152 8.8652 47.92
2.6582 -12.3145 5.6868 19.20
2.0058 -9.7828 8.7555 36.44
0.9370 -5.3492 8.8935 53.67
3.7303 -12.3660 7.8929 26.88
2.0647 -7.3060 8.8145 44.13
3.2688 -12.3275 4.7940 15.37
2.8753 -11.1150 8.7223 32.64
1.4081 -6.0501 8.8596 49.88
2.7883 -12.3278 6.1957 21.13
1.8974 -8.9294 8.6170 38.35
2.3531 -12.2716 2.9346 7.66
2.3159 -12.3467 7.1618 24.93
1.3738 -8.0662 8.8226 42.17
3.3965 -12.3016 4.8036 15.40
2.9878 -11.0774 8.7189 32.63
1.4734 -6.0446 8.8666 49.85
2.9128 -12.3313 6.2055 21.12
1.9926 -8.9344 8.6364 38.34
2.4793 -12.2592 2.9428 7.69
2.4341 -12.3387 7.1604 24.90
1.4500 -8.0417 8.8132 42.16
2.0104 -12.2568 3.7934 11.50
1.9578 -12.3101 8.1683 28.73
0.9680 -7.0997 8.8448 45.99
3.0615 -12.3353 5.2508 17.29
2.4932 -10.4057 8.7459 34.55
1.2036 -5.6808 8.8709 51.77
2.5714 -12.3078 6.6644 23.04
1.6664 -8.5856 8.8091 40.26
2.1444 -12.2595 3.3619 9.58
2.0991 -12.3033 7.6331 26.80
1.1427 -7.5796 8.8401 44.07
1.6850 -12.2400 3.7743 11.48
1.6287 -12.2920 8.1231 28.71
0.7827 -7.1431 8.8533 45.97
2.7138 -12.2909 5.2066 17.27
2.2262 -10.4898 8.7527 34.53
1.0543 -5.7290 8.8807 51.75
2.2408 -12.3081 6.1297 21.09
1.5031 -8.9348 8.5424 38.30
1.8272 -12.2485 2.9135 7.64
1.7700 -12.3060 7.0814 24.88
1.0340 -8.1652 8.8438 42.13
1.3597 -12.1979 3.3221 9.55
1.3178 -12.3051 7.5563 26.75
0.6676 -7.6866 8.8596 44.03
2.3895 -12.2930 4.2586 13.40
2.3147 -12.2230 8.7265 30.67
1.0823 -6.6011 8.8641 47.94
1.9226 -12.2891 5.1411 17.21
1.5805 -10.6661 8.7693 34.49
0.6908 -5.8083 8.8791 51.71
1.4584 -12.2383 5.5630 19.12
0.9659 -9.0707 8.0730 36.34
0.4137 -5.4614 8.9089 53.63
1.0279 -12.3151 6.0409 21.01
0.6115 -8.9735 8.4535 38.24
2.0771 -12.2506 2.9230 7.65
2.0264 -12.2954 7.1005 24.89
1.1958 -8.1023 8.8176 42.15
1.6276 -12.2529 3.3417 9.57
1.5730 -12.3380 7.5986 26.78
0.8228 -7.6689 8.8590 44.01
1.1721 -12.2579 3.7580 11.45
1.1125 -12.2835 8.0712 28.68
0.4824 -7.2173 8.8809 45.93
0.7296 -12.2096 3.7305 11.42
0.6648 -12.2870 8.0413 28.65
0.2186 -7.2331 8.8652 45.90
1.7303 -12.2675 4.6676 15.30
1.5507 -11.5260 8.7721 32.55
0.6646 -6.2585 8.8864 49.76
1.2727 -12.2475 5.0884 17.17
1.0311 -10.7932 8.7891 34.45
0.3842 -5.8805 8.9045 51.67
0.8309 -12.2413 5.0695 17.16
0.6477 -10.8949 8.8106 34.38
0.1634 -5.9002 8.8921 51.63
0.4021 -12.2221 5.0435 17.12
0.2564 -10.9227 8.8130 34.38
-0.0507 -5.9412 8.9218 51.61
1.3967 -12.2940 5.5786 19.11
0.9024 -9.0117 8.0192 36.32
0.3839 -5.4761 8.9176 53.61
0.9445 -12.2874 6.0267 21.01
0.5565 -8.9860 8.4534 38.22
0.5623 -12.1435 2.0325 3.74
0.5078 -12.2467 5.9943 21.00
0.2437 -9.1885 8.5896 38.21
0.1300 -12.1947 2.0272 3.71
0.0729 -12.2452 5.9721 20.94
-0.0861 -9.2220 8.5970 38.17
1.1147 -12.1970 2.4647 5.69
1.0618 -12.2826 6.5113 22.91
0.6261 -8.8262 8.8443 40.17
0.6746 -12.1783 2.4496 5.65
0.6240 -12.2802 6.4975 22.92
0.3092 -8.8575 8.8388 40.14
0.2403 -12.1737 2.4395 5.62
0.1805 -12.2162 6.4498 22.88
-0.0132 -8.8691 8.8221 40.09
-0.1810 -12.1689 2.0199 3.69
-0.2412 -12.2526 5.9667 20.92
-0.3258 -9.2159 8.5837 38.15
0.8098 -12.2021 2.0320 3.72
0.7515 -12.2747 6.0044 20.97
0.4314 -9.1539 8.5725 38.21
0.3743 -12.1719 2.0227 3.69
0.3085 -12.2507 5.9832 20.96
0.0963 -9.2128 8.5948 38.18
-0.0569 -12.1856 2.0233 3.70
-0.1219 -12.2390 5.9700 20.95
-0.2345 -9.2033 8.5763 38.16
-0.4806 -12.1484 1.5974 1.73
-0.5518 -12.2401 5.4892 18.98
-0.5873 -10.2718 8.8633 36.22
-0.5178 -5.5644 8.9418 53.45
0.4382 -12.2415 5.5202 19.08
0.2585 -10.2127 8.8368 36.25
-0.0546 -5.5289 8.9144 53.52
0.0075 -12.2624 5.5022 19.00
-0.1094 -10.2268 8.8433 36.27
-0.2572 -5.5586 8.9332 53.47
-0.4261 -12.2152 5.0232 17.07
-0.4839 -11.0046 8.8395 34.31
-0.4648 -5.9650 8.9311 51.55
-0.8469 -12.2080 4.5698 15.12
-0.9137 -11.8466 8.8381 32.36
-0.6991 -6.3942 8.9282 49.59
0.1407 -12.2178 4.5894 15.20
0.0545 -11.7948 8.8217 32.44
-0.1680 -6.3657 8.8987 49.65
-0.2875 -12.2413 4.1436 13.25
-0.3615 -12.2430 8.5246 30.49
-0.3982 -6.8238 8.9002 47.73
-0.7117 -12.1898 3.6961 11.31
-0.7896 -12.2335 7.9651 28.53
-0.6626 -7.3209 8.9148 45.79
-1.1426 -12.1937 3.2650 9.36
-1.2198 -12.2369 7.4338 26.55
-0.9591 -7.8179 8.9024 43.83
-0.1429 -11.9820 2.8245 7.50
-0.2135 -12.2490 6.9419 24.75
-0.3029 -8.3582 8.8854 41.99
-0.5692 -12.1773 2.4250 5.55
-0.6375 -12.2269 6.4376 22.83
-0.6147 -8.8682 8.8085 40.04
-0.9863 -12.1420 2.0050 3.62
-1.0608 -12.1796 5.9365 20.87
-0.9526 -9.2043 8.5739 38.08
-1.4052 -12.1204 1.1692 -0.26
-1.4759 -12.1820 5.0057 16.97
-1.4546 -11.0440 8.8822 34.23
-0.9991 -5.9585 8.9433 51.45
-0.4846 -12.2048 4.5726 15.15
-0.5553 -11.8360 8.8316 32.39
-0.5052 -6.4025 8.9304 49.60
-0.9128 -12.2212 4.1307 13.20
-0.9939 -12.2615 8.5316 30.44
-0.7587 -6.8399 8.9193 47.68
-1.3351 -12.1708 3.6875 11.26
-1.4198 -12.2122 7.9606 28.48
-1.0472 -7.3102 8.9183 45.73
-1.7263 -11.9647 2.8010 7.36
-1.8405 -12.2363 6.9475 24.63
-1.4323 -8.3543 8.9139 41.86
-0.7557 -12.1592 2.4186 5.53
-0.8339 -12.2307 6.4261 22.76
-0.7580 -8.8549 8.7988 40.02
-1.1756 -12.1388 1.9940 3.57
-1.2624 -12.2183 5.9477 20.84
-1.1003 -9.1897 8.5628 38.05
-1.5929 -12.1404 1.1658 -0.28
-1.6771 -12.1669 5.0062 16.96
-1.6341 -11.0640 8.8934 34.17
-1.0920 -5.9047 8.8829 51.43
-2.0898 -12.1482 4.1153 13.09
-2.1947 -12.2057 8.5429 30.34
-1.4430 -6.8273 8.9532 47.54
-1.0914 -12.1923 3.6924 11.28
-1.1764 -12.2294 7.9766 28.54
-0.9009 -7.3360 8.9377 45.76
-1.4920 -11.9753 2.8053 7.38
-1.5952 -12.2199 6.9266 24.62
-1.2437 -8.1578 8.7255 41.89
-1.9198 -12.1216 1.9910 3.54
-2.0130 -12.2221 5.9677 20.79
-1.6334 -8.9036 8.3749 38.00
-2.3441 -12.1117 1.1499 -0.35
-2.4199 -12.1338 5.0086 16.88
-2.3203 -11.0060 8.9138 34.14
-1.4757 -5.9255 8.9684 51.37
-1.4162 -12.1774 4.1214 13.16
-1.5113 -12.2527 8.5321 30.38
-1.0524 -6.8441 8.9326 47.61
-1.8244 -12.1583 3.2566 9.30
-1.9265 -12.2329 7.4543 26.50
-1.4224 -7.8340 8.9418 43.74
-2.2488 -12.1142 2.4008 5.40
-2.3424 -12.1966 6.4528 22.67
-1.8659 -8.8247 8.8357 39.87
-2.6632 -12.0952 1.5597 1.53
-2.7627 -12.1634 5.4971 18.78
-2.4675 -10.2227 8.9315 36.02
-1.5516 -5.4822 8.9527 53.25
-1.7358 -12.1715 4.5606 15.05
-1.7901 -11.8916 8.8908 32.28
-1.1621 -6.2323 8.7648 49.49
-2.1618 -12.1591 3.6789 11.15
-2.2568 -12.2251 8.0024 28.41
-1.5502 -7.2900 8.9447 45.65
-2.5419 -11.9743 2.8055 7.30
-2.6816 -12.1930 6.9566 24.51
-2.0153 -8.3304 8.9538 41.77
-2.9989 -12.1069 1.9790 3.43
-3.0929 -12.1598 5.9863 20.66
-2.4831 -9.0737 8.6031 37.89
-1.9758 -12.1141 1.1620 -0.30
-2.0593 -12.1671 5.0116 16.92
-1.9867 -11.0367 8.9095 34.18
-1.2904 -5.9376 8.9505 51.39
-2.4849 -12.1567 4.1243 13.05
-2.5901 -12.2283 8.5816 30.30
-1.6649 -6.8016 8.9667 47.53
-2.9003 -12.1121 3.2524 9.18
-3.0156 -12.2208 7.5122 26.40
-2.1174 -7.7578 8.9706 43.67
-3.3375 -12.1121 2.3972 5.30
-3.4417 -12.1736 6.5013 22.53
-2.6779 -8.8249 8.9502 39.76
-2.2999 -12.1285 1.5634 1.55
-2.3922 -12.1677 5.4813 18.81
-2.1549 -10.2945 8.9364 36.01
-1.3878 -5.5269 8.9804 53.30
-2.8189 -12.1665 4.5766 14.92
-1.8218 -7.0019 5.8280 32.18
-1.6685 -5.9026 8.9788 51.33
-3.2485 -12.1299 4.1409 13.00
-3.3728 -12.1981 8.6411 30.23
-2.0997 -6.7336 8.9716 47.43
-3.6947 -12.1276 3.2704 9.12
-3.7965 -12.1486 7.5486 26.31
-2.6036 -7.6521 8.9699 43.59
-2.6386 -12.1400 2.4039 5.38
-2.7402 -12.1987 6.4635 22.59
-2.1584 -8.8300 8.8803 39.85
-3.0610 -12.1060 1.5595 1.52
-3.1572 -12.1518 5.5061 18.72
-1.8972 -6.4698 6.1721 35.99
-1.7419 -5.4856 8.9969 53.18
-3.5905 -12.1176 4.5902 14.84
-3.5744 -11.6857 8.9342 32.12
-2.1559 -6.2553 8.9873 49.33
-4.0194 -12.0795 3.7093 10.99
-4.1599 -12.1738 8.1571 28.22
-2.6633 -7.1174 8.9952 45.47
-2.9585 -12.0974 2.8204 7.25
-3.0762 -12.1936 6.9870 24.48
-1.8641 -6.5115 7.3303 41.74
-3.3924 -12.1045 1.9678 3.36
-3.4998 -12.1361 6.0048 20.63
-2.7931 -9.0756 8.6486 37.84
-3.8205 -12.0635 1.1164 -0.49
-3.9419 -12.1361 5.0817 16.75
-3.6540 -10.8306 8.9656 33.98
-2.2046 -5.7984 8.9959 51.21
-4.3678 -12.0807 4.1699 12.87
-4.5113 -12.1528 8.7694 30.12
-2.7028 -6.6096 9.0042 47.32
-3.3043 -12.1036 3.2560 9.14
-3.4124 -12.1685 7.5229 26.36
-2.3658 -7.6923 8.9489 43.60
-3.7330 -12.0868 2.3960 5.26
-3.8535 -12.1835 6.5504 22.53
-2.9647 -8.7752 8.9698 39.74
-4.1834 -12.0951 1.5378 1.39
-4.2860 -12.1077 5.5690 18.62
-3.3496 -8.9755 8.1752 35.84
-2.2373 -5.3621 9.0062 53.10
-4.7281 -12.0884 4.6542 14.76
-4.6410 -11.5227 9.0048 31.99
-2.7184 -6.1088 9.0038 49.22
-3.6342 -12.0987 3.7024 11.04
-3.7651 -12.1917 8.1287 28.30
-2.4394 -7.1543 8.9747 45.51
-4.0773 -12.0855 2.8298 7.14
-4.1909 -12.1244 7.0602 24.37
-3.0184 -8.1274 8.9714 41.64
-4.5216 -12.0782 1.9681 3.28
-4.6358 -12.1117 6.0971 20.53
-3.6709 -9.0875 8.8365 37.74
-4.9720 -12.0353 1.0869 -0.61
-5.0892 -12.0933 5.1497 16.62
-4.6214 -10.5951 9.0015 33.88
-2.7279 -5.6537 9.0219 51.10
-3.9865 -12.1079 4.1624 12.92
-4.1224 -12.1854 8.7224 30.13
-2.4989 -6.6647 9.0020 47.36
-4.4231 -12.0958 3.2832 9.05
-4.5600 -12.1528 7.6466 26.25
-3.0647 -7.5677 9.0011 43.48
-4.8871 -12.0786 2.4020 5.14
-5.0108 -12.1295 6.6489 22.41
-3.7607 -8.6033 9.0148 39.61
-5.3396 -12.0515 1.5181 1.27
-5.4739 -12.1059 5.6817 18.52
-4.6057 -9.7756 9.0156 35.75
-2.7163 -5.2055 9.0165 52.98
-4.3293 -12.0932 4.6303 14.79
-4.2857 -11.6261 9.0029 32.03
-2.5338 -6.1778 9.0102 49.24
-4.8001 -12.1110 3.7384 10.89
-4.9232 -12.1460 8.2543 28.15
-3.0782 -6.9934 8.9960 45.39
-5.2314 -12.0466 2.8497 7.04
-5.3929 -12.1329 7.2132 24.24
-3.7585 -7.9525 9.0205 41.50
-5.7075 -12.0282 1.9624 3.16
-5.8590 -12.1250 6.2348 20.39
-4.4605 -8.7854 8.8217 37.62
-4.5704 -12.0483 1.1018 -0.55
-4.6836 -12.0903 5.1183 16.67
-4.2910 -10.6834 8.9911 33.92
-2.5550 -5.7249 9.0335 51.13
-5.1308 -12.0353 4.2022 12.79
-5.2943 -12.1453 8.8984 30.03
-3.0993 -6.5007 9.0365 47.27
-5.5987 -12.0267 3.3089 8.91
-5.7531 -12.1066 7.8053 26.13
-3.7412 -7.3568 9.0328 43.39
-6.1050 -12.0519 2.4135 5.02
-6.2401 -12.0902 6.7926 22.25
-4.5273 -8.3308 9.0316 39.48
-4.9287 -12.0542 1.5217 1.30
-5.0546 -12.0948 5.6412 18.58
-4.2986 -9.8854 9.0022 35.75
-2.5503 -5.2524 9.0010 53.03
-5.5162 -12.0663 4.6999 14.66
-5.3223 -11.3281 9.0290 31.92
-3.0884 -5.9978 9.0329 49.15
-5.9919 -12.0454 3.7950 10.81
-6.1575 -12.1254 8.4685 28.04
-3.7132 -6.7832 9.0261 45.27
-6.4947 -12.0099 3.3479 8.84
-6.6741 -12.1128 7.9759 26.03
-4.2131 -7.1732 9.0516 43.31
-5.3011 -12.0404 2.4117 5.14
-5.4470 -12.1118 6.6929 22.35
-4.0398 -8.5087 9.0221 39.58
-5.7706 -12.0147 1.5170 1.25
-5.9181 -12.0929 5.7198 18.45
-4.9225 -9.6748 9.0329 35.72
-2.8967 -5.1518 9.0327 52.91
-6.4063 -12.0583 4.7707 14.56
-6.0521 -11.0992 9.0613 31.81
-3.4677 -5.8424 9.0345 49.04
-6.8951 -11.9956 4.3191 12.62
-6.9301 -11.7871 9.0670 29.87
-3.9219 -6.1782 9.0613 47.06
-5.7023 -12.0552 3.3167 8.90
-5.8574 -12.1406 7.8407 26.12
-3.7894 -7.3412 9.0292 43.36
-6.1801 -12.0356 2.4137 5.02
-6.3400 -12.1208 6.8310 22.29
-4.5921 -8.3404 9.0661 39.49
-6.6666 -11.9827 1.9606 3.07
-6.8244 -12.0423 6.3459 20.32
-5.1870 -8.7502 9.0230 37.52
-7.2199 -12.0114 1.4909 1.08
-7.3648 -12.0312 5.8921 18.33
-5.7784 -9.0733 8.8971 35.57
-3.4126 -4.9116 9.0515 52.79
-6.1112 -12.0664 4.7546 14.62
-5.8046 -11.1570 9.0385 31.85
-3.3546 -5.9091 9.0475 49.06
-6.6114 -12.0262 4.3036 12.65
-6.6838 -11.9036 9.0654 29.89
-3.7828 -6.2216 9.0453 47.12
-7.1427 -12.0203 3.8624 10.69
-7.3303 -12.0992 8.7083 27.92
-4.2758 -6.5788 9.0837 45.16
-7.6841 -11.9849 3.4061 8.73
-7.8849 -12.0806 8.2196 25.92
-4.7933 -6.9092 9.0813 43.19
-6.4115 -12.0396 2.4203 5.01
-6.5716 -12.1002 6.8467 22.22
-4.7238 -8.2678 9.0571 39.47
-6.9072 -11.9852 1.9524 3.01
-7.0819 -12.0515 6.3828 20.28
-5.3735 -8.7557 9.0854 37.48
-7.4675 -11.9925 1.4888 1.07
-7.6329 -12.0428 5.9303 18.30
-5.9311 -9.0209 8.9054 35.51
-3.5090 -4.8813 9.0775 52.77
-8.1831 -12.0270 5.4740 16.32
-6.8537 -9.7469 9.1061 33.58
-3.9140 -5.1331 9.0734 50.80
-6.8759 -12.0488 4.8217 14.55
-6.4155 -10.9474 9.0749 31.78
-3.6691 -5.7631 9.0627 49.03
-7.4122 -12.0284 4.3713 12.57
-7.3457 -11.6678 9.1097 29.81
-4.1168 -6.0607 9.0551 47.05
-7.9604 -12.0001 3.9192 10.62
-8.1641 -12.0776 8.9033 27.84
-4.6242 -6.3870 9.0864 45.09
-8.5456 -11.9816 3.4571 8.65
-8.7417 -12.0430 8.4080 25.84
-5.1643 -6.6999 9.0913 43.12
-7.1812 -11.9882 2.8981 6.83
-7.3748 -12.0749 7.5329 24.06
-4.8423 -7.5013 9.0464 41.31
-7.7401 -11.9808 2.4378 4.87
-7.9155 -12.0419 7.0732 22.14
-5.4689 -7.9245 9.0843 39.34
-8.2935 -11.9509 1.9651 2.92
-8.4954 -12.0322 6.6178 20.17
-6.1413 -8.3267 9.0874 37.37
-8.9173 -11.9479 1.9687 2.86
-9.1116 -12.0127 6.7187 20.09
-6.4760 -8.1747 9.1265 37.32
-7.5442 -11.9796 1.4831 1.04
-7.7349 -12.0607 5.9601 18.32
-6.0002 -9.0123 8.9198 35.49
-3.5353 -4.8622 9.0698 52.75
-8.2986 -12.0336 5.4893 16.31
-6.9460 -9.7629 9.1479 33.58
-3.9495 -5.1231 9.0851 50.79
-8.8941 -11.9925 5.5680 16.27
-6.7944 -8.8382 8.5674 33.51
-4.1394 -4.9938 9.0785 50.74
-9.5145 -11.9695 5.6507 16.21
-7.4452 -9.0438 8.9215 33.46
-4.3370 -4.8833 9.1029 50.68
-8.1069 -12.0309 4.9492 14.43
-7.2943 -10.5372 9.1025 31.66
-4.1298 -5.5202 9.0602 48.87
-8.6968 -12.0167 4.4918 12.46
-8.3016 -11.2165 9.1537 29.70
-4.6141 -5.8029 9.0894 46.93
-9.3042 -11.9762 4.5521 12.42
-8.7173 -10.9517 9.1563 29.65
-4.8402 -5.6647 9.0936 46.85
-9.9720 -11.9677 4.6192 12.35
-9.1537 -10.7158 9.1864 29.60
-5.0413 -5.5106 9.0851 46.79
-8.4750 -11.9776 3.9523 10.56
-8.7042 -12.0698 9.0383 27.78
-4.8295 -6.2539 9.0800 45.04
-9.1349 -12.0015 4.0051 10.48
-9.2974 -11.9953 9.1739 27.74
-5.0694 -6.1204 9.0977 44.98
-9.7523 -11.9502 4.0618 10.46
-9.7595 -11.7303 9.1925 27.68
-5.2960 -5.9572 9.0957 44.93
-10.4559 -11.9567 4.1264 10.40
-10.2367 -11.4625 9.2248 27.63
-5.5308 -5.8061 9.1171 44.88
-8.9306 -11.9833 3.9941 10.53
-9.1310 -12.0203 9.1510 27.79
-5.0001 -6.1506 9.0858 45.00
-9.5761 -11.9560 4.0363 10.44
-6.7825 -8.1529 6.7556 27.70
-5.2462 -6.0224 9.1183 44.94
-10.2510 -11.9487 4.1080 10.42
-10.0760 -11.5122 9.1955 27.64
-5.4799 -5.8652 9.1322 44.89
-10.5358 -11.4283 4.5856 12.27
-8.4755 -8.9097 8.1340 29.52
-5.3561 -5.3019 9.1177 46.71
-9.4143 -11.9789 4.5527 12.37
-8.7875 -10.9281 9.1665 29.64
-4.8694 -5.6388 9.0955 46.86
-10.0815 -11.9655 4.6249 12.31
-9.1974 -10.6312 9.1663 29.60
-5.0895 -5.5016 9.1164 46.81
-10.5069 -11.6192 4.6154 12.27
-9.6372 -10.4157 9.2030 29.50
-5.2972 -5.3433 9.1108 46.72
-10.4705 -10.7636 4.9915 14.17
-8.6866 -8.6748 8.6538 31.39
-5.1747 -4.8274 9.1262 48.60
-9.9321 -11.9873 5.1691 14.28
-8.4305 -9.8876 9.1411 31.50
-4.7284 -5.1608 9.0983 48.71
-10.5130 -11.8445 5.2141 14.21
-8.8466 -9.6829 9.1893 31.44
-4.9164 -5.0072 9.1015 48.70
-10.4598 -10.9323 5.5612 16.09
-8.5739 -8.7040 9.1888 33.31
-4.7944 -4.5076 9.0935 50.56
-10.4154 -10.1279 5.8910 17.93
-8.3115 -7.8194 9.1872 35.17
-4.6856 -4.0687 9.1226 52.39
-10.4568 -11.9615 6.3845 18.08
-7.5727 -8.3398 9.1449 35.32
-4.2975 -4.3628 9.0880 52.53
-10.4058 -11.0495 6.6877 19.91
-7.3948 -7.5403 9.1576 37.17
-10.5644 -10.6283 2.4085 4.54
-10.4123 -10.2873 7.0328 21.78
-7.1893 -6.7926 9.1500 39.02
-10.5490 -9.8613 2.8231 6.36
-9.4750 -8.6588 6.7921 23.64
-7.0055 -6.1320 9.1761 40.87
-10.5681 -11.6267 3.0120 6.52
-10.3669 -11.1889 7.8986 23.75
-6.4180 -6.5801 9.1284 40.99
-10.5285 -10.7657 3.4424 8.43
-10.3493 -10.3901 8.2065 25.61
-6.2738 -5.9563 9.1513 42.86
-10.5144 -9.9916 3.8283 10.25
-6.9014 -6.2793 6.0262 27.52
-6.1085 -5.3650 9.1547 44.72
-10.4871 -9.2652 4.2042 12.12
-9.9966 -8.6402 8.5725 29.31
-5.9295 -4.8061 9.1529 46.59
-10.4748 -10.8532 5.0090 14.17
-8.6167 -8.6633 8.6097 31.36
-5.1560 -4.8494 9.1351 48.62
-10.4471 -10.0711 5.3559 16.00
-8.7341 -8.1684 8.9897 33.24
-5.0176 -4.3575 9.1306 50.47
-10.4116 -9.3197 5.6985 17.89
-8.6308 -7.4917 9.1689 35.10
-4.8668 -3.9009 9.1240 52.31
-10.3643 -8.6063 6.5180 21.64
-7.8459 -6.2597 9.2004 38.85
-10.5421 -10.4688 2.8883 6.43
-10.3741 -10.1072 7.5286 23.67
-6.7933 -6.3069 9.1596 40.91
-10.3035 -9.5042 3.2531 8.30
-9.9545 -9.0057 7.5842 25.54
-6.6065 -5.6780 9.1701 42.78
-10.2640 -8.7947 3.6271 10.17
-10.2497 -8.6115 8.1084 27.44
-6.4075 -5.0906 9.1697 44.63
-10.4380 -8.3017 4.5033 13.95
-10.2435 -7.9747 9.0019 31.20
-5.8320 -4.2323 9.1768 48.41
-10.4476 -9.7619 5.2879 15.98
-9.1251 -8.2819 9.2161 33.21
-5.0781 -4.2796 9.1100 50.44
-10.1908 -8.8420 5.5298 17.85
-8.6979 -7.3192 9.1126 35.06
-4.9424 -3.8388 9.1396 52.29
-10.3569 -8.3314 6.4389 21.62
-7.9703 -6.1629 9.2202 38.83
-10.4741 -7.9554 3.0891 8.15
-10.3163 -7.6784 7.2597 25.39
-7.1924 -5.0918 9.1977 42.64
-10.4891 -9.3640 3.7284 10.18
-9.8797 -8.6235 7.9766 27.46
-6.2965 -5.1998 9.1637 44.65
-10.3435 -8.5626 4.5321 13.97
-10.2556 -8.3080 9.1349 31.20
-5.7111 -4.3112 9.1374 48.45
-10.4094 -7.9792 5.3697 17.72
-9.2848 -6.9226 9.2236 34.97
-5.1826 -3.5628 9.1386 52.23
-10.3494 -7.3421 6.1661 21.51
-8.3703 -5.7194 9.2301 38.74
-10.2972 -8.7615 2.7091 6.32
-10.3214 -8.6204 7.0396 23.59
-7.3083 -5.8384 9.1784 40.79
-10.4674 -8.2593 3.5787 10.11
-10.2931 -7.9604 7.8718 27.31
-6.6145 -4.8383 9.1588 44.60
-10.4277 -7.6194 4.3775 13.87
-10.2481 -7.3249 8.7352 31.11
-5.9944 -3.9973 9.1487 48.37
-10.3654 -6.9968 5.1516 17.64
-9.7709 -6.4247 9.2629 34.88
-5.2242 -3.1476 8.8373 52.10
-10.3462 -8.2237 6.4000 21.59
-7.9774 -6.1005 9.2004 38.86
-10.5095 -7.8907 3.0832 8.13
-10.2945 -7.5803 7.2163 25.37
-7.2208 -5.0615 9.1951 42.62
-10.4410 -7.2458 3.8828 11.95
-10.2791 -6.9845 8.0627 29.14
-6.5396 -4.1760 9.1846 46.36
-10.4148 -6.6736 4.6519 15.69
-10.2105 -6.3835 8.9078 32.91
-5.8849 -3.4107 9.1654 50.17
-10.3823 -7.8513 5.8217 19.65
-8.6350 -6.3095 9.1364 36.88
-10.4704 -7.4722 2.5940 6.14
-10.3031 -7.2033 6.6016 23.42
-7.8598 -5.2687 9.2076 40.64
-10.2458 -6.7414 3.3458 9.94
-10.2932 -6.6337 7.4416 27.23
-7.0988 -4.3398 9.2110 44.43
-10.4030 -6.3164 4.1592 13.74
-10.2276 -6.0680 8.2592 30.99
-6.3984 -3.5439 9.1958 48.19
-10.3778 -7.4578 5.2580 17.71
-9.5378 -6.6708 9.2507 34.95
-5.3114 -3.4221 9.1459 52.16
-10.3478 -6.8683 6.0426 21.46
-8.5639 -5.4809 9.2363 38.70
-10.4624 -6.5366 2.9324 7.99
-9.7972 -5.9740 6.5545 25.25
-7.6967 -4.4918 9.2160 42.46
-10.3936 -5.9588 4.1022 13.70
-10.2269 -5.7263 8.1410 30.94
-6.4937 -3.3930 9.1907 48.15
-10.3779 -7.0678 5.1747 17.67
-9.7680 -6.4805 9.2830 34.88
-5.4074 -3.3010 9.1434 52.11
-10.3425 -6.4958 5.9486 21.42
-8.6343 -5.2282 9.1531 38.64
-10.2288 -6.0156 3.2624 9.89
-10.2810 -5.9173 7.2159 27.15
-7.3450 -4.0114 9.2222 44.35
-10.3732 -5.5933 4.4552 15.56
-10.2172 -5.3667 8.5358 32.79
-6.0416 -2.9315 9.0032 50.05
-10.3479 -6.6577 5.5302 19.53
-9.2810 -5.7857 9.2671 36.76
-10.4787 -6.3424 2.5076 6.06
-10.2986 -6.0990 6.3006 23.29
-8.3074 -4.7226 9.2464 40.56
-10.4133 -5.7713 3.6719 11.79
-10.2414 -5.5466 7.5690 28.97
-6.9957 -3.5609 9.2048 46.19
-10.3540 -5.2379 4.8089 17.44
-10.1960 -5.0211 8.9508 34.68
-5.8768 -2.6488 9.1815 51.90
-10.3358 -6.2724 5.8907 21.38
-8.6263 -5.0451 9.0736 38.65
-10.2145 -5.7978 3.2338 9.85
-10.2627 -5.7030 7.1301 27.07
-7.3990 -3.8975 9.2132 44.35
-10.3705 -5.3802 4.4243 15.56
-10.2050 -5.1680 8.4655 32.78
-6.0043 -2.7978 8.8852 50.04
-10.3133 -4.8736 5.5771 21.23
-9.4278 -4.2983 9.2882 38.46
-10.2235 -5.9366 3.2474 9.85
-10.2602 -5.8284 7.1790 27.14
-7.3741 -3.9733 9.2222 44.33
-10.3642 -5.5155 4.4362 15.54
-10.2114 -5.2940 8.5139 32.81
-6.0774 -2.9073 9.0195 50.02
-10.2972 -4.9876 5.5969 21.25
-9.3895 -4.3876 9.2950 38.47
-10.4257 -4.6887 3.1474 9.72
-10.2601 -4.4989 6.8122 26.95
-7.8260 -3.2442 9.2441 44.17
-10.3871 -5.6584 4.4697 15.57
-10.2028 -5.4092 8.5453 32.81
-6.0492 -2.9666 9.0252 50.03
-10.3087 -5.1150 5.6242 21.26
-9.3243 -4.4672 9.2805 38.48
-10.3890 -4.7897 3.1508 9.72
-9.7373 -4.3617 6.5530 26.99
-6.8655 -2.8893 8.2564 44.19
-10.3335 -4.3050 4.2502 15.40
-10.1929 -4.1209 8.1242 32.63
-6.5226 -2.4287 9.2199 49.89
-10.3311 -5.2524 5.6587 21.26
-9.2685 -4.5502 9.2876 38.53
-10.3796 -4.9075 3.1600 9.73
-9.7331 -4.4765 6.5665 26.95
-6.7981 -2.9345 8.2267 44.23
-10.3221 -4.4094 4.2663 15.44
-10.1847 -4.2364 8.1578 32.67
-6.4748 -2.4767 9.1966 49.92
-10.2906 -3.9548 5.3952 21.11
-9.8189 -3.6357 9.3251 38.34
-10.4131 -5.0491 3.1823 9.76
-9.7244 -4.5828 6.6022 27.02
-7.7098 -3.4544 9.2389 44.21
-10.3580 -4.5539 4.2911 15.43
-10.1957 -4.3549 8.1986 32.68
-6.4454 -2.5350 9.1882 49.90
-8.8185 -3.4466 4.7994 21.13
-9.7542 -3.7148 9.3037 38.35
-10.3662 -3.7603 3.0520 9.60
-10.2515 -3.6143 6.6057 26.83
-8.1288 -2.6980 9.2834 44.05
-10.3510 -4.6705 4.3072 15.45
-10.2155 -4.4748 8.2449 32.69
-6.4242 -2.5991 9.1979 49.91
-8.8011 -3.5353 4.8070 21.14
-9.7423 -3.8193 9.3297 38.36
-10.3898 -3.8804 3.0645 9.61
-10.2331 -3.7127 6.6258 26.87
-7.9261 -2.7098 9.1082 44.07
-10.3605 -3.4390 4.1449 15.29
-9.3613 -2.9797 7.3353 32.52
-6.7373 -1.9710 9.2364 49.78
-10.2942 -4.2992 5.4559 21.14
-9.6629 -3.8944 9.3114 38.41
-8.9289 -3.3945 2.8058 9.61
-10.2484 -3.8339 6.6453 26.83
-7.7369 -2.7208 8.9528 44.12
-10.3358 -3.5333 4.1542 15.32
-9.1784 -3.0172 7.2407 32.55
-6.7030 -2.0261 9.2256 49.80
-10.2655 -3.0943 5.2469 20.99
-9.2778 -2.6636 8.6332 38.22
-8.8340 -3.4536 2.7998 9.64
-10.2529 -3.9447 6.6843 26.90
-7.8464 -2.8457 9.0888 44.09
-9.7473 -3.4302 3.9924 15.32
-10.2070 -3.4912 7.9640 32.56
-6.6970 -2.0934 9.2409 49.79
-10.2791 -3.2060 5.2701 21.02
-9.0918 -2.6974 8.5041 38.23
-10.1484 -2.8456 2.9452 9.48
-10.0003 -2.7091 6.3137 26.71
-8.3535 -2.1159 9.2852 43.94
-9.7949 -3.5401 4.3924 17.27
-10.1823 -3.5764 8.4783 34.48
-6.2412 -1.9839 9.2185 51.71
-10.2697 -3.2995 5.6883 22.93
-9.1740 -2.8088 9.1294 40.20
-8.8387 -2.5279 3.0357 11.44
-9.5329 -2.6570 6.4902 28.62
-7.7918 -2.0189 9.2551 45.84
-10.2868 -2.5757 4.4079 17.09
-10.1435 -2.4340 8.1748 34.33
-6.4613 -1.3682 9.2155 51.55
-10.2591 -3.4033 5.7098 22.98
-8.5604 -2.6943 8.6033 40.19
-8.8390 -2.6226 3.0351 11.40
-10.0069 -2.8920 6.7816 28.65
-7.7708 -2.0917 9.2674 45.88
-9.9872 -2.5935 4.3189 17.08
-10.1626 -2.5423 8.2083 34.34
-6.4526 -1.4299 9.2349 51.59
-10.2423 -2.2676 5.5266 22.80
-9.7145 -2.0296 9.3426 40.04
-8.8559 -2.7190 3.0513 11.44
-9.8498 -2.9572 6.7160 28.67
-7.7379 -2.1578 9.2601 45.90
-10.0893 -2.7315 4.3704 17.13
-10.1494 -2.6418 8.2193 34.34
-6.4249 -1.4832 9.2219 51.61
-10.2696 -2.3753 5.5426 22.77
-9.6763 -2.1165 9.3349 40.06
-8.8433 -1.7519 2.9723 11.29
-10.1755 -1.9589 6.7109 28.52
-8.0006 -1.3913 9.2882 45.76
-10.1111 -2.8371 4.3911 17.15
-9.8216 -2.6471 8.0110 34.37
-6.4057 -1.5426 9.2147 51.59
-10.2928 -2.4877 5.5740 22.82
-9.6467 -2.2086 9.3261 40.05
-8.8116 -1.8317 2.9667 11.27
-10.2017 -2.0669 6.7378 28.52
-7.9835 -1.4664 9.2776 45.73
-10.2741 -1.7823 4.3271 16.98
-10.1545 -1.6635 8.0404 34.23
-6.6010 -0.9150 9.2403 51.44
-10.2724 -2.5850 5.5864 22.87
-9.5936 -2.2917 9.3076 40.07
-8.8254 -1.9252 2.9760 11.28
-10.1981 -2.1550 6.7505 28.53
-7.9702 -1.5414 9.2919 45.77
-10.2636 -1.8791 4.3280 16.97
-10.1439 -1.7610 8.0461 34.23
-6.5948 -0.9772 9.2568 51.48
-10.2243 -1.4881 5.4310 22.69
-9.9119 -1.3320 9.3631 39.93
-8.8446 -2.0169 2.9857 11.29
-10.1978 -2.2685 6.7718 28.57
-7.9361 -1.6087 9.2781 45.79
-10.2858 -1.9907 4.3510 17.02
-10.1336 -1.8582 8.0534 34.23
-6.5696 -1.0326 9.2326 51.46
-10.2323 -1.5865 5.4500 22.74
-9.8722 -1.4205 9.3542 39.97
-9.2229 -1.1431 3.0018 11.14
-10.1868 -1.1990 6.6132 28.37
-8.1198 -0.8188 9.2849 45.66
-10.2860 -2.0878 4.3623 17.04
-10.1569 -1.9609 8.0890 34.26
-6.5612 -1.0945 9.2429 51.48
-10.2511 -1.6928 5.4599 22.71
-9.8346 -1.5122 9.3387 39.98
-9.5800 -1.2866 3.0873 11.21
-10.1936 -1.2992 6.6307 28.40
-8.1210 -0.8967 9.2870 45.62
-10.2605 -1.0140 4.2666 16.87
-10.1255 -0.9090 7.9188 34.12
-6.6964 -0.4496 9.2525 51.34
-10.2588 -1.7932 5.4814 22.76
-9.8312 -1.6075 9.3454 39.96
-9.2482 -1.3273 3.0168 11.17
-10.1735 -1.3824 6.6327 28.43
-8.1092 -0.9722 9.2972 45.66
-10.2742 -1.1121 4.2724 16.86
-10.1277 -1.0061 7.9292 34.12
-6.6871 -0.5114 9.2593 51.38
-10.2150 -0.7317 5.3659 22.59
-10.0543 -0.6179 9.3821 39.82
-8.9147 -1.3572 2.9544 11.18
-10.1982 -1.4963 6.6627 28.46
-8.0829 -1.0424 9.2860 45.68
-10.2621 -1.2147 4.2820 16.91
-10.1297 -1.1031 7.9396 34.13
-6.6638 -0.5684 9.2321 51.36
-10.2125 -0.8264 5.3771 22.63
-10.0076 -0.7083 9.3617 39.86
-9.7098 -0.4984 3.0660 11.04
-10.1587 -0.4509 6.5354 28.27
-8.2337 -0.2399 9.3209 45.55
-10.2710 -1.3102 4.2935 16.93
-10.1247 -1.1974 7.9502 34.15
-6.6645 -0.6314 9.2479 51.38
-10.2109 -0.9266 5.3750 22.60
-10.0211 -0.8072 9.3832 39.87
-9.7302 -0.5915 3.0830 11.11
-10.1504 -0.5477 6.5404 28.29
-8.2266 -0.3172 9.3085 45.52
-10.2400 -0.2611 4.2264 16.79
-10.1177 -0.1725 7.8476 33.99
-6.7514 0.0233 9.2588 51.24
-10.2436 -1.0268 5.3965 22.62
-9.9875 -0.8992 9.3584 39.86
-9.4392 -0.6609 3.0202 11.07
-10.1755 -0.6340 6.5633 28.32
-8.2188 -0.3935 9.3168 45.56
-10.2638 -0.3573 4.2296 16.76
-10.1154 -0.2679 7.8554 34.02
-6.7287 -0.0387 9.2430 51.28
-10.1974 0.0129 5.3224 22.49
-10.0210 0.1087 9.3007 39.72
-9.7134 -0.7761 3.0827 11.11
-10.1787 -0.7421 6.5746 28.34
-8.1939 -0.4656 9.3017 45.58
-10.2728 -0.4605 4.2430 16.81
-10.1042 -0.3625 7.8517 34.02
-6.7282 -0.0980 9.2387 51.25
-10.2086 -0.0813 5.3361 22.53
-6.5880 0.0631 6.4563 39.76
-9.6788 0.2091 3.0388 10.94
-10.1608 0.2859 6.5054 28.17
-8.2680 0.3486 9.3210 45.46
-10.2407 -0.5510 4.2396 16.83
-10.1221 -0.4570 7.8728 34.04
-6.7294 -0.1607 9.2491 51.27
-10.2292 -0.1813 5.3399 22.50
-6.5873 0.0005 6.4582 39.77
-9.6156 0.1187 3.0380 11.01
-10.1536 0.1891 6.5070 28.20
-8.2731 0.2710 9.3150 45.42
-8.7345 0.4337 3.7527 16.67
-10.1016 0.5583 7.8206 33.92
-6.7818 0.5005 9.2793 51.14
-10.1809 -0.2744 5.3314 22.55
-6.6080 -0.0613 6.4737 39.76
-9.6839 0.0243 3.0442 10.97
-10.1410 0.1053 6.5059 28.22
-8.2705 0.1941 9.3226 45.46
-10.2387 0.3894 4.2006 16.66
-10.1094 0.4632 7.8245 33.92
-6.7538 0.4363 9.2512 51.18
-10.1655 0.7519 5.2973 22.39
-10.0202 0.8312 9.2928 39.63
-9.6869 -0.0657 3.0465 10.98
-10.1455 -0.0013 6.5154 28.25
-8.2528 0.1202 9.3092 45.48
-10.2356 0.2874 4.2078 16.71
-10.1118 0.3683 7.8252 33.93
-6.7665 0.3774 9.2576 51.16
-10.1992 0.6597 5.3172 22.43
-10.0527 0.7394 9.3263 39.67
-9.6639 0.9138 3.0317 10.88
-10.1094 1.0193 6.4776 28.08
-8.2737 0.9405 9.3328 45.35
-10.2380 0.1954 4.2127 16.73
-10.1165 0.2753 7.8324 33.95
-6.7744 0.3148 9.2703 51.18
-8.6947 0.4982 4.6885 22.40
-10.0440 0.6418 9.3168 39.68
-9.6796 0.8238 3.0392 10.92
-10.1326 0.9241 6.4913 28.10
-7.7320 0.8230 9.3090 47.30
-9.5995 1.1689 4.3580 18.52
-10.0644 1.2974 8.2985 35.74
-10.2665 0.4141 2.8105 9.03
-8.6930 0.4346 5.3730 26.29
-8.8435 0.5226 9.3339 43.48
-10.2421 0.7786 3.8420 14.72
-10.1007 0.8469 7.3550 31.96
-7.2415 0.7237 9.2902 49.20
-8.7081 0.9951 4.3729 20.43
-6.5695 0.8347 6.0889 37.65
-10.2912 1.4624 2.8020 8.89
-10.1306 1.5056 6.0946 26.14
-8.8219 1.4051 9.3603 43.37
-10.2452 0.6819 3.8442 14.73
-10.0998 0.7567 7.3522 31.97
-7.2472 0.6551 9.2916 49.20
-8.7132 0.9149 4.3715 20.43
-6.5813 0.7739 6.0942 37.65
-10.2817 1.3649 2.8022 8.91
-10.1457 1.4155 6.1054 26.18
-8.8481 1.3238 9.3778 43.38
-10.2326 1.7287 3.8465 14.61
-10.0853 1.7784 7.3843 31.84
-7.1865 1.3662 9.2971 49.11
-8.7189 0.8332 4.3716 20.43
-6.5702 0.7113 6.0902 37.71
-10.2879 1.2672 2.8021 8.91
-10.1422 1.3156 6.0874 26.14
-8.8087 1.2359 9.3414 43.42
-10.2085 1.6330 3.8421 14.64
-10.0908 1.6786 7.3844 31.87
-7.1948 1.3024 9.2998 49.13
-8.6950 1.7176 4.3887 20.33
-10.0439 2.0479 8.8570 37.56
-10.2814 1.1677 2.8042 8.94
-10.1677 1.2251 6.1084 26.20
-8.8283 1.1572 9.3424 43.39
-10.2365 1.5310 3.8438 14.63
-10.0608 1.5794 7.3586 31.88
-10.2713 1.8655 2.4570 6.94
-10.1441 1.9058 5.7148 24.18
-9.4091 1.8501 9.4014 41.43
-8.7335 1.9208 3.1625 12.67
-9.5850 2.1597 6.6866 29.90
-7.6420 1.8118 9.3269 47.11
-9.6276 1.3708 4.3713 18.49
-6.5481 1.0232 6.0864 37.62
-10.2577 1.7723 2.8018 8.88
-10.1259 1.8131 6.1047 26.09
-8.7740 1.6623 9.3421 43.33
-10.2232 2.1404 3.8557 14.57
-10.0983 2.1819 7.4345 31.82
-7.1406 1.6396 9.2888 49.05
-8.6803 2.1543 4.4093 20.28
-10.0189 2.5450 8.9080 37.51
-10.2680 1.6710 2.7989 8.87
-10.1219 1.7232 6.0994 26.11
-8.8159 1.5894 9.3783 43.36
-10.2180 2.0392 3.8512 14.58
-10.0687 2.0815 7.4054 31.83
-7.1405 1.5724 9.2775 49.06
-8.6875 2.0706 4.4055 20.29
-10.0360 2.4555 8.9135 37.55
-10.2342 2.7493 2.8073 8.76
-10.1105 2.7819 6.1799 26.01
-8.4601 2.4050 9.1799 43.22
-10.1915 1.9384 3.8359 14.56
-10.0822 1.9827 7.4056 31.84
-7.1661 1.5112 9.2891 49.05
-8.6738 1.9812 4.3956 20.30
-10.0180 2.3483 8.8795 37.54
-10.2427 2.6477 2.8072 8.77
-10.1198 2.6752 6.1748 26.02
-8.4747 2.3231 9.1836 43.26
-10.1925 3.0222 3.8833 14.47
-9.7369 2.9542 7.3114 31.73
-7.0365 2.2128 9.3106 48.94
-8.6906 1.8998 4.3931 20.29
-10.0353 2.2552 8.8783 37.54
-10.2498 2.5490 2.8100 8.80
-10.1077 2.5731 6.1497 25.99
-8.4917 2.2454 9.1854 43.28
-10.1888 2.9173 3.8796 14.49
-10.0794 2.9493 7.5218 31.76
-7.0469 2.1473 9.3109 48.98
-8.6658 2.8249 4.4602 20.22
-8.7686 2.9155 8.0481 37.45
-10.2560 2.4445 2.8052 8.79
-10.1008 2.4797 6.1426 26.02
-8.4901 2.1651 9.1652 43.28
-10.1913 2.8146 3.8749 14.50
-10.0687 2.8485 7.4964 31.75
-7.0640 2.0835 9.3114 48.99
-8.6492 2.7310 4.4424 20.21
-9.5606 3.0812 8.6696 37.47
-10.1972 3.5511 2.8305 8.72
-10.1057 3.5810 6.2688 25.90
-8.3084 3.0128 9.2024 43.17
-10.1792 2.7125 3.8611 14.48
-10.0596 2.7412 7.4719 31.75
-7.0911 2.0231 9.3191 48.97
-8.6745 2.6492 4.4480 20.24
-9.5000 2.9608 8.5977 37.47
-9.9891 3.3737 2.7879 8.70
-9.7914 3.3608 6.1011 25.95
-8.1970 2.8860 9.0673 43.19
-10.1747 3.8382 3.9319 14.40
-10.0495 3.8542 7.6560 31.66
-6.8775 2.7044 9.3041 48.88
-8.6511 2.5544 4.4280 20.23
-9.6893 2.9213 8.7225 37.45
-10.0292 3.2844 2.7899 8.70
-9.8897 3.2931 6.1335 25.94
-8.3071 2.8401 9.1488 43.18
-10.1720 3.7285 3.9260 14.42
-10.0305 3.7355 7.6240 31.68
-6.9032 2.6437 9.3146 48.90
-10.1269 4.1224 5.1106 20.13
-9.9547 4.1142 9.2001 37.39
-10.0228 3.1746 2.7865 8.71
-9.9222 3.2098 6.1379 25.95
-8.4512 2.8057 9.2727 43.20
-10.1871 3.6256 3.9224 14.43
-9.1619 3.3225 7.0339 31.68
-6.9168 2.5783 9.3073 48.92
-10.1334 4.0151 5.1012 20.15
-9.9715 4.0187 9.1897 37.41
-10.1928 4.4035 2.8628 8.64
-10.0526 4.4024 6.8320 27.79
-6.7946 3.0327 8.3428 45.06
-9.4666 3.2855 4.4269 18.29
-9.1790 3.2427 7.9394 35.54
-10.2037 3.8852 2.4838 6.78
-10.1138 3.9091 5.9034 24.00
-7.8434 3.0954 8.3196 41.23
-9.9816 4.2127 3.5462 12.46
-10.0364 4.2923 7.2608 29.71
-7.1006 3.0969 9.1538 46.94
-9.1407 4.2334 4.4270 18.20
-9.9831 4.6845 8.8313 35.43
-10.2285 3.7889 2.4743 6.73
-10.0926 3.7962 5.8806 24.02
-8.3934 3.2208 8.8111 41.24
-9.9787 4.0972 3.5310 12.44
-10.0350 4.1764 7.2341 29.70
-7.1228 3.0287 9.1549 46.97
-9.3155 4.2155 4.4781 18.21
-9.9739 4.5674 8.7888 35.43
-10.2037 5.0030 2.5125 6.65
-10.0689 4.9860 6.0593 23.92
-8.4404 4.2390 9.1904 41.17
-9.9819 3.9946 3.5229 12.44
-10.0233 4.0666 7.2070 29.71
-7.1784 2.9744 9.1826 46.95
-9.1175 4.0214 4.3970 18.23
-9.9683 4.4556 8.7501 35.42
-10.2129 4.8845 2.5107 6.67
-10.0687 4.8722 6.4816 25.85
-8.1331 3.9938 9.3860 43.09
-8.5762 4.4821 3.6104 14.32
-9.9912 5.2785 7.9559 31.55
-6.5395 3.4972 9.3062 48.78
-10.1330 4.3631 5.1399 20.10
-9.9718 4.3571 9.2759 37.36
-9.6814 4.5332 3.1479 10.52
-10.0559 4.7603 6.9046 27.76
-7.6352 3.6703 9.3555 44.99
-8.6564 4.4283 3.9635 16.26
-9.9611 5.1502 8.4213 33.49
-6.0030 3.1479 9.1054 50.74
-10.0552 5.5933 5.7357 21.99
-9.0802 5.1050 9.4498 39.21
-9.6050 4.3877 3.1222 10.51
-10.0417 4.6374 6.8753 27.78
-7.6643 3.5979 9.3600 45.02
-10.1289 5.0594 4.4257 16.24
-9.9430 5.0278 8.9028 35.40
-10.2057 5.5058 2.5360 6.64
-10.0736 5.4866 6.1489 23.85
-8.4075 4.6304 9.3080 41.11
-8.5978 5.0322 3.3373 12.37
-9.9863 5.8970 7.6288 29.62
-6.8172 4.0584 9.3266 46.84
-10.1311 4.9493 4.8194 18.19
-9.9590 4.9181 8.8893 35.44
-10.1946 5.3752 2.5332 6.66
-10.0438 5.3469 6.1107 23.87
-8.4299 4.5397 9.3007 41.16
-8.7302 5.0012 3.3595 12.38
-10.0035 5.7835 7.6029 29.62
-6.8657 4.0061 9.3461 46.85
-8.6141 5.3302 4.4299 18.12
-9.9196 6.1975 9.2807 35.34
-8.6899 4.4807 2.3244 6.64
-8.5714 4.4626 5.3624 23.92
-8.4145 4.4310 9.2385 41.14
-8.7485 4.8992 3.3569 12.40
-9.9999 5.6516 7.5629 29.61
-6.8768 3.9279 9.3221 46.88
-8.6049 5.2206 4.4100 18.12
-9.9241 6.0722 9.2375 35.34
-10.1608 6.6222 2.5854 6.58
-10.0320 6.5792 6.3792 23.84
-8.1260 5.3695 9.4214 41.07
-8.6385 4.7364 3.3082 12.34
-9.9809 5.5232 7.5202 29.62
-6.9359 3.8775 9.3448 46.86
-8.6312 5.1239 4.4002 18.12
-9.9369 5.9563 9.2043 35.35
-10.1805 6.4940 2.5827 6.59
-10.0212 6.4395 6.3340 23.81
-8.1768 5.2933 9.4159 41.05
-10.0929 6.9473 3.8315 12.33
-9.9656 6.9010 7.9175 29.58
-6.5449 4.5462 9.3557 46.80
-8.6082 5.0050 4.3771 18.14
-9.9312 5.8257 9.1649 35.39
-10.1423 6.3341 2.5737 6.61
-10.0415 6.3181 6.3244 23.86
-8.2075 5.2039 9.4072 41.09
-10.1132 6.8220 3.8200 12.33
-9.9631 6.7639 7.8700 29.58
-6.5719 4.4799 9.3421 46.81
-10.0575 7.2930 5.1732 18.08
-9.6979 7.0764 9.4940 35.31
-10.1771 6.2280 2.5656 6.59
-10.0229 6.1797 6.2883 23.87
-8.2565 5.1282 9.4097 41.10
-8.6979 5.7366 3.4256 12.31
-9.9644 6.6230 7.8246 29.57
-6.5838 4.3995 9.3116 46.84
-10.0451 7.1492 5.1432 18.08
-9.7809 6.9982 9.5063 35.30
-10.1420 7.7248 2.6500 6.54
-9.4225 7.2044 6.3071 23.78
-7.7140 5.9249 9.4107 41.06
-8.5936 5.5574 3.3843 12.30
-9.9680 6.4968 7.7889 29.58
-6.6356 4.3463 9.3201 46.82
-8.5779 5.9716 4.5301 18.09
-9.8540 6.9158 9.5165 35.31
-10.1303 7.5597 2.6405 6.56
-8.7138 6.5281 6.3141 25.74
-7.2576 5.4626 9.3786 42.97
-10.0577 8.0700 4.4055 14.20
-9.8989 7.9820 8.8054 31.46
-5.7949 4.6587 9.3079 48.68
-10.0456 6.8724 5.5278 19.97
-9.2002 6.3340 9.4599 37.23
-10.1082 7.4059 3.0501 8.50
-8.8368 6.4952 6.3479 25.72
-7.3105 5.3999 9.3858 42.98
-10.0735 7.9268 4.3902 14.22
-9.9026 7.8258 8.7510 31.48
-5.8317 4.6034 9.3072 48.70
-10.0063 8.4516 5.8660 19.97
-8.3645 7.0753 9.2936 37.20
-10.1393 7.2767 3.0386 8.49
-8.7838 6.3403 6.2860 25.73
-7.3675 5.3425 9.3970 42.98
-10.0662 7.7673 4.3643 14.22
-9.8936 7.6744 8.6913 31.48
-5.8786 4.5561 9.3235 48.73
-9.9893 8.2767 5.8164 19.95
-8.3929 6.9732 9.2636 37.22
-9.5498 8.4493 3.0784 8.48
-9.9138 8.8083 7.9985 27.63
-6.3582 5.6323 9.3612 44.89
-9.2976 7.0352 4.5058 16.15
-9.9064 7.5333 9.2066 33.38
-5.5400 4.2105 9.3024 50.63
-9.9847 8.1149 6.2657 21.90
-8.0638 6.5733 9.4196 39.12
-8.6282 7.4805 3.2533 10.36
-9.9175 8.6389 7.9326 27.61
-6.4201 5.5823 9.3605 44.84
-8.5570 7.9578 4.5064 16.10
-9.4531 8.8221 9.5279 33.37
-5.0891 4.7095 9.2787 50.62
-9.9857 7.9676 6.2236 21.88
-8.1367 6.5074 9.4273 39.11
-8.6068 7.3190 3.2394 10.40
-9.9445 8.5052 7.9005 27.62
-6.4609 5.5139 9.3510 44.86
-8.5595 7.8032 4.4817 16.13
-9.5371 8.7376 9.5275 33.36
-5.1454 4.6738 9.2889 50.59
-9.9643 9.7533 6.6916 21.86
-7.4429 7.2718 9.4199 39.10
-8.6165 7.1874 3.2168 10.36
-9.9275 8.3270 7.8376 27.63
-6.5013 5.4455 9.3384 44.86
-8.5502 7.6433 4.4440 16.11
-9.6163 8.6414 9.5291 33.38
-5.1949 4.6350 9.3064 50.60
-9.6966 9.3068 6.4841 21.84
-7.5110 7.1970 9.4243 39.12
-10.0447 10.3109 3.7956 10.35
-9.8820 10.1634 8.4758 27.62
-5.9330 6.0527 9.3453 44.87
-8.5837 7.5323 4.4360 16.14
-9.7009 8.5507 9.5222 33.35
-5.2416 4.5906 9.3128 50.61
-9.7487 9.1806 6.4688 21.86
-7.5767 7.1333 9.4147 39.08
-10.0385 10.1125 3.7672 10.34
-8.8543 8.9119 7.6230 27.59
-5.9920 6.0011 9.3354 44.82
-9.9394 10.7371 5.3507 16.07
-8.2276 8.8596 8.9762 33.35
-4.7509 5.0521 9.2740 50.57
-9.6679 8.9401 6.3823 21.87
-7.6568 7.0754 9.4308 39.09
-8.5737 8.4499 3.3618 10.33
-9.8722 9.7750 8.3261 27.62
-6.0555 5.9540 9.3474 44.82
-9.9626 10.5471 5.8438 18.02
-8.2401 8.7029 9.4704 35.24
-10.0482 11.3882 2.9184 6.49
-9.8702 11.1935 7.6572 23.76
-6.4433 7.2540 9.3919 41.01
-10.0396 9.7381 4.1961 12.26
-9.2919 9.0228 8.3727 29.50
-5.7131 5.5052 9.3186 46.75
-9.9736 10.3542 5.7981 18.02
-8.2410 8.5449 9.3897 35.25
-10.0715 11.1888 2.9062 6.50
-9.9018 11.0188 7.5979 23.72
-6.5194 7.2024 9.3875 40.96
-9.9780 11.8907 4.5349 12.27
-9.6767 11.5310 9.5729 29.52
-5.1337 6.0146 9.3026 46.75
-9.9739 10.1645 5.7571 18.03
-8.3291 8.4740 9.4071 35.28
-10.0663 10.9675 2.8917 6.52
-9.9093 10.8147 7.5351 23.73
-6.5779 7.1302 9.3919 41.02
-10.0055 11.6953 4.5019 12.26
-9.8058 11.4676 9.5865 29.50
-5.2028 5.9886 9.3256 46.74
-9.8768 12.3800 6.8592 19.94
-6.9682 8.6608 9.4222 37.17
-9.4689 10.1149 3.2321 8.43
-9.8664 10.5818 8.0284 25.67
-6.2116 6.6056 9.3655 42.93
-8.7877 10.0475 4.5185 14.17
-9.1551 10.4904 9.5440 31.43
-4.9174 5.5462 9.2979 48.67
-9.8789 12.1427 6.7867 19.92
-7.0513 8.6077 9.4328 37.18
-9.4317 12.4301 2.9664 6.49
-9.8264 12.9552 8.2495 23.76
-5.5216 7.1654 9.3495 42.90
-9.0011 10.1068 4.5579 14.14
-8.0059 8.9686 8.3826 31.43
-4.9760 5.5136 9.3075 48.65
-9.8860 11.9136 6.7304 19.94
-7.1574 8.5668 9.4563 37.17
-10.0137 12.9424 3.0558 6.50
-9.8177 12.6919 8.1426 23.72
-5.9705 7.6213 9.3716 40.98
-9.9615 13.8410 4.2768 10.32
-9.5800 13.2904 9.6326 27.59
-5.0122 6.8127 9.3264 44.80
-9.9461 11.7580 5.5805 16.10
-8.2918 9.7622 9.4439 33.33
-4.5350 5.2476 9.2858 50.58
-9.8273 12.4514 7.4620 21.84
-6.0327 7.5520 9.3609 40.99
-9.9509 13.5528 4.2359 10.33
-8.9297 12.1247 9.5754 29.50
-4.7493 6.3115 9.3009 46.74
-8.4695 12.3755 5.4668 16.09
-7.2942 10.5844 9.4925 33.35
-3.9808 5.6272 9.2589 50.61
-9.8772 12.2839 7.4194 21.84
-6.5390 8.0518 9.3963 39.07
-8.5160 11.3314 3.2794 8.42
-9.7981 13.0626 8.9259 25.66
-5.1442 6.7282 9.3400 44.81
-9.9211 14.2324 5.5335 14.18
-7.3934 10.5193 9.4899 33.34
-4.0487 5.6125 9.2796 50.57
-9.6556 14.9124 7.5669 19.94
-5.9582 9.0502 9.2233 37.18
-10.0259 13.1167 3.0689 6.49
-9.8329 12.8607 8.2233 23.77
-5.9340 7.6530 9.3789 40.99
-9.9364 13.9717 4.3090 10.37
-9.4886 13.3140 9.6197 27.61
-4.9846 6.8479 9.3447 44.81
-9.8555 14.9140 5.6687 14.18
-7.1268 10.6773 9.4801 33.34
-3.9190 5.7078 9.2892 50.57
-9.1378 14.8936 7.4640 19.95
-5.7223 9.1608 9.2018 37.18
-9.9888 13.7646 3.1263 6.49
-9.7848 13.4727 8.4290 23.77
-5.7597 7.8044 9.3960 41.00
-8.4235 12.4451 3.9231 10.37
-9.1736 13.5578 9.6336 27.61
-4.8126 6.9495 9.3326 44.82
-9.5894 15.3193 5.7209 14.18
-7.3935 11.6982 9.5111 31.44
-4.0211 6.1838 9.2838 48.67
-9.7506 16.8213 7.4653 18.04
-5.3462 9.0217 8.4427 35.27
-8.5948 12.4501 2.4117 4.57
-9.7660 14.1698 8.6774 23.78
-5.5468 7.9008 9.3598 41.00
-9.7099 15.1974 4.4754 10.38
-8.8101 13.7271 9.6064 27.61
-4.6425 7.0532 9.3285 44.82
-9.8272 16.6163 6.0351 14.19
-7.1085 11.8735 9.5154 31.45
-3.8604 6.2503 9.2585 48.68
-9.7637 17.9192 7.0334 16.09
-6.2173 11.1933 9.4710 33.35
-3.4278 5.9485 9.2400 50.58
-9.7439 14.9132 7.5708 19.90
-5.9965 9.0330 9.2241 37.16
-9.9312 16.4368 3.3917 6.53
-9.1806 15.1376 8.8999 23.78
-5.0816 8.1909 9.3587 41.01
-9.8318 17.6356 4.8628 10.35
-7.9969 14.2012 9.6001 27.60
-4.2073 7.2498 9.2917 44.87
-9.3262 18.1569 5.6134 12.29
-6.8853 13.2215 9.5199 29.54
-3.7243 6.8900 9.2628 46.76
-9.8315 15.9135 6.5446 16.11
-6.8065 10.8654 9.4708 33.34
-3.7477 5.8021 9.2810 50.59
-9.7355 17.0310 8.2411 19.94
-5.5774 9.5493 9.4013 37.18
-9.5707 18.2274 2.8759 4.64
-9.5496 18.1179 9.3311 21.86
-4.7745 8.7896 9.1413 39.13
-8.7762 18.1991 3.5080 6.53
-8.4880 17.4921 9.6816 23.79
-4.3012 8.5729 9.3378 41.03
-9.8816 16.9400 4.7527 10.34
-8.1879 13.9210 9.5270 27.62
-4.3616 7.2068 9.3216 44.84
-9.7784 18.1633 5.6642 12.30
-7.1664 13.1420 9.5435 29.51
-3.8514 6.8268 9.2717 46.78
-8.9794 18.1319 6.2815 14.21
-6.1916 12.2821 9.4793 31.47
-3.4049 6.4908 9.2611 48.70
-8.2108 18.1235 6.9002 16.12
-5.3448 11.5101 9.4139 33.38
-2.9982 6.1619 9.2489 50.61
-9.7370 17.6619 7.7058 18.04
-5.8326 10.3602 9.4452 35.29
-9.2231 18.2309 2.1820 2.71
-9.1862 18.0880 8.5007 19.97
-5.0976 9.7744 9.3883 37.20
-8.4262 18.1656 2.8370 4.66
-8.4163 18.0486 9.1149 21.87
-4.3595 9.0304 9.1744 39.15
-7.6815 18.1602 3.4603 6.55
-7.5882 17.8058 9.6556 23.81
-3.8709 8.7287 9.3150 41.05
-9.4280 18.1819 4.2295 8.45
-7.9345 15.1959 9.3442 25.70
-4.2584 7.8965 9.3227 42.95
-8.6419 18.1544 4.8684 10.40
-7.0228 14.5747 9.5611 27.65
-3.7533 7.4964 9.3004 44.85
-7.8879 18.1269 5.4838 12.31
-6.0144 13.5922 9.5069 29.55
-3.2788 7.0776 9.2512 46.79
-7.1687 18.1368 5.4338 12.33
-5.5345 13.7359 9.4895 29.58
-3.0462 7.1773 9.2578 46.80
-8.8507 18.1356 6.2578 14.18
-6.1299 12.3245 9.4869 31.47
-3.3632 6.4980 9.2416 48.68
-8.0961 18.0973 6.8975 16.16
-5.3093 11.5947 9.4539 33.37
-2.9600 6.1589 9.2363 50.64
-7.3538 18.0490 7.5080 18.08
-4.5585 10.8444 9.3764 35.30
-6.6237 18.1361 1.5071 0.84
-6.6651 18.0614 7.4380 18.10
-4.1854 10.9711 9.3722 35.32
-8.3084 18.1930 2.1583 2.70
-8.2945 18.0575 8.3417 19.94
-4.7132 9.9611 9.3919 37.20
-7.5629 18.1849 2.8029 4.64
-7.5696 18.0517 8.9945 21.90
-3.8851 8.9035 8.9189 39.13
-6.8366 18.1380 2.7973 4.69
-6.8547 18.0402 8.8870 21.91
-3.6286 9.1264 9.0284 39.18
-6.1290 18.1423 2.7657 4.65
-6.1471 17.9978 8.7965 21.96
-3.4382 9.6051 9.3441 39.18
-7.7880 18.1829 3.4685 6.55
-7.6757 17.7948 9.6619 23.80
-3.9196 8.7317 9.3311 41.04
-7.0480 18.1591 3.4408 6.57
-7.0218 17.9549 9.6252 23.81
-3.5878 8.7566 9.2466 41.05
-6.3435 18.1627 3.4257 6.60
-6.3722 18.0375 9.5755 23.85
-3.2539 8.7508 9.1512 41.08
-5.6381 18.0989 3.3918 6.60
-5.6631 17.9647 9.4560 23.86
-2.9352 8.7486 9.0751 41.12
-7.2516 18.1511 3.4461 6.56
-7.1982 17.8764 9.6208 23.82
-3.6806 8.7479 9.2688 41.05
-6.5304 18.1362 3.4224 6.58
-6.5323 17.9858 9.5692 23.83
-3.3418 8.7388 9.1616 41.06
-5.8325 18.1199 3.4075 6.62
-5.8593 17.9679 9.4814 23.86
-3.0155 8.7368 9.0784 41.09
-5.1592 18.1242 3.3845 6.61
-5.1947 18.0029 9.4208 23.88
-2.6991 8.7236 9.0003 41.13
-6.7388 18.1520 3.4320 6.58
-6.7501 18.0256 9.6103 23.81
-3.4415 8.7536 9.2031 41.06
-6.0320 18.1418 3.4094 6.60
-6.0463 18.0062 9.5148 23.84
-3.1086 8.7447 9.1048 41.07
-5.3411 18.1113 3.3926 6.62
-5.3833 17.9885 9.4300 23.86
-2.7882 8.7462 9.0328 41.10
-4.6621 18.1334 2.7569 4.73
-4.7007 17.9841 8.6404 21.98
-2.7250 9.7657 9.3122 39.20
-6.2099 18.1119 2.7787 4.69
-6.2472 18.0081 9.5354 23.82
-3.2042 8.7530 9.1377 41.07
-5.5183 18.0688 3.3888 6.61
-5.5511 17.9733 9.4421 23.86
-2.8825 8.7628 9.0649 41.09
-4.8517 18.1206 2.7674 4.75
-4.9031 18.0390 8.6741 21.96
-2.8086 9.7242 9.3137 39.26
-4.1888 18.1242 2.1417 2.85
-4.2280 18.0093 7.9166 20.10
-1.7215 6.4479 6.1487 37.33
-5.7242 18.1648 2.1349 2.77
-5.7501 18.0485 8.0433 20.02
-3.4526 10.3533 9.3510 37.27
-5.0460 18.1530 2.1407 2.81
-5.0739 18.0154 7.9720 20.04
-3.0802 10.3764 9.3073 37.33
-4.3661 18.1366 1.5243 0.93
-4.4020 18.0026 7.2392 18.17
-2.9129 11.2612 9.3391 35.41
-3.6958 18.1331 0.9133 -0.98
-3.7482 18.0098 6.5282 16.25
-1.7308 7.3560 6.0861 33.49
-1.6116 6.5256 9.1959 50.77
-5.2500 18.0496 6.6205 16.20
-3.6415 12.0356 9.3873 33.47
-2.1103 6.4306 9.2070 50.69
-4.5837 18.0634 5.9255 14.31
-3.4512 13.0838 9.4074 31.58
-2.0036 6.9485 9.2291 48.80
-3.9049 17.9999 5.2276 12.39
-3.2137 14.2222 9.4075 29.66
-1.8646 7.4589 9.2202 46.93
-3.2723 18.0439 4.6063 10.56
-2.8507 15.0760 9.2056 27.79
-1.6984 8.0252 9.2325 45.03
-4.7551 18.0846 4.0038 8.55
-4.0324 14.9473 8.6027 25.80
-2.4503 8.4817 9.2733 43.09
-4.0838 18.0431 3.9988 8.62
-3.5006 14.9555 8.5679 25.86
-2.1622 8.5406 9.2589 43.07
-3.4397 18.0701 3.3639 6.70
-3.5071 17.9487 9.2566 23.94
-1.9043 8.7925 8.9128 41.17
-2.7837 18.0336 2.7400 4.79
-2.8522 17.9424 8.5081 22.06
-1.5133 8.2487 7.9208 39.27
-4.2608 18.0972 2.1430 2.86
-4.3063 17.9850 7.9067 20.08
-1.7456 6.4371 6.1424 37.32
-3.6038 18.0953 1.5242 0.94
-3.6424 17.9439 7.1777 18.20
-1.5877 6.8025 6.0403 35.40
-2.9496 18.1113 0.9233 -0.96
-3.0081 17.9847 6.5059 16.31
-1.5782 8.2687 6.6759 33.55
-1.3612 6.5469 9.1833 50.83
-2.3657 17.9795 5.2034 12.49
-2.0127 14.2945 9.3549 29.71
-1.2480 7.5202 9.1904 46.99
-3.8093 18.0329 4.6169 10.54
-3.2932 15.0927 9.2489 27.77
-1.9261 8.0081 9.2503 45.00
-3.1625 18.0759 3.9904 8.66
-3.0611 16.9127 9.4740 25.90
-1.7496 8.6275 9.2748 43.11
-2.5165 18.0279 3.3557 6.74
-2.6049 17.9764 9.2224 23.98
-1.4670 8.7809 8.8529 41.21
-1.8725 18.0491 2.1520 2.95
-1.9437 17.9597 7.8051 20.20
-1.3359 10.6243 9.2805 37.43
-3.3128 18.0952 1.5245 0.94
-3.3705 17.9840 7.1761 18.20
-1.4948 6.8570 6.0741 35.44
-2.6591 18.0966 0.9288 -0.94
-2.7318 17.9947 6.4892 16.29
-2.0159 12.2546 9.3334 33.55
-1.2680 6.5906 9.2130 50.81
-2.0777 17.9853 5.1908 12.47
-1.7926 14.2979 9.3515 29.73
-1.1393 7.5405 9.2032 47.01
-1.4456 18.0267 3.9620 8.68
-1.4590 16.8949 9.3954 25.95
-0.9568 8.6500 9.2320 43.20
-2.8801 18.0519 3.3553 6.71
-2.9514 17.9774 9.2346 23.96
-1.6436 8.8222 8.9045 41.19
-2.2249 18.0330 2.1451 2.92
-2.2987 17.9559 7.8022 20.15
-1.5360 10.6082 9.2890 37.44
-1.5749 18.0586 0.9467 -0.89
-1.6546 17.9712 6.4788 16.38
-1.2918 12.2354 9.2865 33.61
-0.8742 6.4210 8.9711 50.89
-1.0209 17.9933 5.2053 12.56
-0.9538 14.3046 9.3323 29.77
-0.7035 7.5482 9.1857 47.05
-2.4257 18.0258 3.9623 8.64
-2.3798 16.9750 9.4551 25.89
-1.4076 8.6253 9.2458 43.18
-1.7787 18.1090 2.7610 4.87
-1.8535 17.9046 8.4589 22.09
-1.1285 8.8986 8.4280 39.34
-1.1349 18.0687 1.5610 1.07
-1.2155 17.9361 7.1215 18.32
-0.9539 11.3712 9.2574 35.55
-0.4817 17.7456 0.3842 -2.74
-0.5802 17.9349 5.8366 14.53
-0.5829 13.2173 9.3121 31.74
-0.5125 7.0591 9.1708 48.98
-1.9793 18.0090 4.5898 10.62
-1.7490 14.8090 9.0072 27.85
-1.1443 8.0806 9.2234 45.08
-1.3245 17.8053 3.3295 6.78
-1.4186 17.8992 9.1538 24.03
-0.9069 8.7805 8.8143 41.26
-0.6827 18.0459 2.1681 3.01
-0.7797 17.9274 7.7883 20.25
-0.6568 10.6206 9.2624 37.49
-0.0419 18.0617 0.9752 -0.80
-0.1426 17.9483 6.4738 16.43
-0.2765 12.2351 9.2745 33.66
-0.3507 6.5951 9.1670 50.94
-1.5429 17.9878 5.2073 12.55
-1.3587 14.3159 9.3584 29.79
-0.9006 7.3761 9.0007 47.00
-0.8935 18.0171 3.9832 8.77
-0.9556 16.9029 9.4051 26.01
-0.6956 8.6336 9.2041 43.21
-0.2531 18.0338 2.7786 4.96
-0.3556 17.8899 8.4668 22.20
-0.3978 9.8559 9.2163 39.46
0.3964 18.0245 1.5841 1.15
0.2867 17.9017 7.1408 18.42
-0.0124 11.3501 9.2516 35.62
-0.9885 17.3791 0.3998 -2.74
-1.0934 17.9454 5.8229 14.47
-0.9690 13.2174 9.3171 31.73
-0.7118 7.0752 9.1934 48.96
-0.4562 17.9951 4.5991 10.70
-0.5195 14.9747 9.0835 27.92
-0.4829 8.0641 9.1876 45.17
0.1767 17.8270 3.3606 6.88
0.0651 17.8884 9.1709 24.12
-0.1837 8.9335 8.9563 41.35
0.8257 18.0159 2.1948 3.10
0.7210 17.9040 7.8140 20.33
0.2129 10.5005 9.2004 37.58
-0.5738 18.0681 0.9661 -0.83
-0.6671 17.9684 6.4707 16.40
-0.6255 12.2157 9.2654 33.67
-0.5389 6.5928 9.1543 50.88
-0.0269 17.9531 5.2184 12.64
-0.1699 14.2762 9.3252 29.83
-0.2991 7.5350 9.1800 47.13
0.6191 17.9444 3.9912 8.82
0.4460 16.7131 9.3320 26.05
0.0085 8.5896 9.1871 43.31
1.2706 17.9605 2.7970 5.02
1.1457 17.8444 8.4990 22.28
0.4051 9.7696 9.1849 39.53
-0.1312 18.0238 1.5609 1.07
-0.2294 17.9168 7.1215 18.36
-0.3365 11.3628 9.2518 35.59
0.5121 18.0362 0.3819 -2.70
0.4106 17.9451 5.8494 14.55
0.1318 13.1263 9.2800 31.81
-0.1405 7.0377 9.1591 49.03
1.0480 17.9684 4.6233 10.76
0.7052 14.6559 8.9614 28.01
0.1724 8.0040 9.1641 45.25
1.6771 17.7711 3.3889 6.95
1.5701 17.8494 9.2294 24.21
0.5256 8.7131 8.8269 41.46
0.3030 18.0416 2.1879 3.08
0.1983 17.8982 7.7892 20.29
-0.0835 10.5639 9.2273 37.53
0.9595 18.0268 0.9918 -0.75
0.8418 17.9171 6.4936 16.48
0.3854 12.1476 9.2527 33.74
-0.0041 6.5705 9.1613 51.00
1.4952 17.9287 5.2444 12.67
0.9979 14.0240 9.2493 29.93
0.3083 7.4626 9.1506 47.20
2.1353 17.9053 4.0313 8.90
1.6128 14.8145 8.4904 26.16
0.7023 8.4839 9.1659 43.41
0.7400 18.0060 2.7841 4.98
0.6333 17.8686 8.4725 22.22
0.1286 9.7992 9.1807 39.47
1.3844 17.9881 1.5997 1.19
1.2787 17.9326 7.1838 18.45
0.5991 11.2623 9.2229 35.65
2.0419 18.0188 0.4128 -2.58
1.9254 17.9111 5.9028 14.64
1.2062 12.9482 9.2448 31.89
0.4242 6.9527 9.1267 49.11
2.5735 17.8876 4.6797 10.88
1.9417 14.6439 9.0604 28.11
0.8165 7.8815 9.1337 45.35
1.1515 17.7397 3.3696 6.92
1.0516 17.8672 9.2014 24.17
0.2918 8.8639 8.9259 41.40
1.8234 17.9693 2.2141 3.15
1.6971 17.8345 7.8374 20.38
0.7774 10.4176 9.1949 37.66
2.4867 17.9736 1.0199 -0.66
2.3581 17.8834 6.5763 16.61
1.3692 11.9162 9.1960 33.85
0.5174 6.4681 9.1271 51.12
3.0133 17.8887 5.3284 12.81
2.1414 13.7835 9.2282 30.02
0.9084 7.3449 9.1309 47.29
1.6114 17.9537 4.0277 8.89
1.1848 14.8598 8.4736 26.11
0.4647 8.5016 9.1562 43.40
2.2709 17.9405 2.8310 5.10
2.1386 17.8640 8.5673 22.32
0.9252 9.6989 9.1813 39.57
2.9265 17.9370 1.6404 1.31
2.7936 17.8452 7.2570 18.56
1.5060 11.0345 9.1800 35.79
3.6105 17.9724 0.4339 -2.49
3.4520 17.8280 5.9954 14.78
2.2499 12.6299 9.1837 31.99
0.9845 6.8329 9.1169 49.22
2.0461 17.9017 4.6585 10.85
1.5244 14.6786 9.0361 28.07
0.5990 7.9357 9.1480 45.31
2.7075 17.9309 3.4477 7.02
2.5655 17.7949 9.2844 24.27
0.9991 8.6537 8.8346 41.49
3.3837 17.9143 2.2603 3.26
3.2412 17.8560 7.9661 20.47
1.6201 10.2215 9.1615 37.74
4.0655 17.9453 1.0526 -0.54
3.4706 15.9979 6.1090 16.69
2.3294 11.6391 9.1521 33.92
1.0354 6.3390 9.0985 51.19
2.4885 17.9450 5.3149 12.79
1.7544 13.8655 9.2417 30.03
0.7062 7.4026 9.1420 47.23
3.1594 17.9301 4.0998 9.01
2.6870 16.1420 9.2493 26.25
1.1530 8.3686 9.1337 43.45
3.8270 17.9099 2.8913 5.22
3.6663 17.7968 8.7028 22.46
1.5934 8.9395 8.6949 39.72
4.5352 17.9701 1.6801 1.41
4.3561 17.8184 7.4047 18.68
2.3917 10.7555 9.1405 35.88
3.0634 17.9962 0.4299 -2.51
2.9298 17.8683 5.9558 14.71
1.8882 12.7496 9.2091 31.97
0.7949 6.8869 9.1318 49.19
3.6026 17.8955 4.7438 10.96
2.7705 14.6393 9.1593 28.17
1.2318 7.7745 9.1165 45.41
4.2772 17.8891 3.5228 7.15
3.9793 17.2899 9.2339 24.38
1.7395 8.6551 8.9939 41.61
4.9720 17.9070 2.9332 5.27
4.7908 17.7903 8.8366 22.51
2.1301 8.8970 8.7699 39.72
3.5041 17.9685 1.6469 1.32
3.3540 17.8494 7.3022 18.58
1.8311 10.9541 9.1739 35.82
4.1762 17.9374 0.4366 -2.46
4.0211 17.8180 6.0274 14.79
2.6168 12.5095 9.1753 32.04
1.1768 6.7705 9.1008 49.26
4.7047 17.8367 5.4299 12.88
3.3153 13.3560 9.1812 30.16
1.5298 7.1614 9.1055 47.40
5.3780 17.8251 4.8599 11.07
4.0859 14.1916 9.1471 28.30
1.9248 7.5676 9.1174 45.54
3.9118 17.9204 3.5018 7.10
3.5590 16.9684 9.0355 24.35
1.5620 8.6389 8.9357 41.58
4.6068 17.9357 2.3015 3.34
4.4347 17.7958 8.0799 20.56
2.2525 10.0195 9.1469 37.85
5.2965 17.9257 1.7022 1.46
5.1242 17.8131 7.4867 18.72
2.8026 10.6076 9.1359 35.95
6.0071 17.9191 1.0912 -0.41
5.8106 17.7826 6.8667 16.82
3.3840 11.1075 9.0389 34.05
1.6213 6.1301 9.0727 51.32
4.3344 17.8756 5.4165 12.88
3.0699 13.4527 9.1901 30.13
1.3967 7.1957 9.0948 47.35
5.0094 17.8392 4.8341 11.05
3.8418 14.3665 9.1896 28.27
1.7832 7.6112 9.1122 45.51
5.7116 17.8652 4.2389 9.15
4.5438 14.8265 8.9002 26.41
2.2072 8.0330 9.1067 43.61
6.4250 17.8860 3.6475 7.27
5.7365 16.4601 9.1625 24.53
2.6692 8.4552 9.1059 41.78
4.8850 17.9203 2.9330 5.27
4.7101 17.7749 8.8103 22.48
2.0915 8.8980 8.7667 39.74
5.5656 17.8865 2.3367 3.40
5.3899 17.7863 8.2025 20.63
2.4086 8.8252 8.3045 37.91
6.2877 17.9081 1.7415 1.56
6.0973 17.7882 7.6001 18.76
3.3034 10.3991 9.1214 36.01
7.0067 17.8990 1.7551 1.58
6.7893 17.7652 7.7097 18.85
3.6389 10.2241 9.0988 36.05
5.4264 17.9413 1.0794 -0.45
5.2529 17.8322 6.8265 16.81
3.1090 11.3567 9.1404 34.04
1.4510 6.2065 9.0839 51.26
5.9347 17.7796 6.2086 14.92
3.7820 12.0211 9.1246 32.18
1.8062 6.5487 9.0831 49.39
6.6247 17.7555 6.2825 14.96
4.1736 11.8355 9.1096 32.21
2.0152 6.4513 9.0668 49.43
7.3302 17.7403 6.3826 15.05
4.5525 11.6115 9.0830 32.26
2.2257 6.3466 9.0588 49.49
5.7631 17.8166 5.5430 13.01
3.9991 13.0049 9.1311 30.25
1.9036 7.0221 9.0892 47.45
6.4554 17.7979 5.6115 13.06
4.4327 12.8343 9.1223 30.25
2.1252 6.9067 9.0737 47.55
7.1676 17.7666 5.6644 13.06
4.8374 12.5880 9.0951 30.32
2.3454 6.7990 9.0585 47.58
7.9031 17.8038 5.7716 13.14
5.2471 12.3718 9.0856 30.35
2.5679 6.6921 9.0567 47.63
6.2953 17.8457 4.9393 11.12
4.7119 13.9274 9.1404 28.36
2.2502 7.4296 9.1010 45.59
6.9770 17.7634 4.9966 11.19
5.1444 13.6575 9.1033 28.41
2.4810 7.2954 9.0691 45.65
7.6978 17.7713 5.0626 11.21
5.5904 13.4248 9.0983 28.46
2.7173 7.1787 9.0642 45.70
8.4288 17.7665 5.8301 13.18
5.5226 12.1729 9.0601 30.39
2.7164 6.5922 9.0341 47.66
6.7754 17.8297 5.6516 13.08
4.6182 12.7354 9.1282 30.32
2.2342 6.8885 9.0891 47.52
7.4838 17.7848 5.7247 13.14
5.0286 12.5131 9.1004 30.32
2.4543 6.7741 9.0878 47.62
7.3159 15.9231 5.9428 15.07
3.4699 8.1529 6.8231 32.32
2.4626 6.2341 9.0599 49.53
8.9156 17.6915 7.2965 17.03
4.9437 10.3799 9.0579 34.26
2.4473 5.7099 9.0328 51.53
7.2363 17.7620 7.0654 16.95
4.1479 10.8260 9.0810 34.18
2.0229 5.9658 9.0701 51.39
7.9586 17.7338 7.1518 16.96
4.5121 10.6566 9.0857 34.22
2.2061 5.8443 9.0395 51.47
8.6953 17.7287 8.0119 18.96
4.4627 9.7042 9.0375 36.19
9.6786 17.8058 3.2058 5.57
8.7000 16.4014 9.0480 22.83
4.1141 8.3378 9.0435 40.04
7.7980 17.6022 3.0642 5.46
7.4980 17.2994 9.1040 22.69
3.3899 8.5093 8.8798 39.95
8.6242 17.7859 3.8029 7.43
7.0144 14.9030 8.7891 24.67
3.3863 7.8057 8.8485 41.89
9.3975 17.7901 4.5616 9.41
7.0845 13.8798 9.0462 26.64
3.3652 7.1659 8.8416 43.89
9.9230 17.3914 5.9614 13.29
6.3679 11.6391 9.0512 30.50
3.1649 6.3111 9.0154 47.77
7.4296 15.9292 5.9626 15.09
5.0361 11.3236 9.0675 32.34
2.4953 6.2091 9.0566 49.56
9.0585 17.7311 7.3293 17.04
5.0006 10.3486 9.0649 34.29
2.4856 5.7157 9.0632 51.54
9.7912 17.6848 8.9595 20.92
4.4220 8.5686 8.8187 38.19
9.8096 16.1647 3.7425 7.57
8.5481 14.4428 9.0014 24.82
4.1517 7.5420 9.0148 42.07
8.9425 17.7810 4.5179 9.39
6.8513 14.0762 9.0689 26.61
3.2903 7.3570 8.9723 43.89
9.6424 17.6817 5.9844 13.28
3.5487 7.0865 5.8936 30.47
3.0625 6.4066 9.0502 47.76
9.9385 16.8885 7.2860 17.16
3.4518 6.4286 6.2337 34.39
2.7766 5.4882 9.0182 51.66
9.5135 15.1026 8.7989 22.95
4.6637 7.9086 8.9983 40.15
9.5210 17.7661 3.8766 7.49
7.5479 14.5135 8.7592 24.71
3.7634 7.7941 9.0186 41.99
9.9011 17.0844 5.2168 11.41
6.9574 12.4552 9.0245 28.63
3.3619 6.5466 8.8237 45.86
9.0374 14.5907 6.5498 17.20
5.7757 9.7613 9.0217 34.43
2.9047 5.4042 9.0073 51.65
9.6323 14.4881 8.6252 22.99
4.8426 7.7632 8.9893 40.19
9.8562 17.3655 4.5582 9.46
7.4695 13.5832 9.0233 26.68
3.6682 7.2126 9.0291 43.92
9.8799 16.1727 5.7345 13.36
6.6924 11.3865 9.0363 30.54
3.2997 6.1173 8.9232 47.84
9.4982 14.5296 7.2703 19.15
5.3006 8.5679 8.6759 36.38
9.7627 13.7323 4.0855 9.60
7.9608 11.5467 8.9573 28.78
4.0190 6.2791 8.9951 46.01
9.9054 16.5839 6.4967 15.24
3.4722 6.3702 5.8599 32.49
3.0446 5.8405 9.0131 49.71
9.3104 14.5933 7.8963 21.03
5.0689 8.4117 9.0114 38.31
9.7888 14.0442 4.1304 9.60
6.7034 10.0638 8.9844 32.58
3.3103 5.4289 8.7947 49.80
8.2211 11.3074 8.9498 28.81
4.1685 6.1671 9.0025 46.05
9.1237 14.5470 6.5502 17.19
5.8348 9.7376 9.0325 34.44
2.9422 5.4004 9.0275 51.65
9.7306 14.4617 8.6382 22.98
4.8797 7.7348 8.9954 40.22
9.8084 13.4048 5.2086 13.44
6.1915 8.8935 8.7248 34.55
3.2289 5.0706 8.9268 51.81
8.4765 11.0643 8.9438 28.85
4.2920 6.0217 8.9709 46.09
9.6255 14.5151 6.6484 17.25
6.0356 9.5272 8.9989 34.48
3.0578 5.2973 9.0066 51.69
8.0444 11.5257 8.9769 28.78
4.0563 6.2588 9.0021 46.02
10.9401 14.3101 8.9415 23.11
5.2840 7.3512 8.9725 40.36
9.7792 11.8778 5.5179 15.51
6.4051 8.1614 8.9682 36.54
9.7397 13.8023 3.5205 7.71
7.9366 11.6170 8.9811 28.78
4.0044 6.3137 9.0144 46.01
10.8085 14.4124 8.9278 23.07
5.2288 7.4304 8.9881 40.33
9.8060 12.1408 5.5652 15.47
6.3401 8.2402 8.9808 36.53
9.7402 11.2049 4.3178 11.70
6.5791 7.9699 8.9478 36.55
9.7730 13.1673 4.0235 9.64
7.5689 10.5607 8.9730 30.69
3.8306 5.7857 8.9809 47.97
10.1592 12.9447 8.9376 25.01
5.0261 6.8275 8.9803 42.23
9.8217 11.6242 6.5949 19.33
6.5129 8.0396 8.9579 36.56
9.7211 10.6422 4.2405 11.74
7.5262 8.5436 8.6243 32.80
4.0549 4.9715 8.9787 50.03
9.2024 12.0360 8.9539 26.92
4.6215 6.4772 9.0052 44.14
11.4298 13.7463 8.9057 23.15
5.5542 7.1078 8.9685 40.41
9.7752 10.9546 5.3362 15.55
7.2042 8.3883 8.9420 34.69
3.7116 4.7043 8.9822 51.95
7.8936 8.5073 8.7769 32.82
4.1640 4.8504 8.9656 50.04
8.6715 10.8453 8.9340 28.90
4.4105 5.9227 8.9782 46.13
10.6830 12.2897 8.8931 25.09
5.3216 6.5173 8.9588 42.31
12.1254 12.9257 8.8836 23.25
5.9175 6.6989 8.9338 40.48
9.7639 9.7366 5.6222 17.55
6.1336 6.4751 8.9412 40.53
9.7767 11.3982 5.4185 15.51
6.0643 7.4644 8.9494 38.54
9.7367 10.5891 5.2600 15.56
6.7735 7.7072 8.9214 36.62
9.6961 9.8253 4.6212 13.71
7.5460 7.9412 8.9054 34.78
3.9157 4.4790 8.9601 51.99
8.7560 8.4973 8.6355 31.03
4.3604 4.5899 8.9401 50.15
9.1473 10.3300 8.9176 28.97
4.6630 5.6471 8.9522 46.20
10.2515 10.7352 8.8789 27.11
5.2141 5.8244 8.9567 44.33
8.9881 8.7884 6.6977 23.33
6.2157 6.3582 8.9299 40.56
9.4263 8.5445 5.7898 19.55
7.4022 6.9602 8.9052 36.75
9.7102 10.2212 4.6924 13.72
7.4401 8.1353 8.9376 34.73
3.8370 4.5663 8.9650 51.97
8.2450 8.3559 8.8931 32.91
4.2960 4.7010 8.9741 50.14
9.4230 8.8093 8.4826 29.13
5.1235 5.1164 8.9295 46.32
9.7537 8.4828 7.9525 27.25
5.6665 5.2292 8.9226 44.48
12.3929 12.4410 8.8374 23.30
6.1026 6.4991 8.9367 40.53
9.4433 8.9031 5.8678 19.51
7.2802 7.1168 8.9141 36.74
9.6943 8.4798 4.8949 15.75
8.6731 7.7838 8.8760 32.99
4.5392 4.4013 8.9607 50.20
9.3280 7.7681 8.6479 31.15
5.0051 4.4756 8.9216 48.34
8.9557 8.7041 7.6998 27.18
5.4059 5.5702 8.9405 44.42
7.7518 7.0499 5.8068 23.36
6.4519 6.0841 8.9367 40.62
9.7142 8.1208 5.7887 19.62
7.0908 6.1881 8.8938 38.77
9.7101 7.5513 5.6782 19.67
6.7578 5.5311 8.8705 40.73
9.5448 8.7356 5.8665 19.55
7.3600 6.9681 8.8901 36.77
9.6823 8.2146 4.8550 15.79
8.1598 7.1491 8.8896 34.91
4.2569 4.0513 8.9489 52.15
8.3572 6.8191 8.8736 34.98
4.3797 3.8830 8.9447 52.19
7.3871 5.6883 8.8704 38.89
9.7105 8.4202 5.3696 17.70
8.1003 7.2350 8.8927 34.90
4.2249 4.1019 8.9545 52.13
8.9223 7.3779 8.8565 33.07
4.6946 4.1905 8.9666 50.30
7.8980 6.1620 8.8678 36.93
9.6773 6.7622 5.0777 17.83
7.0233 5.1720 8.8966 40.81
9.6914 8.0161 5.7617 19.63
7.0943 6.1206 8.8742 38.82
9.7156 7.4746 5.6633 19.67
6.3588 5.1800 8.9106 42.63
10.8113 7.7837 8.8015 29.33
5.6362 4.3506 8.8930 46.50
10.2163 6.8725 8.8119 31.28
5.3784 3.8982 8.9199 48.50
9.0221 7.2323 8.8528 33.08
4.7237 4.0929 8.9191 50.29
7.9491 6.0102 8.8430 36.96
9.6734 6.5405 5.0429 17.86
7.0778 5.0408 8.8801 40.84
12.0838 7.5933 8.7469 27.49
6.2736 4.2196 8.8856 44.72
9.8981 7.4710 8.8232 31.18
5.1685 4.2042 8.9116 48.46
8.6949 6.1809 8.8308 35.07
4.5850 3.5461 8.9309 52.31
8.2676 5.4889 8.8481 37.05
9.6547 5.7305 5.3531 19.88
8.4124 5.1712 8.8265 37.08
9.6915 6.8392 5.0953 17.83
6.9679 5.1805 8.8613 40.81
9.1488 6.0437 6.1017 23.64
6.6658 4.6291 8.8850 42.75
10.4137 6.3959 8.7877 31.37
5.4977 3.6441 8.8973 48.56
8.5157 4.9388 8.8200 37.12
9.6601 6.4614 5.0298 17.87
7.6161 5.3213 8.8725 38.95
12.1348 7.5318 8.7608 27.52
6.2837 4.1732 8.8729 44.73
9.7480 5.6563 7.7085 29.49
5.9647 3.6957 8.8644 46.69
9.2129 4.9817 8.7750 35.27
4.7408 2.8158 8.6735 52.55
8.2587 5.4135 8.8229 37.08
9.6536 5.6616 5.3404 19.88
8.4426 5.1204 8.8368 37.11
9.6344 5.2097 5.2639 19.90
6.9436 3.9802 8.8472 42.92
10.8362 5.4309 8.7764 31.49
5.0038 2.7596 7.9584 48.70
9.0197 5.5433 8.8221 35.19
4.7619 3.1965 8.9051 52.41
7.4105 4.3084 8.8478 41.02
11.5980 5.9102 8.7281 29.57
6.1308 3.3722 8.8744 46.75
9.2430 4.4057 8.6383 35.34
4.8851 2.5643 8.7096 52.60
7.3602 4.3814 8.8334 40.99
11.5970 6.0588 8.7523 29.53
6.0823 3.4265 8.8581 46.76
9.2702 4.5359 8.6933 35.34
4.7438 2.5640 8.5424 52.60
7.7026 3.5266 8.8109 41.12
11.4915 6.1526 8.7287 29.55
6.0508 3.4935 8.8656 46.78
9.2703 4.6489 8.7203 35.32
4.7207 2.6128 8.5405 52.59
7.6848 3.6087 8.8193 41.10
11.0722 4.5228 8.7247 31.60
5.6931 2.5523 8.6106 48.82
8.6708 4.4889 8.8046 37.25
9.6205 4.4027 5.1634 20.04
7.1471 3.4758 8.8330 43.00
10.2572 4.3367 8.7502 33.52
5.4922 2.5506 8.8900 50.70
8.3977 3.2931 8.7959 39.29
9.6423 4.5412 5.6013 21.92
6.6494 3.3573 8.8566 44.90
9.2620 4.0686 8.5709 35.40
5.0665 2.4528 8.8861 52.67
7.8099 3.1856 8.8033 41.18
12.0752 4.1881 8.6711 29.76
6.4091 2.4409 8.8310 47.00
9.2363 4.1647 8.5796 35.39
5.0470 2.5077 8.8825 52.63
6.3419 2.7219 7.8878 43.07
11.1791 4.0304 8.7068 31.68
5.9617 2.3645 8.8434 48.90
8.2695 2.7362 7.6221 35.54
5.2207 1.9109 8.8618 52.79
7.2319 3.1608 8.8174 43.09
11.1428 4.1465 8.7060 31.67
5.9465 2.4323 8.8529 48.90
7.8287 2.7071 7.7560 37.45
9.3960 2.7301 5.3198 22.19
8.1706 2.5014 8.4512 39.41
9.1107 3.5046 6.0808 25.91
6.6598 2.7418 8.6726 45.06
10.3936 3.5970 8.7004 33.63
5.5803 2.1408 8.8577 50.86
8.3432 2.6171 7.6573 35.57
5.2530 1.8307 8.8714 52.79
9.0328 2.4816 8.6242 37.55
9.6067 3.3789 5.4603 22.11
7.1820 2.7094 8.6394 43.14
9.0292 2.8688 6.3751 27.91
6.9288 2.3508 8.8195 45.13
8.7789 2.4576 6.6109 29.88
6.5259 1.9781 8.8282 47.08
9.1378 2.2551 8.6727 37.59
9.6330 3.1123 5.4396 22.12
7.7354 2.6565 8.6250 41.31
8.9517 2.5778 5.8950 26.01
7.4673 2.2828 8.8002 43.23
10.5943 2.6523 8.6956 33.74
5.6875 1.6176 8.8312 50.96
7.5448 1.7214 8.7826 43.35
9.4658 2.8417 7.0437 29.86
6.4768 2.1124 8.8189 47.09
9.4368 2.4907 7.9169 33.74
5.6838 1.6784 8.8491 50.97
7.5252 1.7991 8.7808 43.36
9.9686 1.8743 8.7191 35.73
3.2772 0.8059 6.0579 53.01
8.8893 2.4779 8.5082 37.52
9.5918 2.2054 5.3602 22.25
7.0199 1.7816 8.7992 45.27
9.1920 1.8575 8.6633 37.63
9.5552 1.4762 5.3194 22.37
6.6315 1.2040 8.8110 47.24
9.1539 2.2914 8.6824 37.56
9.5818 1.9443 5.3433 22.28
6.5748 1.5089 8.7929 47.18
8.6503 1.5430 8.7206 39.59
11.4871 1.4998 8.6422 32.00
6.1827 0.9755 8.7992 49.19
8.0571 1.8513 8.7581 41.44
10.6595 1.9173 8.6736 33.85
3.2853 0.7790 5.7384 51.08
7.5805 1.1910 8.7589 43.45
10.6793 1.1286 8.6451 33.93
3.2887 0.5201 5.7111 51.16
7.5526 1.5563 8.7640 43.37
9.9541 1.5497 8.6844 35.77
5.3637 1.0088 8.8441 53.04
7.5929 0.9888 8.7619 43.50
10.7141 0.8504 8.6637 33.97
3.2924 0.4277 5.7108 51.20
7.5879 1.3563 8.7755 43.40
9.9802 1.2882 8.6884 35.80
3.1603 0.5846 5.8664 53.05
8.0977 0.8130 8.7093 41.60
11.4636 0.5958 8.6062 32.08
6.1952 0.4744 8.7902 49.30
8.1053 1.2022 8.7356 41.55
7.7395 0.8091 5.9075 30.12
6.6476 0.7987 8.8017 47.34
9.1755 0.6327 8.5888 37.80
9.5397 0.2218 5.3106 22.54
7.0955 0.3064 8.7621 45.52
9.9744 1.1234 8.6826 35.84
3.1598 0.5301 5.8633 53.08
7.6061 0.6597 8.7510 43.51
10.6547 0.3996 8.6266 34.03
3.3046 0.2792 5.7182 51.21
8.1109 0.0886 8.7265 41.71
11.4757 0.9384 8.6158 32.04
6.2093 0.6702 8.8192 49.29
8.6683 0.4806 8.6985 39.77
7.7357 0.1061 5.5508 28.28
6.6404 0.1948 8.7798 47.41
9.6226 -0.2291 7.9459 34.08
3.2996 0.0580 5.7252 51.30
8.1334 0.5559 8.7334 41.63
11.4793 0.2280 8.6220 32.12
6.1884 0.2712 8.7941 49.37
9.9396 -0.1231 8.6689 35.99
3.1316 0.1044 5.8205 53.21
7.0345 -0.2584 8.7323 45.61
9.9840 0.3370 8.6851 35.94
3.1428 0.2615 5.8292 53.17
7.5916 0.0535 8.7447 43.60
9.6192 -0.3813 7.9587 34.12
3.2895 0.0019 5.7202 51.34
8.0582 -0.5532 8.7302 41.81
11.4329 0.0405 8.6010 32.14
6.1881 0.1689 8.8001 49.40
9.6709 -0.2723 8.4802 36.00
5.3659 -0.0156 8.8291 53.28
7.0313 -0.3737 8.7457 45.64
10.4938 -1.0918 8.6092 34.19
3.2543 -0.2165 5.7093 51.42
9.1562 -0.1478 8.6028 37.93
7.6673 -0.4170 5.5455 28.39
7.0464 -0.3026 8.7493 45.61
9.7969 -0.8946 8.6265 36.08
5.3361 -0.3622 8.8250 53.31
7.9689 -0.9739 8.7072 41.86
9.6343 -0.4324 7.9734 34.13
3.2759 -0.0165 5.7033 51.33
8.0351 -0.6000 8.7231 41.84
12.0655 -1.4864 8.5405 30.38
6.5447 -0.6876 8.7716 47.56
9.0640 -1.3843 8.6510 38.03
12.1954 -0.9271 8.5683 30.34
6.5695 -0.3710 8.7668 47.57
9.7993 -1.0551 8.6436 36.09
3.2867 -0.2335 6.0822 53.37
7.4134 -1.0137 8.7096 43.80
9.0182 -1.6223 8.6554 38.06
9.0683 -0.9164 5.9322 26.52
7.4760 -0.6677 8.7212 43.78
11.1783 -1.5383 8.5661 32.31
6.0731 -0.7207 8.7665 49.52
8.4110 -1.4135 8.6509 39.98
10.9986 -2.3385 8.5597 32.36
5.9721 -1.1681 8.7624 49.61
9.0734 -1.1047 8.6264 38.03
9.0156 -1.4871 5.9591 26.58
6.9055 -1.0383 8.7268 45.75
8.9530 -1.7682 8.6408 38.11
11.7350 -2.8363 8.5318 30.50
6.3503 -1.4392 8.7489 47.72
9.0538 -1.3461 8.6454 38.06
11.8816 -2.2934 8.5303 30.44
6.4241 -1.1307 8.7453 47.67
8.2971 -1.8517 8.6502 40.06
10.8234 -2.9011 8.5544 32.42
3.4019 -0.8289 5.7426 49.68
8.4173 -1.4677 8.6742 40.02
10.9877 -2.4018 8.5623 32.36
5.9717 -1.2068 8.7702 49.60
7.7095 -1.9219 8.6775 42.00
9.9906 -2.9522 8.5832 34.38
3.1283 -0.8484 5.7385 51.62
7.3223 -1.4532 8.7178 43.87
9.4682 -2.3054 8.6130 36.25
5.1532 -1.1590 8.7981 53.46
6.6929 -1.8383 8.7193 45.85
9.5424 -3.1078 7.3483 30.55
6.1765 -1.9380 8.7319 47.79
8.3005 -1.9061 8.6685 40.07
10.7850 -2.9572 8.5464 32.44
3.3918 -0.8505 5.7327 49.65
7.5988 -2.3318 8.6958 42.04
8.7182 -3.1008 6.0563 26.73
7.0129 -2.4328 8.7179 44.00
9.1733 -2.3920 8.4166 36.24
5.1150 -1.2420 8.7864 53.50
6.6644 -1.9431 8.7288 45.88
9.0493 -3.1019 7.0779 30.58
6.1506 -2.0407 8.7391 47.79
8.1585 -3.1252 7.4419 34.41
5.2863 -1.9591 8.7866 51.68
7.1355 -2.0230 8.6965 43.95
9.3280 -3.0971 7.2295 30.57
6.1776 -1.9750 8.7474 47.80
8.3283 -3.0922 7.5488 34.44
5.3038 -1.9019 8.7784 51.67
7.5530 -3.0974 8.4181 40.23
9.6128 -3.0931 6.4790 26.72
6.6309 -2.0583 8.7286 45.87
8.5203 -3.0774 6.7804 30.59
6.1041 -2.1354 8.7340 47.82
8.0933 -3.2428 7.8838 36.32
4.8879 -1.8934 8.7978 53.62
6.7612 -2.9754 8.6912 44.02
8.7648 -3.0707 6.4890 28.67
6.5679 -2.2347 8.7303 45.89
10.3750 -4.0560 8.5472 32.53
5.6349 -2.1380 8.7417 49.74
7.9685 -3.4354 8.3439 38.29
11.5809 -5.5522 8.4560 28.74
6.2382 -2.9361 8.7136 45.99
8.4444 -3.1976 7.1963 32.51
5.6717 -2.0794 8.7628 49.76
8.1698 -3.4253 8.4813 38.27
11.6509 -5.4414 8.4560 28.71
6.2862 -2.8831 8.7310 45.97
8.6151 -4.3857 8.6086 36.42
4.6808 -2.3399 8.7929 53.63
7.3323 -2.9677 8.6774 42.10
10.1069 -4.5773 8.5306 32.57
5.5223 -2.4479 8.7700 49.78
6.5439 -3.2366 7.6934 40.25
9.7527 -5.3080 8.5426 32.60
5.2862 -2.8385 8.7384 49.84
7.5571 -3.3032 8.4877 40.22
10.7241 -5.2126 8.4981 30.67
5.8075 -2.7706 8.7221 47.90
7.9666 -4.2174 8.6244 38.35
11.9906 -6.9540 8.4155 26.85
5.5671 -3.2072 7.7857 44.13
9.0879 -4.2863 8.3660 34.51
5.0946 -2.3534 8.7732 51.75
6.7333 -3.4616 8.3918 42.18
10.3698 -5.8636 8.5044 30.71
5.4490 -3.0521 8.5177 47.92
8.7938 -5.4054 8.5746 34.58
4.7823 -2.9147 8.7662 51.78
6.8184 -3.4205 8.4380 42.15
9.6996 -5.3518 8.5344 32.63
5.2671 -2.8723 8.7356 49.84
8.2894 -4.9725 8.6090 36.43
4.4865 -2.6625 8.7944 53.72
7.5509 -4.9144 8.6325 38.40
11.2722 -6.0851 8.4512 28.79
5.8255 -3.1085 8.4170 46.01
8.8896 -5.2076 8.5496 34.54
4.8414 -2.8073 8.7630 51.78
7.0961 -4.5101 8.6461 40.31
10.5419 -7.2740 8.4616 28.83
5.6614 -3.8927 8.7097 46.08
8.9577 -5.1282 8.5661 34.55
4.8756 -2.7609 8.7815 51.82
7.6569 -4.7644 8.6336 38.37
9.4673 -6.4047 6.7085 24.98
6.5196 -4.3885 8.6685 42.24
9.6085 -7.0102 8.5086 30.78
5.1947 -3.7892 8.7379 48.00
8.8095 -5.3572 8.5621 34.56
4.7917 -2.8905 8.7759 51.84
8.0328 -5.2966 8.5943 36.50
4.3539 -2.8547 8.7753 53.71
6.4218 -4.5775 8.6954 42.26
10.1428 -7.8122 8.4646 28.86
5.4422 -4.1934 8.7126 46.11
8.6721 -5.5926 8.5712 34.58
4.6956 -3.0120 8.7565 51.85
6.8676 -4.7976 8.6322 40.37
11.0382 -8.3288 8.4118 26.90
5.8597 -4.4247 8.6875 44.19
9.0140 -7.3332 8.3494 30.80
4.9641 -4.0530 8.7160 48.02
7.9578 -5.4375 8.6006 36.48
11.1186 -8.2082 8.4155 26.93
5.9109 -4.3715 8.6974 44.19
9.0368 -7.1928 8.3063 30.79
5.0128 -4.0029 8.7181 48.00
7.8293 -6.7252 8.5741 34.60
3.7078 -3.2166 7.9002 51.88
6.8042 -4.9173 8.6438 40.36
10.8662 -8.4688 8.3958 26.94
5.7910 -4.5294 8.6988 44.20
9.0176 -7.5709 8.4416 30.80
4.9089 -4.1436 8.7283 48.01
8.2133 -7.4302 8.5470 32.70
4.4358 -4.0431 8.7551 49.95
7.6344 -5.8336 8.5826 36.50
3.9642 -3.0353 8.4948 53.77
6.4583 -5.3299 8.6332 40.40
10.3582 -9.1703 8.4207 26.93
5.4770 -4.8783 8.6813 44.22
10.0179 -9.5271 8.4213 26.95
5.3035 -5.0899 8.6860 44.19
9.0192 -7.2734 8.3190 30.76
4.9926 -4.0331 8.7323 48.04
7.7765 -6.7502 8.5619 34.62
4.1996 -3.6707 8.7491 51.87
7.5174 -7.0342 8.5666 34.65
4.0726 -3.8476 8.7818 51.89
7.2861 -7.3374 8.5880 34.63
3.9099 -3.9874 8.7576 51.90
6.8381 -5.8219 8.6184 38.45
7.6741 -7.0476 5.3997 21.23
6.1706 -5.6729 8.6409 40.41
9.2494 -9.1027 6.9056 23.12
5.9709 -5.9061 8.6463 40.39
8.9148 -9.4296 6.9117 23.15
5.7520 -6.1233 8.6548 40.43
11.1349 -9.9629 8.3656 25.06
5.8571 -5.2758 8.6906 42.28
9.4528 -9.1039 7.5164 25.07
5.6546 -5.4825 8.6889 42.31
8.8520 -9.1732 7.3384 25.07
5.4391 -5.6804 8.6770 42.32
7.6279 -8.5179 6.7177 25.05
5.2251 -5.8862 8.6778 42.31
10.8844 -10.2604 8.3746 25.07
5.6988 -5.4174 8.6720 42.29
9.0181 -9.1536 7.3884 25.07
5.4865 -5.6132 8.6614 42.31
8.3144 -9.0845 7.1357 25.07
5.2861 -5.8255 8.6770 42.32
9.4495 -11.0694 8.1753 25.05
5.0707 -6.0300 8.6826 42.31
9.1683 -9.1243 7.4286 25.07
5.5499 -5.5667 8.6691 42.29
8.6511 -9.2542 7.3036 25.08
5.3426 -5.7673 8.6732 42.32
8.1826 -9.4204 7.2113 25.08
5.1307 -5.9681 8.6784 42.32
9.4416 -11.6599 7.7769 23.16
5.2680 -6.5929 8.6730 40.41
8.9851 -9.4218 6.9240 23.13
5.7764 -6.1022 8.6518 40.41
8.3344 -9.4053 6.7409 23.18
5.5411 -6.3103 8.6499 40.43
9.4312 -11.4155 7.6865 23.14
5.3214 -6.5254 8.6577 40.41
9.3925 -12.2201 7.3313 21.23
5.4279 -7.1698 8.6175 38.49
8.5239 -9.4159 6.2823 21.23
6.0199 -6.6931 8.6328 38.48
9.4212 -11.1698 7.0297 21.25
5.7657 -6.9164 8.6279 38.47
9.3752 -11.9673 6.6678 19.33
5.9160 -7.6312 8.6069 36.54
3.0761 -4.0734 8.6264 53.83
6.0441 -8.4022 8.5853 34.64
3.1296 -4.4771 8.5734 51.90
6.7120 -7.8490 8.5847 34.67
3.5936 -4.2869 8.7685 51.94
6.8843 -8.6580 8.5403 32.76
3.6974 -4.7519 8.7586 49.97
6.9119 -9.3586 8.3526 30.84
3.7712 -5.2258 8.7302 48.05
6.3016 -9.2325 7.5618 28.90
3.8441 -5.7437 8.7333 46.17
7.5362 -9.2613 7.4666 27.00
4.6009 -5.7445 8.6954 44.25
9.0710 -11.9517 8.3928 25.09
4.7044 -6.3178 8.6756 42.32
8.8001 -12.5113 7.8905 23.14
4.7943 -6.9454 8.6642 40.41
8.1462 -12.5080 7.1366 21.22
4.8669 -7.6186 8.6441 38.48
9.3986 -12.1261 6.7156 19.33
5.8573 -7.6515 8.5976 36.56
3.0809 -4.1326 8.6919 53.83
6.0049 -8.4392 8.5925 34.65
3.1071 -4.4987 8.5796 51.90
5.9780 -9.0763 8.4030 32.74
3.2425 -5.0700 8.7529 50.02
6.7188 -10.9923 8.4979 28.90
3.5354 -5.9528 8.7322 46.15
8.1966 -11.1818 8.4432 27.00
4.2956 -5.9971 8.7045 44.25
8.4512 -12.4249 8.3988 25.08
4.3750 -6.5822 8.6916 42.32
7.8363 -12.4810 7.0660 21.24
4.7568 -7.7197 8.6631 38.48
7.1905 -12.4194 5.8140 17.41
5.1609 -9.0483 8.6145 34.63
2.7120 -4.9473 8.7802 51.90
6.2595 -9.0927 8.5155 32.74
3.3528 -5.0007 8.7526 49.99
6.9400 -10.8481 8.4977 28.91
3.6572 -5.8715 8.7338 46.17
7.4124 -12.5137 8.1629 25.07
3.9624 -6.8727 8.7074 42.32
6.7752 -12.4336 6.8293 21.21
4.2581 -8.0019 8.6518 38.48
8.2048 -12.4837 6.5687 19.33
5.2609 -8.1341 8.6253 36.55
2.7753 -4.4434 8.7885 53.82
5.4452 -9.0899 8.2253 32.75
3.0092 -5.1966 8.7117 49.96
6.2625 -11.2856 8.4980 28.87
3.2753 -6.1113 8.7320 46.14
6.3722 -12.4721 7.3281 23.14
3.7872 -7.6172 8.6895 40.37
7.7334 -12.4629 6.4711 19.32
5.0506 -8.2803 8.6298 36.55
2.6556 -4.5241 8.7906 53.82
5.2731 -9.3466 8.3080 32.74
2.8905 -5.3172 8.7605 49.95
5.9876 -11.4843 8.5181 28.87
3.0414 -6.0700 8.5747 46.14
5.9533 -12.4447 7.2338 23.13
3.5868 -7.7212 8.6888 40.36
7.2702 -12.4291 6.3742 19.32
4.8361 -8.4205 8.6336 36.55
2.5364 -4.6043 8.7946 53.80
4.9907 -9.4178 8.2485 32.71
2.7491 -5.4012 8.7629 49.95
6.1195 -12.4887 8.4289 26.93
3.0740 -6.5371 8.5162 44.22
5.5597 -12.4269 6.6051 21.19
3.6252 -8.3450 8.6595 38.46
6.8464 -12.4367 5.7626 17.40
4.9122 -9.0644 8.5453 34.65
2.5973 -5.0059 8.7782 51.92
5.7998 -11.5630 8.5075 28.87
2.9924 -6.2059 8.6787 46.15
5.7070 -12.4403 7.1920 23.15
3.4614 -7.7865 8.6950 40.37
5.1470 -12.3699 4.9948 15.43
3.7494 -9.2074 7.7679 32.68
2.2002 -5.6885 8.7783 49.93
6.4068 -12.4103 8.4742 26.97
3.2962 -6.6402 8.7065 44.22
5.8758 -12.4559 6.6768 21.22
3.7924 -8.2694 8.6574 38.44
5.3136 -12.3917 5.0303 15.47
3.8941 -9.2998 8.3669 34.63
2.0901 -5.2946 8.8013 51.86
3.1370 -8.3543 5.8848 26.92
2.5632 -7.0175 8.7295 44.18
6.0325 -12.4513 6.6980 21.20
3.2065 -6.8861 7.9164 40.39
5.4671 -12.4058 5.5513 17.38
3.9955 -9.2584 8.3650 34.61
2.1373 -5.2459 8.7679 51.86
2.9822 -7.7582 5.5719 26.90
2.6342 -6.9905 8.7323 44.19
4.4160 -12.3945 5.9105 19.26
3.1222 -9.0390 8.4851 36.51
1.6089 -5.0645 8.7959 53.73
4.9267 -11.0015 8.5587 30.76
2.5578 -5.9926 8.7647 48.05
5.0867 -12.4412 7.0663 23.09
3.0330 -7.7196 8.4977 40.39
4.5484 -12.3423 4.9268 15.44
3.8377 -10.6038 8.6174 32.67
1.9559 -5.7966 8.7960 49.96
4.0589 -12.4221 6.8964 23.08
2.5592 -8.1945 8.7221 40.35
5.2292 -12.3928 5.0179 15.46
3.7890 -9.1929 7.7733 32.69
2.2281 -5.6806 8.7876 49.95
3.0951 -8.3804 5.5129 25.02
2.7171 -7.5130 8.7106 42.26
4.1866 -12.3384 4.8878 15.42
3.5577 -10.6953 8.6066 32.66
1.7967 -5.8409 8.7772 49.94
3.6941 -12.3909 6.8310 23.06
2.3429 -8.2621 8.7156 40.34
4.8600 -12.4024 4.9743 15.44
4.0326 -10.4897 8.6022 32.70
1.9191 -5.3734 8.7994 51.82
4.3387 -12.4334 8.0350 26.91
2.3334 -7.1026 8.7225 44.17
3.8350 -12.3572 5.3410 17.35
3.0309 -10.0633 8.6255 34.55
1.5158 -5.5215 8.8032 51.83
3.3412 -12.4010 6.7883 23.05
2.1300 -8.3495 8.7186 40.28
4.4748 -12.3565 4.9205 15.43
3.7587 -10.5957 8.5980 32.69
1.9199 -5.8015 8.7745 49.91
3.9835 -12.4185 6.8826 23.07
2.5070 -8.2059 8.7076 40.32
3.4836 -12.3187 4.3496 13.48
3.2489 -11.6812 8.5705 30.73
1.6193 -6.3786 8.7771 47.97
3.0061 -12.3474 5.7333 19.22
2.1483 -9.2819 8.4275 36.46
1.0647 -5.2686 8.8308 53.69
4.1148 -12.4520 8.0048 26.91
2.2283 -7.1585 8.7402 44.17
3.6232 -12.3657 5.3133 17.31
2.8711 -10.1064 8.6156 34.54
1.4229 -5.5449 8.7866 51.79
3.1308 -12.3706 6.7434 23.02
1.9929 -8.3853 8.7205 40.29
2.6704 -12.2931 3.8314 11.51
2.6433 -12.3993 8.2971 28.75
1.3230 -6.9369 8.7649 46.03
3.7648 -12.4071 5.8300 19.23
2.6334 -9.0267 8.3544 36.49
1.3635 -5.1712 8.8198 53.71
3.2712 -12.4297 7.3111 24.95
1.9195 -7.8171 8.7284 42.21
2.8102 -12.3404 4.3030 13.44
2.6611 -11.9294 8.6117 30.70
1.2803 -6.4730 8.7731 47.94
2.3367 -12.3504 5.1949 17.26
1.8832 -10.4527 8.6611 34.48
0.8694 -5.7310 8.8340 51.75
3.4011 -12.4133 7.3218 24.96
2.0031 -7.7957 8.7308 42.21
2.9366 -12.3166 4.3084 13.46
2.7739 -11.8772 8.5978 30.70
1.3456 -6.4518 8.7668 47.93
2.4647 -12.3322 5.2044 17.28
1.9842 -10.4145 8.6603 34.52
0.9257 -5.7148 8.8212 51.72
1.9973 -12.3449 6.1248 21.08
1.3363 -9.0111 8.5734 38.29
3.0687 -12.2866 3.4089 9.61
3.0456 -12.3973 7.7985 26.84
1.6673 -7.3744 8.7710 44.13
2.5944 -12.3227 4.7402 15.35
2.2685 -11.1576 8.6407 32.59
1.0804 -6.0969 8.8041 49.82
2.1258 -12.3516 5.6477 19.15
1.4812 -9.2529 8.2788 36.38
0.6938 -5.3469 8.8161 53.64
1.6680 -12.3254 6.0911 21.06
1.0926 -8.9951 8.5337 38.30
2.7407 -12.3138 3.3943 9.59
2.7117 -12.4224 7.7721 26.85
1.4713 -7.4158 8.7575 44.10
2.2735 -12.3241 4.2643 13.41
2.1619 -12.0443 8.6033 30.67
1.0081 -6.5573 8.7905 47.90
1.8049 -12.3123 5.1504 17.25
1.4439 -10.5325 8.6620 34.49
0.6215 -5.7796 8.8246 51.70
1.3553 -12.3283 5.5855 19.10
0.8909 -9.2504 8.1927 36.32
0.3550 -5.4319 8.8487 53.59
2.3855 -12.3938 6.6725 23.00
1.5087 -8.5189 8.7170 40.22
1.9485 -12.2755 3.3572 9.58
1.9190 -12.4027 7.6670 26.80
1.0014 -7.5247 8.7589 44.05
1.4941 -12.2739 3.7736 11.47
1.4370 -12.3643 8.1407 28.69
0.6599 -7.0943 8.7757 45.93
1.0462 -12.2889 4.1959 13.35
0.9866 -12.3335 8.6412 30.58
0.3547 -6.6942 8.8114 47.81
2.0559 -12.3203 5.1627 17.23
1.6608 -10.5075 8.6711 34.49
0.7394 -5.7522 8.8170 51.70
1.5987 -12.3170 5.5954 19.11
1.0726 -9.2202 8.1999 36.36
0.4651 -5.3972 8.8234 53.60
1.1506 -12.3457 6.0569 21.01
0.7061 -8.9706 8.4528 38.22
0.7579 -12.2405 2.0382 3.74
0.7041 -12.3147 6.0272 21.00
0.3786 -8.9661 8.4284 38.23
1.7571 -12.2813 2.9124 7.62
1.7122 -12.3694 7.1043 24.87
0.9739 -8.0789 8.7564 42.12
1.3081 -12.2893 3.3341 9.54
1.2661 -12.4059 7.6083 26.76
0.6075 -7.6022 8.7683 44.01
0.8603 -12.2474 3.3061 9.48
0.8066 -12.3708 7.5595 26.74
0.3353 -7.6576 8.7866 43.98
0.4220 -12.2462 3.2994 9.48
0.3599 -12.3727 7.5363 26.71
0.0607 -7.7021 8.8028 43.94
1.4204 -12.2597 3.7678 11.47
1.3810 -12.3809 8.1476 28.70
0.6198 -7.0993 8.7736 45.92
0.9782 -12.2929 4.1870 13.32
0.9176 -12.3320 8.6394 30.59
0.3126 -6.6865 8.8021 47.82
0.5345 -12.2626 4.1682 13.30
0.4792 -12.4105 8.6517 30.54
0.0685 -6.7237 8.8184 47.80
0.0975 -12.2630 4.1537 13.26
0.0297 -12.3887 8.6170 30.51
-0.1752 -6.7619 8.8340 47.74
1.0934 -12.2770 4.6377 15.26
0.9316 -11.4521 8.6651 32.52
0.3307 -6.2568 8.8294 49.74
0.6485 -12.2654 4.6156 15.23
0.5224 -11.5391 8.6841 32.47
0.1014 -6.2789 8.8226 49.70
0.2110 -12.2887 4.6112 15.21
0.1135 -11.5951 8.6949 32.43
-0.1328 -6.3001 8.8298 49.68
-0.2160 -12.2778 4.1501 13.24
-0.2896 -12.3638 8.5914 30.48
-0.3532 -6.7648 8.8313 47.72
0.7819 -12.3033 4.1894 13.34
0.7192 -12.3807 8.6516 30.57
0.2042 -6.7142 8.8108 47.77
0.3438 -12.2604 4.1636 13.30
0.2815 -12.4003 8.6392 30.54
-0.0388 -6.7525 8.8377 47.77
-0.0942 -12.2436 4.1478 13.26
-0.1622 -12.3519 8.5953 30.51
-0.2858 -6.7655 8.8397 47.75
-0.5252 -12.2647 3.7112 11.32
-0.6027 -12.3727 8.0362 28.53
-0.5391 -7.2494 8.8437 45.82
0.4710 -12.2660 3.7340 11.40
0.4139 -12.3623 8.0711 28.64
0.0599 -7.1917 8.8005 45.86
0.0292 -12.2428 3.7223 11.38
-0.0285 -12.3782 8.0634 28.62
-0.2038 -7.2154 8.8209 45.87
-0.3938 -12.2316 3.2800 9.42
-0.4689 -12.3510 7.4993 26.64
-0.4697 -7.7362 8.8136 43.89
-0.8145 -12.2380 2.8475 7.45
-0.8908 -12.3161 6.9687 24.71
-0.7685 -8.2774 8.8075 41.93
0.1713 -12.2585 2.8640 7.51
0.1034 -12.3161 6.9791 24.76
-0.0882 -8.2324 8.7794 42.01
-0.2635 -12.1969 2.4282 5.56
-0.3199 -12.3167 6.4696 22.81
-0.3841 -8.8391 8.7866 40.06
-0.6813 -12.2004 2.0086 3.62
-0.7555 -12.3217 5.9873 20.88
-0.7062 -9.1622 8.5289 38.08
-1.1087 -12.2081 1.5872 1.67
-1.1799 -12.2752 5.4967 18.92
-1.1063 -10.1275 8.7514 36.13
-0.8118 -5.5012 8.8663 53.40
-0.1815 -12.2631 5.0405 17.08
-0.2648 -10.8265 8.7239 34.33
-0.3413 -5.9062 8.8538 51.55
-0.6081 -12.2361 4.5762 15.13
-0.6743 -11.6529 8.7135 32.38
-0.5645 -6.3273 8.8443 49.60
-1.0348 -12.2575 4.1352 13.17
-1.1192 -12.3737 8.6005 30.44
-0.8208 -6.7706 8.8456 47.67
-1.4530 -12.1981 3.2583 9.31
-1.5498 -12.3377 7.4988 26.56
-1.1378 -7.5758 8.6843 43.82
-0.4540 -12.2382 2.8495 7.46
-0.5292 -12.2916 6.9527 24.71
-0.5185 -8.2518 8.7836 41.96
-0.8844 -12.1685 2.4204 5.53
-0.9531 -12.3251 6.4693 22.77
-0.8440 -8.8281 8.7768 40.01
-1.3042 -12.1930 1.9973 3.56
-1.3885 -12.3075 5.9790 20.81
-1.1842 -9.1625 8.5406 38.02
-1.7186 -12.1419 1.1622 -0.30
-1.8081 -12.2480 5.0313 16.94
-1.7225 -10.8454 8.7629 34.21
-1.1299 -5.7510 8.7011 51.44
-0.7971 -12.2638 4.5822 15.12
-0.8580 -11.6720 8.7300 32.37
-0.6678 -6.3353 8.8578 49.59
-1.2243 -12.2449 4.1288 13.14
-1.3132 -12.3386 8.5812 30.41
-0.9301 -6.7699 8.8479 47.64
-1.6465 -12.2210 3.2663 9.31
-1.7396 -12.3059 7.4879 26.54
-1.2821 -7.7270 8.8323 43.78
-2.0652 -12.1838 2.4112 5.43
-2.1644 -12.2733 6.4729 22.67
-1.7180 -8.8078 8.8100 39.90
-1.0599 -12.2101 2.0048 3.60
-1.1428 -12.3025 5.9738 20.83
-1.0017 -9.1559 8.5397 38.08
-1.4742 -12.1620 1.1702 -0.26
-1.5601 -12.2584 5.0335 16.98
-1.5025 -10.8719 8.7620 34.20
-1.0300 -5.8913 8.8699 51.48
-1.9800 -12.2294 4.1325 13.10
-2.0813 -12.3477 8.6124 30.33
-1.3497 -6.6955 8.8072 47.59
-2.4019 -12.1892 3.2621 9.24
-2.5146 -12.3124 7.5319 26.48
-1.7634 -7.6802 8.8384 43.70
-1.3818 -12.2201 2.4166 5.48
-1.4650 -12.2669 6.4500 22.73
-1.1952 -8.6223 8.6155 39.96
-1.7956 -12.1538 1.5683 1.58
-1.8876 -12.2463 5.4966 18.87
-1.5537 -9.0496 7.9922 36.08
-1.1180 -5.3519 8.6949 53.32
-2.3138 -12.2430 4.5917 15.01
-2.3096 -11.6650 8.7774 32.21
-1.4737 -6.3000 8.8902 49.46
-2.7339 -12.1918 3.6986 11.12
-1.9648 -7.9754 5.6992 28.34
-1.7739 -6.6603 8.8282 47.49
-1.7107 -12.1898 3.2552 9.28
-1.8111 -12.3067 7.4836 26.50
-1.3265 -7.7265 8.8392 43.78
-2.1420 -12.1973 2.4063 5.40
-2.2286 -12.3029 6.4835 22.65
-1.7716 -8.8151 8.8152 39.87
-2.5554 -12.1667 1.5627 1.54
-2.6572 -12.2336 5.5157 18.79
-2.1308 -9.0826 8.0677 36.01
-1.4887 -5.4488 8.9043 53.30
-3.0878 -12.2348 4.6103 14.93
-1.9202 -6.7921 5.7087 32.16
-1.8713 -6.2353 8.8960 49.39
-2.0363 -12.1851 3.6910 11.19
-2.1379 -12.3192 8.0468 28.42
-1.4599 -7.2053 8.8413 45.64
-2.4209 -11.9871 2.8073 7.31
-2.5706 -12.2970 7.0093 24.56
-1.9066 -8.2102 8.8355 41.79
-2.8753 -12.1168 1.9744 3.42
-2.9949 -12.2685 6.0230 20.68
-2.4085 -9.1833 8.6746 37.90
-3.3094 -12.1214 1.1274 -0.45
-3.4220 -12.2121 5.0737 16.79
-2.0286 -6.4532 5.8368 34.04
-1.9328 -5.7916 8.9122 51.28
-2.3699 -12.2170 4.1289 13.03
-2.4874 -12.3490 8.6461 30.32
-1.5084 -6.2994 8.8958 49.45
-2.8075 -12.1898 3.6988 11.11
-2.0037 -7.9582 5.6987 28.36
-1.8156 -6.6568 8.8362 47.50
-3.2437 -12.1769 3.2666 9.15
-3.3658 -12.2784 7.5716 26.37
-2.2995 -7.6191 8.8718 43.62
-3.6837 -12.1731 2.4067 5.28
-3.8134 -12.2777 6.5787 22.51
-2.8852 -8.6908 8.8853 39.75
-2.6204 -12.1356 1.5570 1.52
-2.7297 -12.2535 5.5219 18.77
-2.1878 -9.0875 8.0846 36.03
-1.5212 -5.4415 8.8877 53.24
-3.1527 -12.2048 4.5998 14.90
-1.9674 -6.8024 5.7203 32.15
-1.9040 -6.2267 8.8990 49.41
-3.5868 -12.1928 3.7178 11.04
-3.7312 -12.3135 8.1807 28.28
-2.3738 -7.0934 8.8940 45.50
-3.9526 -11.9425 2.8073 7.13
-4.1522 -12.2709 7.1171 24.37
-2.9361 -8.0517 8.8881 41.65
-2.9508 -12.1463 1.9786 3.42
-3.0690 -12.2659 6.0202 20.65
-1.8689 -6.5987 6.6212 37.91
-3.3858 -12.1511 1.1242 -0.46
-3.4948 -12.2181 5.0724 16.76
-3.2023 -10.7031 8.8057 34.01
-1.9693 -5.7792 8.9020 51.26
-3.9388 -12.2130 4.1799 12.91
-4.0752 -12.3237 8.7938 30.14
-2.4249 -6.5805 8.9005 47.40
-4.3690 -12.1338 3.2863 9.05
-4.5338 -12.2964 7.7201 26.29
-2.9893 -7.5026 8.9245 43.51
-3.2943 -12.1798 2.4025 5.30
-3.4048 -12.2428 6.5301 22.55
-2.6105 -8.7210 8.8582 39.78
-3.7236 -12.1359 1.5380 1.40
-3.8472 -12.2298 5.5832 18.69
-3.2942 -9.9526 8.8547 35.90
-2.0134 -5.3514 8.9102 53.14
-4.2899 -12.1987 4.6583 14.81
-4.1349 -11.3890 8.8317 32.03
-2.4696 -6.1078 8.9169 49.27
-4.7497 -12.1958 3.7588 10.92
-4.8989 -12.2930 8.3212 28.14
-3.0014 -6.9191 8.9011 45.41
-3.5783 -11.9631 2.8118 7.20
-3.7636 -12.2734 7.0844 24.43
-2.6885 -8.1075 8.8751 41.66
-4.0669 -12.1220 1.9649 3.29
-4.2091 -12.2510 6.1013 20.55
-3.2507 -8.9178 8.6220 37.80
-4.5075 -12.1100 1.1018 -0.55
-4.6507 -12.2163 5.1590 16.70
-4.1511 -10.4785 8.8319 33.93
-2.4953 -5.6643 8.9380 51.14
-5.1019 -12.1678 4.2311 12.81
-5.1912 -12.0932 8.8454 30.03
-3.0170 -6.4214 8.9183 47.25
-3.9730 -12.1499 3.2719 9.06
-4.1231 -12.2896 7.6612 26.31
-2.7520 -7.5452 8.9072 43.56
-4.4319 -12.1444 2.4006 5.17
-4.5591 -12.2532 6.6369 22.42
-3.3861 -8.5440 8.8772 39.67
-4.8845 -12.1405 1.5258 1.31
-5.0195 -12.2035 5.6620 18.54
-4.1808 -9.7473 8.8871 35.78
-2.5025 -5.2262 8.9433 53.03
-5.4815 -12.1743 4.7313 14.69
-5.1649 -11.1457 8.8889 31.93
-3.0213 -5.9388 8.9413 49.16
-4.3363 -12.1826 3.7417 10.97
-4.4727 -12.2807 8.2560 28.20
-2.7950 -7.0083 8.9177 45.42
-4.7042 -11.9445 2.8270 7.09
-4.9339 -12.2506 7.2044 24.30
-3.4169 -7.9266 8.8995 41.55
-5.2369 -12.1055 1.9610 3.18
-5.3938 -12.2208 6.2138 20.45
-4.1341 -8.9140 8.8151 37.64
-5.7180 -12.1037 1.0658 -0.69
-5.8633 -12.1745 5.2449 16.55
-4.5779 -9.0919 8.0429 33.80
-3.0023 -5.4834 8.9518 51.04
-4.6906 -12.1689 4.1992 12.81
-4.8208 -12.2023 8.8476 30.09
-2.8205 -6.4885 8.9245 47.31
-5.1547 -12.1645 3.3154 8.97
-5.3035 -12.2584 7.8066 26.19
-3.4305 -7.3524 8.9227 43.44
-5.6176 -12.1024 2.4074 5.05
-5.7839 -12.2387 6.7848 22.31
-4.1585 -8.3191 8.9144 39.56
-6.0885 -12.0717 1.5076 1.19
-6.2596 -12.1974 5.8006 18.45
-4.9522 -9.2468 8.7434 35.64
-2.9806 -5.0570 8.9700 52.91
-5.0755 -12.2286 4.7104 14.71
-4.8041 -11.2100 8.8532 31.97
-2.8270 -5.9967 8.9244 49.20
-5.5230 -12.1329 3.7802 10.83
-5.7007 -12.2877 8.4653 28.10
-3.4194 -6.7988 8.9358 45.35
-5.9027 -11.9162 2.8460 6.94
-6.1934 -12.2581 7.3990 24.20
-4.1316 -7.6887 8.9188 41.40
-6.5017 -12.0832 2.4258 5.00
-6.6968 -12.2077 6.9134 22.23
-4.6842 -8.1134 8.9265 39.46
-5.3155 -12.1314 1.5159 1.25
-5.4573 -12.2025 5.7063 18.51
-4.2409 -9.0456 8.4321 35.77
-2.6738 -5.1626 8.9386 52.97
-5.9427 -12.1958 4.7687 14.63
-5.5358 -11.0271 8.8993 31.87
-3.2150 -5.8712 8.9457 49.09
-6.4288 -12.1650 3.8411 10.76
-6.6387 -12.2931 8.6445 27.98
-3.8522 -6.6286 8.9356 45.21
-6.9389 -12.1163 3.3844 8.80
-7.1476 -12.2408 8.1379 26.02
-4.3608 -7.0093 8.9687 43.25
-5.6992 -12.1266 2.4198 5.09
-5.8508 -12.1990 6.7807 22.31
-4.2088 -8.3093 8.9182 39.54
-6.1858 -12.1074 1.5059 1.18
-6.3553 -12.2042 5.8049 18.41
-5.0008 -9.2010 8.7349 35.66
-3.0086 -5.0397 8.9624 52.89
-6.8735 -12.1857 5.3624 16.49
-5.8325 -9.9851 8.9314 33.72
-3.3954 -5.3305 8.9755 50.92
-7.4228 -12.1761 4.9118 14.52
-6.6309 -10.5758 8.9303 31.74
-3.8123 -5.6100 8.9792 48.98
-6.1259 -12.1533 3.8206 10.79
-6.3092 -12.2770 8.5748 28.03
-3.7152 -6.6960 8.9403 45.24
-6.6416 -12.1449 3.3739 8.83
-6.8362 -12.2709 8.0854 26.05
-4.2046 -7.0490 8.9402 43.29
-7.0507 -11.9136 2.8890 6.86
-7.3825 -12.2437 7.6075 24.09
-4.7655 -7.4579 8.9732 41.29
-7.7095 -12.0826 2.4435 4.87
-7.9245 -12.1928 7.1252 22.13
-5.3417 -7.8242 8.9576 39.34
-6.4039 -12.0749 1.4988 1.14
-6.5769 -12.1705 5.8248 18.40
-5.1547 -9.1540 8.7545 35.66
-3.0932 -5.0022 8.9629 52.86
-7.1165 -12.1787 5.3837 16.44
-5.9955 -9.9165 8.9259 33.65
-3.4857 -5.2885 8.9805 50.90
-7.6653 -12.1550 4.9322 14.49
-6.8295 -10.5297 8.9554 31.70
-3.9108 -5.5700 8.9882 48.93
-8.2102 -12.1049 4.4569 12.49
-7.7521 -11.1651 8.9616 29.73
-4.3641 -5.8484 8.9840 46.96
-6.8984 -12.1438 3.8680 10.72
-7.0962 -12.2621 8.7331 27.95
-4.0891 -6.5677 8.9826 45.17
-7.4331 -12.1218 3.4108 8.75
-7.6473 -12.2498 8.2464 25.97
-4.5961 -6.8931 8.9764 43.22
-7.8555 -11.8884 2.9167 6.78
-8.2140 -12.2070 7.7626 24.01
-5.1643 -7.2512 8.9828 41.22
-8.5611 -12.0587 2.4610 4.79
-8.8053 -12.1823 7.2910 22.04
-5.7597 -7.5888 8.9661 39.26
-7.2101 -12.0886 1.9606 2.99
-7.4083 -12.1935 6.4754 20.23
-5.4157 -8.5208 8.9448 37.48
-7.7487 -12.0495 1.4794 1.01
-7.9738 -12.1833 6.0258 18.29
-6.0602 -8.8952 8.8769 35.51
-3.5522 -4.7829 8.9912 52.74
-8.5487 -12.1595 5.5682 16.33
-6.7262 -9.2266 8.7678 33.57
-3.9686 -5.0349 9.0030 50.77
-9.1754 -12.1364 5.6440 16.25
-7.1151 -9.0839 8.8140 33.47
-4.1602 -4.9207 9.0208 50.74
-7.7450 -12.1418 4.9313 14.46
-6.8852 -10.4801 8.9444 31.69
-3.9387 -5.5487 8.9836 48.93
-8.3175 -12.1246 4.4700 12.48
-7.8166 -11.1296 8.9683 29.74
-4.4052 -5.8330 8.9957 46.96
-8.9296 -12.1001 4.5319 12.44
-8.2403 -10.9072 8.9867 29.69
-4.6271 -5.7036 9.0082 46.92
-9.5792 -12.0895 4.6012 12.39
-8.6744 -10.6828 9.0076 29.61
-4.8475 -5.5730 9.0185 46.84
-8.1384 -12.1304 3.9547 10.61
-8.2879 -12.1298 8.9601 27.83
-4.5937 -6.2674 8.9601 45.05
-8.7583 -12.1227 4.0035 10.56
-8.7631 -11.9132 8.9941 27.80
-4.8273 -6.1242 8.9750 45.05
-9.3766 -12.0937 4.0491 10.49
-9.2334 -11.6528 9.0078 27.73
-5.0819 -6.0088 9.0150 44.97
-10.0721 -12.1053 4.1134 10.44
-9.6713 -11.3812 9.0111 27.65
-5.3112 -5.8604 9.0269 44.92
-8.5470 -12.1083 3.4675 8.63
-8.7844 -12.2137 8.4904 25.85
-5.0744 -6.6323 8.9934 43.13
-9.1876 -12.1133 3.5155 8.60
-9.4304 -12.2207 8.6637 25.82
-5.3271 -6.4764 8.9973 43.06
-9.8482 -12.0955 3.5552 8.53
-10.1040 -12.1884 8.8267 25.75
-5.5803 -6.3297 9.0198 43.00
-10.4883 -12.0128 3.5934 8.49
-6.6051 -7.2340 5.9012 25.71
-5.8116 -6.1535 9.0261 42.98
-8.9997 -12.1042 3.4956 8.59
-9.2540 -12.2175 8.6102 25.81
-5.2583 -6.5278 9.0043 43.09
-9.6323 -12.0682 3.5385 8.55
-9.9208 -12.2200 8.7934 25.78
-5.5130 -6.3723 9.0165 43.02
-10.3312 -12.0684 3.5900 8.50
-6.6007 -7.3799 5.9564 25.73
-5.7558 -6.2100 9.0283 42.96
-10.4391 -11.3303 4.0254 10.36
-6.7346 -6.9981 6.2462 27.57
-5.6291 -5.6222 9.0385 44.85
-9.4912 -12.1000 4.0568 10.47
-9.2306 -11.5351 8.9576 27.73
-5.0956 -5.9519 8.9728 44.95
-10.1755 -12.0988 4.1241 10.44
-9.7008 -11.2899 8.9896 27.67
-5.3297 -5.8151 8.9999 44.90
-10.4650 -11.5903 4.0628 10.35
-10.1534 -11.0222 9.0073 27.58
-5.5664 -5.6595 9.0170 44.82
-10.4408 -10.7645 4.4574 12.24
-8.7920 -8.8086 8.2044 29.48
-5.4390 -5.1186 9.0312 46.69
-9.9958 -12.0974 4.6435 12.34
-8.8895 -10.4881 8.9943 29.61
-4.9633 -5.4688 9.0052 46.82
-10.4479 -11.7919 4.6418 12.30
-9.2861 -10.2128 8.9978 29.54
-5.1803 -5.3201 9.0240 46.78
-10.3983 -10.8907 5.0072 14.18
-8.6834 -8.8365 8.7286 31.41
-5.0606 -4.8055 9.0271 48.63
-10.3810 -10.0976 5.3464 16.00
-8.6527 -8.1844 8.9664 33.27
-4.9345 -4.3238 9.0356 50.49
-10.3951 -11.9042 5.7730 16.13
-7.9736 -8.8376 9.0108 33.38
-4.5263 -4.6384 9.0017 50.61
-10.3961 -11.0663 6.1296 18.00
-7.7777 -7.9825 9.0294 35.24
-4.4242 -4.1868 9.0090 52.45
-10.3442 -10.2340 6.4391 19.84
-7.5729 -7.2044 9.0459 37.10
-10.4859 -9.8325 2.3431 4.48
-9.6059 -8.8005 6.3640 21.70
-7.3587 -6.4794 9.0605 38.98
-10.5004 -11.5753 2.4749 4.59
-10.3538 -11.1946 7.2996 21.84
-6.7444 -6.9650 9.0190 39.07
-10.4711 -10.7277 2.9098 6.45
-10.2890 -10.3401 7.5941 23.73
-6.1857 -5.8595 9.0285 42.85
-10.4147 -9.8912 3.7985 10.23
-9.5951 -8.9082 7.9705 27.46
-6.0328 -5.2851 9.0418 44.70
-10.1765 -8.9903 4.1097 12.10
-10.1973 -8.8264 8.7448 29.37
-5.8580 -4.7471 9.0491 46.57
-10.4173 -10.8004 4.9825 14.14
-8.7987 -8.8572 8.7800 31.39
-5.0846 -4.7792 9.0212 48.62
-10.3880 -10.0082 5.3364 16.02
-8.6911 -8.1292 8.9505 33.24
-4.9607 -4.3035 9.0308 50.45
-10.1384 -9.0657 5.5701 17.86
-8.5191 -7.3889 9.0584 35.08
-4.8151 -3.8519 9.0482 52.37
-10.3584 -8.6205 6.0065 19.71
-8.2467 -6.6187 9.0790 36.96
-10.4839 -10.4320 2.3855 4.51
-10.3347 -10.0856 6.9458 21.76
-7.1268 -6.6631 9.0359 39.00
-10.4614 -9.6770 2.8119 6.40
-9.6804 -8.7570 6.8909 23.65
-6.9403 -5.9988 9.0488 40.85
-10.1249 -8.6869 3.1419 8.25
-10.2841 -8.6633 7.5657 25.46
-6.7292 -5.3874 9.0630 42.73
-10.3737 -8.2737 4.0255 12.04
-10.2581 -8.0081 8.4458 29.29
-6.1417 -4.4971 9.0867 46.49
-10.4018 -9.7364 4.7675 14.07
-9.6076 -8.7693 9.0646 31.31
-5.3604 -4.5557 9.0403 48.52
-10.0607 -8.7368 4.9957 15.94
-9.2727 -7.8535 9.0805 33.16
-5.2088 -4.0891 9.0558 50.37
-10.3368 -8.3286 5.9249 19.68
-8.3664 -6.5120 9.0889 36.93
-10.4394 -7.9398 2.6410 6.23
-10.2923 -7.6751 6.7401 23.49
-7.5791 -5.4069 9.1002 40.70
-10.4330 -9.3348 3.2426 8.27
-10.0361 -8.7900 7.5238 25.48
-6.6273 -5.5150 9.0748 42.75
-10.3930 -8.6234 4.0816 12.05
-10.2564 -8.3289 8.5627 29.30
-6.0270 -4.5878 9.0652 46.53
-10.3907 -7.9789 4.8977 15.82
-9.8154 -7.3615 9.1245 33.09
-5.4748 -3.8010 9.0655 50.30
-10.3097 -7.3295 5.6720 19.59
-8.6626 -5.9519 8.9823 36.85
-10.1540 -8.6538 2.2411 4.39
-10.3219 -8.6373 6.5118 21.63
-7.6857 -6.1841 9.0703 38.88
-10.2300 -8.0881 3.0852 8.20
-10.2694 -7.9589 7.3342 25.43
-6.9883 -5.1487 9.0846 42.65
-10.3747 -7.5942 3.9179 11.96
-10.2466 -7.3388 8.1766 29.18
-6.3489 -4.2720 9.0999 46.43
-10.3348 -6.9786 4.6880 15.71
-10.1814 -6.7325 9.0319 32.96
-5.1122 -3.0849 8.1781 50.18
-10.3189 -8.2239 5.9000 19.70
-8.4085 -6.4710 9.0896 36.92
-10.4482 -7.8596 2.6392 6.24
-9.7821 -7.1935 6.4375 23.49
-7.6152 -5.3700 9.1019 40.68
-10.3844 -7.2178 3.4253 9.99
-10.2477 -6.9771 7.5189 27.22
-6.8891 -4.4353 9.1005 44.46
-10.3710 -6.6483 4.2044 13.77
-10.2184 -6.4040 8.3759 31.03
-6.2277 -3.6474 9.1149 48.26
-10.3604 -7.8488 5.3294 17.71
-9.1832 -6.7655 9.0942 34.96
-4.6035 -3.0838 8.1629 52.20
-10.3028 -7.2212 6.1259 21.52
-8.2769 -5.5780 9.1062 38.75
-10.4200 -6.8764 2.9675 8.05
-10.2837 -6.6448 6.9222 25.26
-7.4567 -4.5951 9.1003 42.53
-10.3684 -6.3155 3.7325 11.83
-10.2334 -6.0896 7.7381 29.04
-6.7469 -3.7727 9.1124 46.27
-10.3568 -7.4528 4.7850 15.77
-10.0963 -7.1082 9.1495 33.02
-5.6126 -3.6514 9.0761 50.24
-10.3172 -6.8617 5.5622 19.53
-9.0352 -5.8202 9.1323 36.77
-10.4077 -6.5033 2.5196 6.10
-10.2852 -6.3050 6.3563 23.34
-8.0998 -4.7636 9.1184 40.58
-10.3599 -5.9590 3.6827 11.79
-10.2475 -5.7560 7.6357 28.99
-6.8680 -3.6244 9.1375 46.25
-10.3599 -7.0652 4.7152 15.74
-10.2221 -6.8225 9.0977 32.99
-5.0926 -3.1004 8.1741 50.20
-10.3152 -6.4920 5.4782 19.49
-9.2044 -5.6137 9.1404 36.73
-10.3935 -6.1314 2.8893 7.97
-9.7342 -5.6003 6.4181 25.17
-7.7162 -4.2491 9.1108 42.45
-10.3439 -5.5803 4.0344 13.65
-10.2283 -5.3866 8.0299 30.91
-6.3942 -3.1375 8.9525 48.14
-10.3452 -6.6689 5.0810 17.62
-9.7798 -6.1452 9.1433 34.83
-5.3334 -3.0703 8.8915 52.07
-10.3093 -6.1221 5.8549 21.40
-8.6205 -4.9231 9.0115 38.63
-10.1717 -5.6410 3.2079 9.83
-10.2532 -5.5664 7.0872 27.06
-7.3781 -3.7884 9.1368 44.33
-10.3483 -5.2377 4.3893 15.51
-10.2032 -5.0441 8.4186 32.75
-6.2304 -2.8392 9.1317 49.98
-10.3277 -6.2863 5.4433 19.49
-9.2976 -5.4819 9.1407 36.71
-10.4047 -5.9324 2.8742 7.96
-10.2693 -5.7210 6.6648 25.18
-7.8142 -4.1480 9.1305 42.41
-10.3344 -5.3755 4.0088 13.66
-10.2067 -5.1797 7.9516 30.88
-6.4499 -3.0451 8.9483 48.10
-10.3262 -4.8935 5.1568 19.31
-9.9316 -4.5620 9.1772 36.56
-10.3994 -6.0614 2.8799 7.94
-9.7663 -5.5484 6.4133 25.15
-7.7668 -4.2196 9.1304 42.42
-10.3487 -5.5140 4.0238 13.64
-10.2310 -5.3183 8.0112 30.91
-6.4132 -3.1018 8.9442 48.11
-10.3225 -5.0108 5.1767 19.32
-9.8800 -4.6524 9.1736 36.57
-10.3839 -4.6752 2.7548 7.79
-10.2649 -4.5070 6.3576 25.02
-8.2765 -3.4615 9.1789 42.26
-10.3334 -5.6404 4.0402 13.66
-10.2304 -5.4437 8.0456 30.90
-6.3659 -3.1560 8.9314 48.13
-10.3414 -5.1447 5.2066 19.33
-9.8684 -4.7622 9.2041 36.57
-10.3529 -4.7838 2.7607 7.80
-10.2507 -4.6216 6.3742 25.01
-7.1868 -3.0531 8.1318 42.29
-8.8256 -3.6377 3.4684 13.52
-10.1941 -4.1335 7.6382 30.75
-6.8974 -2.6001 9.1570 47.98
-10.3193 -5.2633 5.2295 19.37
-9.7644 -4.8272 9.1640 36.59
-10.3653 -4.9189 2.7767 7.84
-10.2675 -4.7516 6.4190 25.06
-8.1819 -3.6046 9.1643 42.29
-10.3405 -4.4315 3.8825 13.54
-10.2154 -4.2598 7.6830 30.76
-6.8691 -2.6610 9.1545 47.98
-8.8144 -3.3582 4.4357 19.22
-10.1568 -3.7846 9.0619 36.45
-10.3984 -5.0571 2.7864 7.82
-10.2552 -4.8653 6.4307 25.03
-8.1481 -3.6842 9.1728 42.30
-10.3656 -4.5641 3.8972 13.52
-10.2275 -4.3815 7.7262 30.79
-6.8426 -2.7250 9.1585 47.99
-8.8064 -3.4494 4.4412 19.20
-10.1459 -3.8937 9.0856 36.45
-9.8256 -3.5557 2.6006 7.66
-10.2368 -3.6020 6.5988 26.84
-8.0370 -2.6588 9.1865 44.05
-10.3481 -4.6609 4.3030 15.44
-10.2183 -4.4849 8.2530 32.70
-6.3712 -2.5694 9.1289 49.92
-10.2945 -4.1861 5.4426 21.16
-9.5922 -3.7510 9.2083 38.39
-9.7548 -3.6259 2.9453 9.59
-10.2502 -3.7217 6.6220 26.82
-8.0003 -2.7313 9.1787 44.06
-10.3293 -3.4174 4.1320 15.27
-9.7901 -3.1325 7.6260 32.52
-6.6901 -1.9503 9.1666 49.74
-8.7911 -3.6284 4.8205 21.15
-9.5518 -3.8513 9.2125 38.40
-10.3555 -3.9818 3.0705 9.63
-10.2540 -3.8340 6.6560 26.87
-7.9475 -2.8033 9.1661 44.09
-10.2996 -3.5222 4.1398 15.30
-10.1837 -3.3754 7.9273 32.57
-6.6612 -2.0111 9.1671 49.78
-10.0648 -3.0251 5.1625 20.98
-9.8552 -2.8403 9.1193 38.26
-8.9129 -3.4865 2.8116 9.63
-10.2334 -3.9415 6.6720 26.89
-7.9164 -2.8706 9.1657 44.11
-10.2991 -3.6377 4.1577 15.34
-9.2342 -3.1355 7.3018 32.56
-6.6437 -2.0751 9.1694 49.77
-9.9735 -3.0991 5.1447 21.01
-9.6372 -2.8759 8.9669 38.27
-9.7505 -2.7229 2.8703 9.45
-10.1688 -2.7525 6.4034 26.72
-8.2863 -2.0913 9.2160 43.94
-9.7763 -3.5399 4.0121 15.32
-10.1870 -3.5958 7.9814 32.58
-6.5892 -2.1207 9.1362 49.80
-10.2601 -3.2958 5.6921 22.97
-9.2823 -2.8397 9.2136 40.16
-10.1188 -2.9308 3.3013 11.40
-9.9965 -2.7807 7.2068 30.56
-7.2342 -1.8440 9.1777 47.79
-9.4087 -2.3285 4.4807 19.03
-10.1541 -2.4197 8.6932 36.26
-10.3505 -3.5257 2.6582 7.62
-10.2535 -3.3878 6.1139 24.84
-8.5820 -2.6843 9.1351 42.11
-10.1082 -3.0205 3.6661 13.32
-9.6652 -2.7802 7.0257 30.59
-7.2147 -1.9109 9.1804 47.80
-9.3571 -2.4066 4.4664 19.00
-10.1335 -2.5183 8.6968 36.26
-10.3388 -2.3663 2.5827 7.47
-10.2400 -2.2517 5.9297 24.71
-8.9753 -1.8441 9.2240 41.95
-10.3237 -3.2029 3.7318 13.34
-9.3610 -2.7811 6.8528 30.58
-7.1774 -1.9755 9.1667 47.82
-9.1327 -2.4360 4.3966 19.01
-10.1637 -2.6281 8.7406 36.26
-10.3451 -2.4743 2.5915 7.49
-10.2478 -2.3584 5.9444 24.70
-8.9567 -1.9327 9.2345 41.98
-10.3101 -2.0635 3.6323 13.21
-10.2156 -1.9509 7.1809 30.44
-7.4217 -1.2661 9.1973 47.68
-9.2708 -2.5751 4.4641 19.06
-10.1614 -2.7322 8.7657 36.28
-10.3779 -2.5937 2.6054 7.52
-10.2395 -2.4609 5.9626 24.75
-8.9265 -2.0091 9.2243 41.98
-10.3120 -2.1688 3.6414 13.23
-10.1994 -2.0498 7.1865 30.45
-7.4166 -1.3343 9.2064 47.68
-9.6877 -1.6616 4.5017 18.92
-10.1512 -1.6491 8.5382 36.14
-10.1985 -2.6466 2.5815 7.51
-10.2373 -2.5628 5.9674 24.72
-8.8928 -2.0907 9.2174 41.99
-10.2983 -2.2702 3.6396 13.21
-10.1970 -2.1503 7.2044 30.48
-7.3999 -1.4024 9.2065 47.69
-9.4574 -1.7070 4.4229 18.89
-10.1241 -1.7421 8.5318 36.15
-10.3373 -1.5769 2.5413 7.36
-10.2288 -1.4744 5.8304 24.60
-9.1592 -1.2022 9.2474 41.84
-10.3211 -2.3835 3.6549 13.23
-10.1878 -2.2487 7.2106 30.47
-7.3660 -1.4696 9.1911 47.71
-9.6416 -1.8388 4.4955 18.90
-10.1449 -1.8440 8.5619 36.15
-10.3380 -1.6798 2.5480 7.38
-10.2310 -1.5761 5.8385 24.59
-9.1246 -1.2887 9.2373 41.87
-10.3145 -1.2869 3.5805 13.10
-10.2138 -1.1868 7.0779 30.33
-7.5645 -0.7412 9.2306 47.57
-9.5597 -1.9193 4.4822 18.95
-10.1344 -1.9424 8.5744 36.17
-10.3544 -1.7897 2.5580 7.41
-10.2512 -1.6809 5.8659 24.64
-9.1226 -1.3712 9.2473 41.87
-10.3213 -1.3899 3.5886 13.12
-10.1863 -1.2825 7.0721 30.34
-7.5339 -0.8060 9.2059 47.57
-9.6651 -0.9378 4.4365 18.81
-10.1412 -0.8955 8.4241 36.04
-10.3488 -1.8882 2.5570 7.40
-10.2395 -1.7776 5.8624 24.61
-9.1072 -1.4578 9.2516 41.88
-10.2970 -1.4876 3.5824 13.10
-10.1900 -1.3811 7.0887 30.37
-7.0496 -0.7956 9.1949 49.47
-8.7722 -0.9061 4.4540 20.72
-6.4899 -0.5608 6.0873 37.98
-10.3256 -0.8015 2.8500 9.16
-10.1854 -0.7064 6.1572 26.43
-8.5844 -0.4745 9.1484 43.65
-10.3003 -1.5767 3.9522 15.04
-10.1830 -1.4715 7.5513 32.28
-7.0217 -0.8540 9.1815 49.51
-8.7537 -0.9911 4.4567 20.75
-6.4855 -0.6180 6.0894 37.98
-10.3171 -0.8977 2.8531 9.18
-10.1914 -0.8067 6.1599 26.41
-8.5531 -0.5529 9.1359 43.69
-10.2655 -0.5126 3.8775 14.87
-10.1792 -0.4331 7.4366 32.12
-7.1588 -0.1626 9.2181 49.35
-8.7593 -1.0724 4.4598 20.73
-6.4870 -0.6853 6.0986 37.98
-10.3160 -0.9978 2.8623 9.22
-10.2140 -0.9050 6.1861 26.46
-8.5629 -0.6408 9.1520 43.69
-10.2934 -0.6168 3.8918 14.90
-10.1659 -0.5271 7.4439 32.17
-7.1424 -0.2296 9.2095 49.37
-8.7854 -0.1850 4.4143 20.58
-6.5308 -0.0362 6.0703 37.87
-10.3019 -1.0941 2.8610 9.22
-10.2049 -1.0041 6.1915 26.48
-8.5673 -0.7161 9.1668 43.70
-10.2892 -0.7183 3.8991 14.93
-10.1559 -0.6229 7.4384 32.15
-7.1465 -0.2969 9.2188 49.37
-8.7374 -0.2647 4.4027 20.61
-6.5126 -0.0981 6.0593 37.87
-10.2914 -0.0445 2.8195 9.06
-10.1815 0.0346 6.1157 26.33
-8.5615 0.1410 9.0767 43.55
-10.3038 -0.8126 3.9029 14.92
-10.1656 -0.7200 7.4556 32.18
-7.1295 -0.3580 9.2130 49.40
-8.7515 -0.3514 4.4150 20.65
-6.5268 -0.1560 6.0725 37.87
-10.3037 -0.1408 2.8246 9.08
-10.2123 -0.0649 6.1268 26.31
-8.5590 0.0607 9.0754 43.55
-10.2676 0.2359 3.8539 14.77
-10.1639 0.3038 7.3934 32.02
-7.1968 0.3451 9.2298 49.25
-8.7468 -0.4303 4.4126 20.63
-6.5014 -0.2210 6.0566 37.88
-10.3114 -0.2400 2.8381 9.14
-10.1908 -0.1593 6.1273 26.36
-8.5588 -0.0253 9.0861 43.59
-10.2452 0.1344 3.8527 14.80
-10.1700 0.2096 7.4082 32.07
-7.1804 0.2768 9.2183 49.28
-8.7250 0.4483 4.3749 20.49
-6.5446 0.4276 6.0669 37.77
-10.3014 -0.3364 2.8319 9.11
-10.1903 -0.2580 6.1330 26.38
-8.5663 -0.0995 9.0982 43.60
-10.2641 0.0335 3.8639 14.83
-10.1527 0.1136 7.3936 32.05
-7.1897 0.2098 9.2245 49.27
-8.7250 0.3670 4.3789 20.52
-6.5360 0.3646 6.0596 37.78
-10.3095 0.7077 2.8075 8.97
-10.1857 0.7736 6.1069 26.24
-8.5895 0.7558 9.0985 43.46
-10.2663 -0.0583 3.8624 14.82
-10.1606 0.0180 7.4048 32.08
-7.2115 0.1475 9.2584 49.30
-10.2260 0.3048 4.9460 20.55
-6.5452 0.3076 6.0655 37.78
-10.2855 0.6104 2.8056 8.98
-10.1663 0.6735 6.0893 26.21
-8.5687 0.6738 9.0840 43.49
-10.2662 0.9851 3.8452 14.68
-10.1323 1.0380 7.3780 31.94
-7.1988 0.8561 9.2520 49.18
-8.9634 0.2043 4.4696 20.53
-6.5296 0.2409 6.0533 37.78
-8.7723 0.4568 2.5719 9.02
-10.1781 0.5792 6.1025 26.26
-8.5682 0.5874 9.0781 43.49
-10.2510 0.8819 3.8439 14.71
-10.1200 0.9424 7.3745 31.98
-7.2047 0.7879 9.2501 49.18
-8.7102 1.0805 4.3716 20.40
-6.5328 0.8928 6.0661 37.65
-8.7967 0.3756 2.5743 9.02
-10.1776 0.4807 6.1045 26.28
-8.5908 0.5142 9.0991 43.50
-10.2486 0.7805 3.8473 14.74
-10.1385 0.8477 7.3777 31.96
-7.2064 0.7205 9.2446 49.18
-8.7356 1.0012 4.3824 20.43
-6.5456 0.8311 6.0770 37.69
-10.2645 1.4606 2.7955 8.88
-10.1776 1.5180 6.1205 26.15
-8.5643 1.3727 9.1148 43.37
-10.2569 0.6891 3.8455 14.72
-10.1330 0.7517 7.3759 31.98
-7.2068 0.6577 9.2481 49.21
-8.7268 0.9140 4.3810 20.46
-6.5437 0.7731 6.0708 37.69
-10.2971 1.3675 2.8013 8.89
-10.1785 1.4178 6.1091 26.13
-6.5619 1.0145 7.1944 43.37
-10.2371 1.7388 3.8453 14.59
-10.1038 1.7771 7.3960 31.84
-7.1655 1.3677 9.2643 49.07
-8.7436 0.8362 4.3820 20.44
-6.5465 0.7064 6.0689 37.69
-10.2913 1.2667 2.8057 8.93
-10.1845 1.3224 6.1158 26.17
-8.5685 1.2042 9.1062 43.40
-10.2348 1.6399 4.2079 16.54
-10.0973 1.6897 7.8534 33.76
-6.7014 1.2300 9.2533 51.05
-10.1943 2.0078 5.3456 22.26
-10.0418 2.0608 9.4025 39.48
-9.5650 1.1003 3.0077 10.83
-10.1444 1.2296 6.5124 28.10
-8.2309 1.0957 9.2992 45.32
-10.2346 1.5421 4.2062 16.55
-10.1247 1.5998 7.8698 33.79
-6.7217 1.1718 9.2542 51.01
-10.1842 1.9051 5.3369 22.27
-10.0385 1.9559 9.3916 39.51
-9.6651 2.1051 3.0364 10.72
-10.1539 2.2744 6.5836 28.00
-8.1284 1.9119 9.3043 45.20
-10.2499 1.4449 4.2097 16.56
-10.1208 1.5002 7.8598 33.80
-6.7062 1.1069 9.2356 51.05
-10.2051 1.8099 5.3386 22.27
-10.0253 1.8649 9.3613 39.49
-9.6671 2.0164 3.0372 10.74
-10.1608 2.1834 6.5694 27.96
-8.1220 1.8314 9.2827 45.21
-9.6075 2.3663 4.4034 18.38
-10.0764 2.5510 8.4302 35.60
-10.2706 1.6622 2.4538 6.94
-10.2220 1.7267 5.7398 24.20
-9.3510 1.6602 9.3231 41.44
-8.5569 1.7158 3.1162 12.68
-10.1375 2.0866 6.9973 29.93
-7.6191 1.6634 9.2868 47.18
-9.4277 2.2328 4.3419 18.41
-10.1109 2.4587 8.4479 35.63
-10.2711 2.7520 2.4581 6.82
-10.1846 2.7898 5.7983 24.09
-9.2225 2.6053 9.3634 41.34
-8.5469 1.6353 3.1125 12.69
-10.1396 1.9853 6.9820 29.91
-7.6322 1.5924 9.2825 47.17
-9.6036 2.1790 4.3960 18.42
-10.0987 2.3552 8.4279 35.65
-10.2708 2.6428 2.4584 6.84
-10.1820 2.6855 5.7856 24.09
-9.2075 2.5113 9.3326 41.35
-8.5480 2.5405 3.1383 12.56
-9.4097 2.8463 6.6713 29.83
-7.5044 2.3482 9.3172 47.06
-9.3980 2.0419 4.3161 18.40
-10.1072 2.2620 8.4152 35.63
-10.2776 2.5448 2.4584 6.85
-10.1839 2.5858 5.7774 24.10
-9.2681 2.4306 9.3596 41.32
-8.5620 2.4613 3.1387 12.57
-9.5526 2.7899 6.7445 29.84
-7.4956 2.2725 9.2819 47.05
-9.5158 3.0872 4.4245 18.30
-9.1686 3.0392 7.8842 35.53
-10.2816 2.4415 2.4583 6.86
-10.1885 2.4885 5.7743 24.12
-9.2810 2.3406 9.3606 41.36
-8.5721 2.3717 3.1403 12.60
-9.9946 2.8201 6.9952 29.85
-7.5081 2.2027 9.2825 47.08
-9.3349 2.9361 4.3591 18.34
-9.1773 2.9471 7.8771 35.56
-10.2571 3.5650 2.4714 6.75
-10.1614 3.5889 5.8797 24.02
-8.4830 3.0661 8.8467 41.27
-9.0551 2.4151 3.2490 12.61
-9.5293 2.5934 6.6991 29.83
-7.5338 2.1348 9.2916 47.09
-9.5359 2.9012 4.4202 18.34
-8.9439 2.7811 7.6822 35.56
-10.2867 3.4609 2.4743 6.77
-10.1298 3.4701 5.8477 24.02
-8.7991 3.0891 9.1174 41.28
-10.2350 3.8564 3.5825 12.53
-10.1055 3.8643 7.2197 29.76
-7.1718 2.8119 9.1238 46.99
-9.8894 2.9094 4.9010 20.22
-9.5638 2.8866 8.6363 37.50
-10.0140 3.2772 2.7903 8.72
-10.1190 3.3734 6.2552 25.96
-8.3409 2.8527 9.1844 43.18
-10.1915 3.7328 3.9312 14.42
-10.0947 3.7601 7.6636 31.67
-6.8664 2.6315 9.2729 48.91
-10.1717 4.1423 5.1299 20.14
-10.0505 4.1563 9.2767 37.38
-10.0450 3.1845 2.7900 8.71
-9.8612 3.1842 6.1145 25.99
-8.2269 2.7266 9.0529 43.21
-10.1926 3.6258 3.9237 14.43
-10.0914 3.6558 7.6403 31.67
-6.8968 2.5706 9.2796 48.91
-10.1656 4.0218 5.1156 20.16
-10.0288 4.0399 9.2320 37.39
-10.2309 4.4154 2.8632 8.62
-10.1063 4.4200 6.4060 25.85
-8.2447 3.6660 9.3615 43.13
-10.2056 3.5247 3.9224 14.45
-10.0888 3.5411 7.6224 31.70
-6.9095 2.5046 9.2771 48.94
-10.1661 3.9214 5.0979 20.14
-10.0469 3.9360 9.2183 37.40
-10.2252 4.2961 2.8633 8.66
-10.1256 4.3163 6.4035 25.89
-8.2675 3.5877 9.3556 43.14
-9.6083 4.4477 3.8456 14.34
-10.0760 4.7200 7.8616 31.59
-6.4310 3.0646 8.9820 48.82
-10.1717 3.8081 5.0891 20.16
-10.0342 3.8276 9.1895 37.43
-10.2186 4.1868 2.8551 8.65
-10.1458 4.2162 6.3920 25.88
-8.3088 3.5161 9.3517 43.10
-9.5787 4.3289 4.2006 16.30
-10.0514 4.5964 8.3243 33.52
-6.1314 2.8625 9.0945 50.75
-8.6784 4.2964 5.0030 22.01
-9.2506 4.6313 9.4032 39.25
-9.6474 3.8553 3.1001 10.56
-10.1066 4.0985 6.8081 27.84
-7.4799 3.0961 8.9960 45.05
-10.1911 4.4930 4.3763 16.26
-10.0575 4.4896 8.3026 33.54
-6.1433 2.8027 9.0802 50.76
-10.1424 4.9022 5.6471 22.03
-9.3193 4.5591 9.4308 39.27
-9.2545 4.8307 3.0959 10.49
-8.6596 4.5583 6.1943 27.74
-7.4843 3.9915 9.3703 45.00
-10.1758 4.3701 4.3617 16.28
-10.0585 4.3765 8.2703 33.53
-6.0794 2.7081 8.9629 50.77
-10.1385 4.7781 5.6226 22.02
-9.3439 4.4689 9.4097 39.24
-8.6993 4.4346 2.9729 10.50
-8.7857 4.5262 6.2417 27.72
-7.5054 3.9137 9.3444 44.97
-10.1512 5.6340 4.5061 16.22
-10.0326 5.6119 8.6045 33.48
-6.0396 3.4178 9.2885 50.69
-9.5458 4.3930 5.3456 22.05
-9.3796 4.3740 9.4191 39.30
-8.7222 4.3478 2.9664 10.48
-8.6084 4.3303 6.1108 27.72
-7.5445 3.8516 9.3572 45.00
-10.1737 5.5179 4.4998 16.24
-10.0320 5.4904 8.5620 33.47
-6.0649 3.3622 9.2853 50.70
-10.1166 5.9563 5.8230 21.96
-8.9227 5.2945 9.4144 39.21
-9.4267 4.5857 3.1078 10.51
-8.6506 4.2574 6.1278 27.78
-7.5488 3.7670 9.3239 45.00
-8.6531 4.5925 4.3323 18.18
-10.0508 5.3871 9.0842 35.38
-10.2179 5.8348 2.5532 6.62
-10.1031 5.8208 6.2425 23.90
-8.3763 4.8760 9.3914 41.12
-8.6211 5.3305 3.3748 12.37
-10.0509 6.2647 7.7572 29.58
-6.7404 4.2326 9.3494 46.82
-8.7048 4.5161 4.3315 18.16
-10.0175 5.2545 9.0237 35.40
-10.2223 5.7137 2.5454 6.62
-10.0917 5.6905 6.2063 23.88
-8.4066 4.7849 9.3816 41.14
-8.6506 5.2414 3.3683 12.36
-10.0615 6.1387 7.7384 29.63
-6.7516 4.1563 9.3215 46.84
-8.6520 5.6520 4.4947 18.10
-9.9960 6.5895 9.4735 35.33
-10.2114 5.5795 2.5475 6.67
-10.0986 5.5733 6.1779 23.86
-8.4159 4.6856 9.3380 41.11
-8.6484 5.1219 3.3579 12.38
-10.0613 6.0162 7.6979 29.62
-6.7925 4.0978 9.3300 46.85
-8.6542 5.5414 4.4819 18.14
-9.9853 6.4481 9.4210 35.36
-10.1962 7.0059 2.6098 6.56
-10.0768 6.9641 6.4868 23.82
-7.9721 5.5396 9.3924 41.06
-8.6391 5.0128 3.3435 12.38
-10.0535 5.8806 7.6538 29.61
-6.8104 4.0237 9.3124 46.88
-8.6498 5.4257 4.4602 18.14
-9.4433 5.9784 9.4725 37.26
-10.1819 6.8506 3.0123 8.51
-9.1226 6.1786 6.3708 25.71
-7.5044 5.1143 9.3782 42.99
-10.1530 7.3664 4.3171 14.21
-10.0134 7.3066 8.6108 31.48
-6.0119 4.3906 9.3207 48.70
-10.1196 6.2239 5.4284 20.00
-9.4663 5.8745 9.4546 37.29
-10.1813 6.7187 3.0046 8.53
-9.0306 5.9965 6.2918 25.75
-7.5417 5.0403 9.3712 43.00
-10.1597 7.2185 4.3042 14.24
-10.0150 7.1599 8.5659 31.50
-6.0441 4.3326 9.3160 48.72
-10.0704 7.7011 5.7153 19.98
-8.8764 6.8148 9.4713 37.21
-10.1914 6.5896 2.9912 8.51
-9.1165 5.9286 6.3139 25.77
-7.5921 4.9693 9.3820 43.03
-10.1446 7.0653 4.2828 14.26
-10.0052 7.0166 8.5015 31.47
-6.0801 4.2747 9.3121 48.72
-10.0859 7.5530 5.6875 19.98
-8.9177 6.7168 9.4538 37.22
-10.1401 8.1216 3.1083 8.46
-8.5641 6.8800 6.3643 25.74
-7.0692 5.6925 9.3714 42.96
-10.1400 6.9229 4.2582 14.25
-10.0124 6.8724 8.4713 31.53
-6.1174 4.2190 9.3185 48.75
-10.1034 7.4308 5.6659 19.98
-8.9995 6.6448 9.4707 37.22
-10.1688 7.9831 3.1036 8.48
-8.5900 6.7692 6.3261 25.68
-7.1221 5.6306 9.3788 42.98
-10.1003 8.5223 4.4840 14.19
-9.9797 8.4544 9.0237 31.45
-5.6772 4.7868 9.3025 48.69
-10.1063 7.2785 5.6417 20.02
-9.0509 6.5579 9.4639 37.22
-10.1510 7.8227 3.0883 8.48
-8.5773 6.6330 6.2908 25.73
-7.1735 5.5663 9.3758 42.97
-10.1100 8.3597 4.4646 14.21
-9.9840 8.2923 8.9647 31.46
-5.7327 4.7479 9.3254 48.70
-9.4776 8.4056 5.7024 19.94
-8.3656 7.4321 9.4700 37.19
-10.1716 7.6880 3.0757 8.47
-8.5737 6.4992 6.2518 25.74
-7.2297 5.4998 9.3850 42.99
-10.1266 8.2140 4.4485 14.23
-9.9674 8.1264 8.8867 31.44
-5.7650 4.6861 9.3051 48.69
-9.5599 8.3083 5.7066 19.96
-8.3635 7.2927 9.3986 37.19
-9.9225 9.2214 3.1862 8.43
-9.4491 8.8076 7.2928 25.72
-6.6636 6.1920 9.3895 42.94
-10.1173 8.0511 4.4172 14.21
-9.9597 7.9646 9.4087 33.37
-5.4290 4.3319 9.2887 50.63
-10.0405 8.5736 6.3934 21.87
-7.9216 6.7780 9.4377 39.12
-8.7337 7.9539 3.3275 10.37
-9.5978 8.7866 7.8564 27.59
-6.2729 5.7164 9.3434 44.84
-8.5584 8.3534 4.5881 16.11
-8.9812 8.7849 9.2837 33.35
-4.9968 4.8394 9.2900 50.56
-10.0677 8.4370 6.3624 21.85
-8.0074 6.7173 9.4478 39.08
-8.7031 7.7815 3.3018 10.37
-9.7889 8.7896 7.9397 27.62
-6.3436 5.6816 9.3753 44.86
-8.5721 8.2044 4.5630 16.12
-9.1014 8.7396 9.3188 33.35
-5.0272 4.7838 9.2765 50.58
-10.0011 10.2877 6.8577 21.87
-7.2953 7.4693 9.4408 39.06
-8.6598 7.5910 3.2721 10.36
-9.9797 8.8046 8.0260 27.65
-6.3952 5.6232 9.3728 44.85
-8.5978 8.0785 4.5341 16.08
-9.2553 8.7284 9.3809 33.33
-5.0718 4.7422 9.2851 50.60
-10.0157 10.1068 6.8086 21.87
-7.3513 7.3894 9.4392 39.11
-9.1324 9.8379 3.6189 10.35
-9.9493 10.7419 8.7149 27.60
-5.8011 6.2020 9.3630 44.86
-8.6014 7.9262 4.5111 16.11
-9.4361 8.7327 9.4726 33.35
-5.1258 4.7074 9.3003 50.59
-10.0260 9.9178 6.7535 21.85
-7.4207 7.3282 9.4335 39.07
-10.0801 10.6658 3.8475 10.35
-9.9357 10.5351 8.6234 27.58
-5.8545 6.1437 9.3465 44.83
-10.0244 11.3734 5.5076 16.09
-7.7132 8.7107 9.2256 35.24
-8.6492 8.3530 2.5588 6.50
-8.5683 8.3047 6.3402 23.77
-6.9983 6.7675 9.4121 41.01
-10.0664 10.4465 4.3147 12.28
-6.4013 6.5985 6.2473 29.50
-5.5222 5.6852 9.3175 46.77
-10.0276 11.1551 6.0111 18.05
-7.8587 8.7099 9.3005 35.27
-10.0953 12.0307 2.9759 6.48
-9.9456 11.8565 7.9027 23.76
-6.2725 7.4038 9.3947 41.01
-10.1008 10.2940 4.2943 12.27
-8.6026 8.7496 8.5278 31.42
-5.2190 5.2649 9.2971 48.69
-10.0286 10.9542 6.4965 19.93
-7.5826 8.2419 9.4784 37.17
-9.2200 10.7450 3.2789 8.43
-9.9396 11.6245 8.4172 25.64
-5.9391 6.8678 9.3853 42.94
-8.5560 10.6940 4.6027 14.15
-7.2684 9.0466 9.2084 35.24
-10.1048 10.7996 2.8757 6.50
-9.9747 10.6872 8.1056 25.69
-6.2317 6.6186 9.3923 42.95
-8.9386 10.2203 4.5802 14.19
-9.2148 10.5613 9.6052 31.44
-4.9284 5.5586 9.3135 48.66
-9.9588 12.2296 6.8329 19.93
-7.0788 8.6396 9.4601 37.17
-10.0781 13.2994 3.0882 6.48
-9.9335 13.1008 8.3308 23.76
-5.9148 7.6940 9.4016 41.01
-10.0566 11.3133 4.4519 12.28
-9.9099 11.1483 9.4828 29.48
-5.3120 5.8972 9.3324 46.76
-9.9929 12.0549 6.7901 19.93
-7.1756 8.5892 9.4787 37.17
-10.0907 13.0376 3.0679 6.49
-9.9319 12.8375 8.2325 23.74
-5.5986 7.1284 9.3769 42.94
-10.0057 13.9066 4.8808 12.25
-8.2015 11.3392 9.5910 31.42
-4.4127 5.9587 9.3136 48.66
-9.9832 11.7975 6.7244 19.95
-7.2618 8.5355 9.4855 37.16
-8.6008 10.8692 3.2361 8.43
-9.8844 12.5371 8.7545 25.68
-5.6654 7.0803 9.3702 42.91
-9.0831 12.3553 4.4914 12.25
-8.9779 12.1799 9.6263 29.53
-4.7682 6.3411 9.3367 46.74
-9.9619 14.6000 6.2442 16.10
-7.3453 10.6527 9.5460 33.34
-4.0000 5.6502 9.2780 50.55
-9.9445 12.3607 7.4698 21.87
-6.5657 8.0789 9.4410 39.11
-8.5950 11.4338 3.3026 8.43
-9.8985 13.2117 9.0178 25.68
-5.5025 7.2204 9.3831 42.91
-8.5602 12.2549 4.4089 12.26
-8.6592 12.3633 9.6083 29.53
-4.6102 6.4395 9.3263 46.74
-9.7497 15.0743 6.3267 16.11
-7.0822 10.8199 9.5446 33.35
-3.8698 5.7450 9.2887 50.55
-9.9511 13.0091 7.0622 19.95
-6.7206 8.7064 9.3328 37.16
-10.0552 14.1367 3.1677 6.50
-9.8860 13.8959 9.2775 25.66
-5.3243 7.3402 9.3711 42.89
-9.8187 14.8765 5.0356 12.26
-8.2983 12.4791 9.5505 29.53
-4.4577 6.5457 9.3311 46.74
-9.9176 16.2117 6.6334 16.11
-6.8044 10.9628 9.5298 33.35
-3.7286 5.8224 9.2794 50.55
-9.4234 12.9570 6.9343 19.95
-6.3779 8.6785 9.1718 37.19
-10.0634 14.9236 3.2432 6.50
-9.8751 14.6249 8.8612 23.75
-5.4971 7.9842 9.3908 40.98
-9.9890 15.9810 4.6172 10.35
-8.7484 13.9303 9.6680 27.58
-4.5822 7.1016 9.3410 44.83
-9.9350 17.1906 6.1687 14.17
-6.5383 11.1241 9.5347 33.36
-3.5861 5.8972 9.2715 50.56
-8.4917 12.2759 6.5389 19.96
-6.2539 8.9546 9.2818 37.16
-9.7657 15.2836 3.2605 6.50
-9.4368 14.7361 8.7976 23.75
-5.3042 8.1101 9.3900 40.97
-9.9652 16.8665 4.7558 10.36
-8.3156 13.9811 9.5769 27.58
-4.4134 7.2078 9.3467 44.84
-9.8475 18.0681 5.6419 12.27
-7.2722 13.1740 9.5978 29.54
-3.9043 6.8416 9.3121 46.78
-9.6899 14.8368 6.2567 16.10
-7.1174 10.7837 9.5336 33.34
-3.8828 5.7214 9.2867 50.60
-9.1592 15.1275 7.5376 19.94
-5.8319 9.4591 9.4397 37.19
-9.9880 17.9085 3.5358 6.51
-8.3673 14.9000 8.6282 23.77
-4.8154 8.3729 9.3879 41.03
-9.3154 18.1372 4.2129 8.44
-8.2135 15.8823 9.7135 25.73
-4.2546 7.9563 9.3712 42.95
-9.9578 16.1354 5.2928 12.29
-7.9875 12.8274 9.6153 29.51
-4.2517 6.6441 9.3120 46.78
-9.8893 17.3296 6.8983 16.08
-6.4679 11.1492 9.5187 33.33
-3.5525 5.9165 9.2830 50.60
-9.4788 18.0012 7.7756 18.07
-5.6507 10.4987 9.4715 35.29
-8.7631 18.1618 2.1723 2.72
-8.6939 17.9628 8.3762 19.96
-4.4302 8.8524 8.5359 37.20
-10.0071 17.1533 3.4752 6.55
-8.6962 14.8351 8.6659 23.74
-4.9855 8.2963 9.3933 41.00
-9.7304 18.0985 4.2415 8.46
-8.1716 15.0850 9.3456 25.69
-4.3924 7.8669 9.3528 42.94
-8.9409 18.0726 4.8708 10.38
-7.3134 14.6328 9.6455 27.62
-3.8803 7.4787 9.3403 44.86
-8.1488 17.9798 5.4872 12.34
-6.2880 13.6554 9.5931 29.53
-3.3994 7.0730 9.2937 46.77
-9.9100 17.9937 6.3568 14.21
-6.7960 12.1469 9.5709 31.46
-3.6909 6.3796 9.2976 48.70
-9.1369 18.0190 6.9977 16.15
-5.9074 11.4182 9.5073 33.35
-3.2677 6.0649 9.2847 50.62
-8.3712 17.9766 7.6176 18.09
-5.1218 10.7212 9.4547 35.31
-7.6635 18.1106 2.1553 2.74
-7.6313 17.9533 8.2218 19.97
-4.4508 10.1368 9.4391 37.22
-9.3825 18.1137 2.8552 4.63
-9.3525 17.9801 9.2626 21.90
-4.7727 8.9024 9.2248 39.14
-8.6189 18.1119 3.4976 6.55
-8.2753 17.2885 9.5619 23.80
-4.2813 8.6355 9.3892 41.06
-7.8701 18.0776 4.1265 8.48
-7.1810 16.3655 9.6997 25.69
-3.7426 8.1847 9.3735 42.99
-7.1319 18.0530 4.0844 8.48
-6.5895 16.5165 9.6703 25.72
-3.4599 8.2726 9.3523 43.00
-8.8015 18.0426 4.8484 10.36
-7.2270 14.6661 9.6542 27.66
-3.6068 7.0101 9.3343 46.80
-8.0608 18.0222 6.1701 14.24
-5.7450 12.6142 9.5479 31.46
-3.1601 6.6229 9.2805 48.70
-7.3266 17.9960 6.7886 16.17
-4.9331 11.8028 9.4924 33.40
-2.7594 6.2544 9.2462 50.64
-6.6106 17.9802 6.7101 16.17
-4.5208 11.9223 9.4807 33.43
-2.5598 6.3503 9.2705 50.64
-8.2652 18.0093 7.6009 18.06
-5.0684 10.7640 9.4625 35.30
-7.5393 18.1285 2.1539 2.74
-7.5066 17.9380 8.2060 19.99
-4.3951 10.1512 9.4358 37.23
-6.8097 18.1165 2.1462 2.76
-6.8112 17.9204 8.1166 20.01
-4.0367 10.2549 9.4152 37.24
-6.1180 18.0766 2.1378 2.77
-6.1155 17.9357 8.0466 20.03
-3.6800 10.3461 9.3945 37.25
-7.7387 18.1080 2.8089 4.66
-7.7114 17.9101 8.9574 21.89
-3.9555 8.8439 8.8957 39.12
-7.0060 18.0884 2.7843 4.65
-7.0078 17.9300 8.8748 21.93
-3.8790 9.5161 9.3877 39.15
-6.3037 18.0841 2.7770 4.69
-6.3155 17.9213 8.7758 21.92
-3.5399 9.6018 9.3750 39.20
-5.6060 18.0444 2.7570 4.69
-5.6254 17.8920 8.6852 21.93
-3.2166 9.7014 9.3674 39.19
-7.2060 18.0804 2.7946 4.67
-7.2007 17.9159 8.8872 21.90
-3.9615 9.4946 9.3912 39.13
-6.5012 18.0971 2.7753 4.66
-6.4932 17.8882 8.7931 21.94
-3.6490 9.6043 9.3941 39.16
-5.8043 18.0723 2.7682 4.70
-5.8345 17.9447 8.7302 21.94
-3.3107 9.6913 9.3900 39.22
-5.1234 18.0516 2.7517 4.70
-5.1433 17.8742 8.6305 21.95
-2.7151 8.8148 8.5628 39.21
-6.6905 18.0683 2.7831 4.68
-6.6827 17.8748 8.8035 21.91
-3.7247 9.5647 9.3801 39.15
-5.9950 18.0752 2.7748 4.71
-5.4634 16.2095 8.0248 21.95
-3.4122 9.6733 9.3891 39.18
-5.3140 18.0638 2.7611 4.72
-5.3496 17.9322 8.6753 21.95
-3.0772 9.7691 9.3915 39.20
-4.6448 18.0884 2.1398 2.83
-4.6717 17.9195 7.9063 20.06
-2.9227 10.5815 9.4087 37.26
-6.2015 18.0996 2.1422 2.78
-6.1897 17.9097 8.0362 20.00
-3.7281 10.3547 9.4117 37.25
-5.5104 18.0734 2.1346 2.79
-5.5206 17.9136 7.9800 20.04
-3.3838 10.4676 9.4183 37.27
-4.8293 18.1222 1.5147 0.89
-4.8627 17.9365 7.2556 18.18
-3.2207 11.3406 9.4461 35.41
-4.1761 18.1361 0.9058 -1.00
-4.1898 17.9008 6.5334 16.28
-3.0164 12.2757 9.4486 33.50
-1.7791 6.5448 9.2523 50.73
-5.6988 17.9467 6.6341 16.22
-3.9722 12.0864 9.4755 33.45
-2.2718 6.4215 9.2556 50.70
-5.0370 17.9573 6.5818 16.21
-3.5602 12.1776 9.4583 33.45
-2.0576 6.4724 9.2461 50.71
-4.3813 17.9745 5.8977 14.33
-3.3617 13.2505 9.4900 31.56
-1.9435 6.9820 9.2573 48.82
-3.7203 17.9460 5.2223 12.44
-3.1140 14.4039 9.5065 29.68
-1.8043 7.5433 9.2997 46.94
-5.2208 17.9878 5.2890 12.38
-4.2497 14.2735 9.5662 29.63
-2.3769 7.4111 9.2899 46.88
-4.5555 17.9885 4.6207 10.49
-3.8506 14.8159 9.1564 27.73
-2.2545 8.0012 9.3095 44.98
-3.8924 17.9771 3.9729 8.59
-3.2583 14.4247 9.5335 29.68
-1.8799 7.5255 9.2855 46.90
-3.2549 17.9566 4.5846 10.54
-2.9675 15.7396 9.5603 27.79
-1.7085 8.0800 9.2870 45.03
-4.7274 18.0139 3.9987 8.57
-4.5626 17.0478 9.6538 25.81
-2.4717 8.5614 9.3444 43.07
-4.0715 18.0338 3.3630 6.67
-4.1100 17.8291 9.2396 23.90
-2.2513 8.9800 9.1262 41.14
-3.4143 18.0093 2.7441 4.79
-3.4759 17.8802 8.5099 22.02
-2.1012 9.8981 9.3391 39.30
-2.7699 18.0292 2.1431 2.91
-2.8254 17.8557 7.7812 20.13
-1.8729 10.7163 9.3746 37.34
-4.2408 18.0606 1.5235 0.93
-4.2834 17.9306 7.2020 18.16
-2.8841 11.4186 9.4471 35.42
-3.5898 18.0868 0.9116 -0.99
-3.6283 17.9156 6.4973 16.26
-1.6977 7.3866 6.1042 33.50
-2.9530 18.1056 0.9244 -0.95
-2.9868 17.8759 6.4688 16.30
-2.2261 12.3843 9.4332 33.53
-1.3651 6.5937 9.2305 50.79
-2.3543 17.9457 5.1961 12.50
-2.0419 14.5212 9.4964 29.74
-1.2539 7.5983 9.2782 47.00
-3.8108 18.0220 4.6056 10.51
-3.4207 15.7001 9.5741 27.76
-1.9363 8.0528 9.2978 45.01
-3.1540 18.0017 3.9676 8.62
-3.1073 17.1849 9.5977 25.87
-1.7488 8.6146 9.2640 43.11
-2.5130 17.9949 3.3512 6.74
-2.5674 17.8161 9.1503 23.99
-1.4512 8.6733 8.7604 41.22
-1.8612 18.0298 2.1513 2.95
-1.9304 17.8447 7.7543 20.17
-1.3470 10.7490 9.3625 37.38
-3.3025 18.0318 1.5319 0.97
-3.3576 17.9018 7.1476 18.20
-2.3119 11.4569 9.4036 35.46
-2.6620 18.0594 0.9270 -0.95
-2.7177 17.9070 6.4658 16.30
-2.0449 12.4245 9.4445 33.54
-1.2742 6.6194 9.2477 50.80
-2.0769 17.9140 5.1903 12.52
-1.8214 14.5474 9.5029 29.76
-1.1474 7.6013 9.2699 47.01
-1.4366 17.9684 3.9683 8.73
-1.4894 17.2829 9.5857 25.96
-0.9414 8.5014 9.0908 43.20
-2.8654 18.0029 3.3493 6.71
-2.8420 17.2171 9.5980 25.88
-1.5421 8.0892 9.2738 45.05
-2.2279 17.9889 3.3528 6.76
-2.2991 17.7830 9.1184 23.98
-1.3231 8.6909 8.7615 41.22
-1.5900 18.0313 2.1587 2.98
-1.6600 17.8477 7.7567 20.20
-1.1850 10.7366 9.3544 37.42
-0.9516 18.0712 0.9596 -0.85
-1.0291 17.8657 6.4533 16.43
-0.8673 12.1110 9.1932 33.64
-0.6697 6.6551 9.2345 50.87
-2.4318 17.9363 5.1954 12.49
-2.0910 14.5027 9.4885 29.74
-1.2875 7.5881 9.2684 46.99
-1.7915 17.9813 3.9597 8.69
-1.8253 17.2704 9.5839 25.93
-1.1125 8.5972 9.1863 43.17
-1.1452 18.0075 2.7566 4.89
-1.2355 17.8269 8.4225 22.12
-0.8733 9.7534 9.1293 39.41
-0.5100 18.0304 1.5725 1.11
-0.5674 16.1004 6.5153 18.34
-0.5641 11.4991 9.3486 35.59
-1.6453 15.0852 0.4954 -2.79
-1.9901 17.9195 5.8046 14.39
-1.6282 13.4113 9.4489 31.68
-1.0584 7.1075 9.2462 48.89
-1.3554 17.9743 4.5765 10.63
-1.2307 14.6790 8.9229 27.87
-0.8769 8.0922 9.2206 45.12
-0.7137 17.9932 3.3640 6.83
-0.7982 17.7960 9.1133 24.08
-0.6152 8.9351 8.9514 41.31
-0.0635 17.9700 2.1745 3.05
-0.1632 17.7958 7.7422 20.27
-0.2975 10.7012 9.3141 37.47
-1.4781 18.0361 0.9622 -0.84
-1.5424 17.8426 6.4380 16.38
-1.2376 12.4433 9.4073 33.57
-0.8536 6.6051 9.1864 50.86
-0.9122 17.9204 5.1925 12.58
-0.8765 14.3781 9.3767 29.79
-0.6687 7.6199 9.2579 47.04
-0.2754 17.9555 3.9708 8.76
-0.3696 17.1927 9.5377 26.00
-0.4028 8.5701 9.1529 43.27
0.3701 17.9426 2.7708 4.96
0.2598 17.7721 8.4194 22.20
-0.0675 9.9702 9.3103 39.46
-1.0283 17.9886 1.5607 1.07
-1.0308 16.0311 6.4843 18.30
-0.8831 11.2121 9.1449 35.56
-0.3727 15.8947 0.4816 -2.71
-0.4854 17.8793 5.8202 14.53
-0.5119 13.4144 9.4279 31.73
-0.4789 7.0937 9.2134 48.99
0.1614 17.8988 4.5757 10.68
0.0060 15.6762 9.4694 27.96
-0.2127 8.1165 9.2481 45.20
0.7953 17.9528 3.3847 6.90
0.6810 17.7613 9.1416 24.17
0.1151 8.9348 8.9788 41.40
-0.5956 17.9724 2.1624 3.01
-0.6807 17.8393 7.7465 20.23
-0.6005 10.7281 9.3398 37.48
0.0506 17.9928 0.9739 -0.81
-0.0462 17.8052 6.4350 16.44
-0.2124 12.3700 9.3691 33.68
-0.3202 6.6227 9.2011 50.94
0.5936 17.9118 5.2225 12.66
0.3191 14.3828 9.4185 29.90
-0.0495 7.5647 9.2153 47.12
1.2404 17.9107 4.0127 8.88
1.0437 16.9559 9.4869 26.10
0.2979 8.5678 9.1920 43.35
-0.1508 17.9782 2.7698 4.95
-0.2557 17.8156 8.4277 22.18
-0.3430 9.9827 9.3057 39.41
0.4777 17.9589 1.5813 1.14
0.3819 17.8459 7.1303 18.44
0.0512 11.4445 9.3297 35.65
1.0282 16.6457 0.4638 -2.64
1.0208 17.8367 5.8464 14.60
0.5851 13.2490 9.3756 31.83
0.0953 7.0598 9.2113 49.08
1.6722 17.8916 4.6331 10.81
1.2075 14.6609 8.9996 28.05
0.4439 8.0272 9.2181 45.29
0.2811 17.9464 3.3734 6.88
0.1664 17.7844 9.1226 24.12
-0.1379 8.9086 8.9375 41.36
0.9196 17.9677 2.2007 3.12
0.8093 17.8069 7.7840 20.34
0.2747 10.6335 9.2995 37.56
1.5722 17.9817 1.0041 -0.71
1.4629 17.8780 6.5127 16.53
0.8013 12.1874 9.3095 33.77
0.2167 6.5710 9.1849 51.01
2.1101 17.8881 5.2764 12.75
1.4965 14.1761 9.3872 29.99
0.5664 7.4720 9.2021 47.25
0.7210 17.9143 3.9901 8.83
0.5613 17.0726 9.5159 26.07
0.0530 8.5523 9.1569 43.32
1.3689 17.9457 2.7959 5.02
1.2371 17.7824 8.4815 22.29
0.4613 9.8753 9.2702 39.51
2.0233 17.9504 1.6136 1.24
1.8776 17.7910 7.1652 18.48
0.9930 11.3212 9.3091 35.71
2.6010 17.4844 0.4422 -2.55
2.5389 17.8352 5.9195 14.68
1.6657 13.0181 9.3353 31.92
0.6635 6.9630 9.1846 49.15
1.1421 17.8788 4.6051 10.76
0.8097 14.9458 9.1197 28.01
0.2196 8.0533 9.2177 45.26
1.7794 17.7156 3.3935 6.99
1.6615 17.7561 9.1882 24.20
0.5995 8.9025 8.9950 41.44
2.4562 17.9271 2.2364 3.21
2.3241 17.7995 7.8687 20.42
1.1477 10.5056 9.2946 37.66
3.1326 18.0158 1.0339 -0.61
2.9738 17.7842 6.5973 16.67
1.8011 11.9983 9.3064 33.88
0.7413 6.4676 9.1645 51.11
1.5772 17.8479 5.2425 12.72
1.1009 14.2506 9.3936 29.96
0.3537 7.5102 9.2076 47.21
2.2344 17.8924 4.0389 8.92
1.9531 16.7610 9.4614 26.16
0.7603 8.5534 9.2357 43.40
2.8969 17.8809 2.8456 5.14
2.7474 17.7693 8.5836 22.37
1.1023 8.7064 8.4103 39.64
3.5708 17.9390 1.6591 1.36
3.4159 17.7733 7.2857 18.59
1.9077 11.0708 9.2720 35.83
2.0516 17.2676 0.4540 -2.56
2.0127 17.8436 5.8933 14.66
1.3065 13.1259 9.3652 31.90
0.4692 7.0081 9.2020 49.13
2.6711 17.8785 4.6771 10.87
2.0184 14.5571 9.0188 28.10
0.8669 7.9421 9.2022 45.35
3.2948 17.6720 3.4478 7.08
3.1884 17.7407 9.3322 24.32
1.2950 8.6237 8.8700 41.56
4.0345 17.9297 2.2831 3.31
3.8685 17.7807 8.0085 20.52
1.9920 10.2662 9.2514 37.73
2.5816 17.9622 1.0354 -0.61
2.4494 17.7982 6.5577 16.62
1.4609 12.0693 9.3079 33.85
0.5625 6.5271 9.1994 51.09
3.1040 17.7924 5.3156 12.82
2.2546 13.9636 9.3471 30.03
0.9593 7.4166 9.2143 47.29
3.7795 17.8297 4.1063 9.02
3.3100 16.3114 9.3937 26.25
1.4499 8.3800 9.2175 43.52
4.5005 17.9541 2.9121 5.22
4.2959 17.7056 8.7303 22.47
2.0429 9.4871 9.2244 39.72
3.0295 17.9220 1.6424 1.32
2.8828 17.7860 7.2382 18.55
1.5912 11.1679 9.2894 35.80
3.7096 17.9370 0.4451 -2.45
3.5348 17.7574 5.9805 14.78
2.3617 12.8095 9.3031 31.98
0.9279 6.4419 9.1886 51.16
4.2133 17.7986 5.3987 12.90
3.0449 13.6913 9.3236 30.14
1.3755 7.2918 9.1908 47.35
4.9048 17.8528 4.8153 11.01
3.7908 14.5045 9.2514 28.26
1.7565 7.6784 9.1683 45.50
3.4023 17.6862 3.4513 7.08
3.2698 17.6970 9.3167 24.31
1.3454 8.6507 8.9017 41.56
4.1167 17.8894 2.2902 3.33
3.9507 17.7230 8.0023 20.55
2.0377 10.2269 9.2399 37.76
4.8195 17.9226 1.6855 1.42
4.6230 17.7594 7.4173 18.71
2.5893 10.8414 9.2407 35.89
5.5018 17.9273 1.0786 -0.45
5.3148 17.7666 6.8047 16.79
3.2068 11.5007 9.2459 34.02
1.4950 6.2500 9.1546 51.27
3.8498 17.8140 5.3710 12.87
2.7968 13.7909 9.3375 30.11
1.2417 7.3287 9.1985 47.36
4.5434 17.8476 4.1621 9.09
3.9170 16.0480 9.3616 26.32
1.7622 8.2637 9.1855 43.55
5.2270 17.8525 3.5744 7.22
4.9174 17.2911 9.3736 24.45
2.1589 8.5435 9.0147 41.68
5.9267 17.8302 2.9771 5.34
5.7282 17.6975 8.9391 22.57
2.5935 8.8765 8.8895 39.81
4.4486 17.9619 1.6809 1.41
4.2629 17.7650 7.3639 18.64
2.3846 10.9167 9.2574 35.90
5.1181 17.9123 1.0694 -0.48
4.4070 15.9748 6.1987 16.76
2.9859 11.5822 9.2498 34.00
1.3749 6.2870 9.1548 51.26
5.6357 17.7917 6.1823 14.91
3.6704 12.3026 9.2575 32.14
1.7219 6.6202 9.1321 49.39
6.3366 17.7666 5.5728 13.00
4.4331 13.0688 9.2592 30.28
2.1209 7.0044 9.1694 47.53
4.8087 17.8214 4.8016 11.00
3.7305 14.5005 9.2372 28.26
1.7309 7.7016 9.1832 45.50
5.4983 17.8088 4.2169 9.14
4.6807 15.7462 9.3478 26.38
2.1468 8.1066 9.1588 43.62
6.2107 17.8334 3.6326 7.28
5.7236 16.8928 9.3426 24.52
2.6100 8.5222 9.1379 41.75
6.9153 17.8370 3.6762 7.31
5.4916 14.6689 8.3748 24.57
2.8917 8.4144 9.1473 41.80
5.3527 17.8375 2.9503 5.30
5.1662 17.7220 8.8614 22.53
2.3344 8.9075 8.8358 39.76
6.0566 17.8706 2.3658 3.46
5.8494 17.6899 8.2414 20.68
2.9994 9.8732 9.2185 37.90
6.7572 17.8337 2.3931 3.51
6.5497 17.6922 8.3462 20.71
2.9333 8.6900 8.3468 37.94
7.4943 17.8484 2.4237 3.54
7.2631 17.6947 8.4689 20.76
3.6347 9.5484 9.1768 37.96
5.8975 17.9025 1.7229 1.51
5.6844 17.7121 7.5205 18.74
3.1526 10.6097 9.2276 35.99
6.5864 17.8988 1.7393 1.54
6.3791 17.7287 7.6423 18.84
3.4936 10.4370 9.2054 36.04
7.3171 17.8672 1.7630 1.59
7.0775 17.7172 7.7246 18.83
3.8411 10.2780 9.1943 36.06
8.0284 17.8275 1.7952 1.67
7.8201 17.7287 7.8557 18.90
4.1718 10.0846 9.1819 36.14
6.4121 17.9062 1.1114 -0.35
6.2103 17.7388 6.9168 16.88
3.7083 11.2931 9.2468 34.11
1.7546 6.1291 9.1317 51.35
6.9062 17.7225 6.9961 16.90
4.0605 11.0888 9.2105 34.14
1.9448 6.0257 9.1040 51.39
7.6268 17.7085 7.0973 16.95
4.4250 10.9021 9.2052 34.19
2.1504 5.9491 9.1214 51.43
8.3303 17.6682 7.9244 18.93
4.4217 9.9776 9.1823 36.12
6.8913 17.8402 1.7538 1.58
6.6827 17.7134 7.6636 18.81
3.6450 10.3660 9.2017 36.06
7.5827 17.8146 2.4329 3.57
7.3581 17.6657 8.4816 20.78
3.6825 9.5263 9.1857 38.00
8.3389 17.8370 3.1239 5.51
7.9952 17.5079 9.2875 22.73
3.5890 8.5168 8.9717 40.01
9.0545 17.7867 3.8382 7.45
7.7348 15.6033 9.2448 24.72
3.6678 8.0029 9.1329 41.94
7.3402 17.7932 3.7047 7.35
6.5781 16.4088 9.3021 24.58
3.0710 8.3682 9.1747 41.82
8.1008 17.8213 3.7718 7.41
7.1130 16.0997 9.2887 24.63
3.2636 8.0430 8.9877 41.87
8.8299 17.7980 4.5030 9.36
6.9252 14.4053 9.2285 26.60
3.2555 7.3800 8.9708 43.86
9.5198 17.6817 5.9463 13.22
6.1925 12.0123 9.1807 30.46
3.0502 6.4606 9.0877 47.73
7.7884 17.7386 5.7455 13.14
5.2836 12.5734 9.2111 30.38
2.5680 6.7661 9.1306 47.62
8.5036 17.7123 6.5352 15.12
5.2451 11.4545 9.1925 32.32
2.5679 6.2177 9.1065 49.58
9.2526 17.6712 7.3499 17.06
5.1590 10.4147 9.1574 34.30
2.5552 5.7164 9.1027 51.54
9.9240 17.5176 8.9411 20.95
4.4902 8.4995 8.7946 38.17
8.4435 17.8030 3.1286 5.52
8.0869 17.4491 9.2857 22.74
3.6392 8.4931 8.9609 39.97
9.2100 17.8114 3.8621 7.49
7.8239 15.5647 9.2407 24.70
3.7149 7.9806 9.1333 41.94
9.8115 17.5324 5.2571 11.33
6.9165 12.8232 9.1806 28.61
3.3049 6.6753 8.9041 45.84
9.8265 16.3173 6.4221 15.24
6.2034 10.7625 9.1471 32.47
3.0971 5.8776 9.0795 49.70
8.8231 17.6904 7.2929 17.06
4.9719 10.5346 9.1674 34.29
2.4404 5.7597 9.0831 51.52
9.5214 17.6178 8.8908 20.93
4.3799 8.6933 8.8777 38.15
9.7565 16.4263 3.7687 7.57
8.3584 14.4266 8.9454 24.81
4.1341 7.6631 9.0935 42.04
9.4848 14.8995 5.4331 13.37
6.9856 11.3756 9.1439 30.61
3.4849 6.1532 9.0714 47.86
8.4128 15.9014 6.1041 15.16
3.2536 6.7157 5.9654 32.40
2.8001 6.0838 9.1021 49.63
9.8957 17.2276 8.1117 19.09
5.1229 9.4581 9.1397 36.30
9.7209 15.4940 3.6696 7.59
8.8611 14.4369 9.0863 24.85
4.3198 7.5503 9.1040 42.08
9.7394 14.5237 6.0270 15.31
6.6773 10.3545 9.1165 32.55
3.2696 5.5393 8.8706 49.78
9.8975 17.6133 8.2006 19.03
5.0355 9.5152 9.1392 36.28
9.7169 15.7716 3.0659 5.66
8.6855 14.4433 8.3686 22.93
4.5703 8.1078 9.0961 40.14
9.5961 14.5516 4.7756 11.48
7.7589 12.1186 9.1337 28.72
3.8588 6.5071 9.0815 45.95
10.6924 15.1974 9.1400 23.01
5.0720 7.6966 9.0723 40.26
9.7515 16.2320 4.3982 9.49
7.9491 13.6252 9.1808 26.72
3.8630 7.1477 9.0844 43.98
9.5250 14.8264 6.0577 15.30
6.4997 10.5105 9.1242 32.51
3.2251 5.7044 9.0024 49.76
9.3709 13.6899 8.9562 24.92
4.6466 7.2591 9.0673 42.15
9.7446 13.0971 5.7373 15.39
5.9836 8.4611 8.9306 36.48
9.4617 14.9124 3.5922 7.61
8.9558 14.4285 9.1077 24.85
4.3541 7.5200 9.0977 42.08
9.7742 14.4120 6.0156 15.34
6.7294 10.2985 9.1058 32.55
3.3857 5.6504 9.0634 49.80
9.0682 12.6251 9.1272 26.86
4.4692 6.6808 9.0621 44.09
10.3035 13.2728 9.1039 25.03
5.0212 6.9066 9.0451 42.27
9.6373 14.5061 6.0077 15.31
6.6234 10.3547 9.1001 32.56
3.2422 5.5483 8.8632 49.78
8.9393 12.7222 9.1290 26.86
4.4108 6.7330 9.0702 44.09
12.3954 16.0913 9.1220 21.18
5.7690 7.9557 9.0622 38.39
9.7114 11.7713 4.9278 13.57
7.5503 9.4747 9.0538 32.70
3.8499 5.2337 9.0302 49.93
8.8497 12.8516 9.1446 26.83
4.3540 6.7856 9.0794 44.09
12.2905 16.2998 9.1498 21.15
5.6999 8.0266 9.0785 38.41
9.7146 12.0120 4.9641 13.54
6.7731 8.7403 8.9074 34.61
3.5259 4.9562 9.0491 51.85
7.3008 8.7031 8.0543 30.82
4.2776 5.4613 9.0376 48.08
9.9918 13.6838 9.1445 24.97
4.8622 7.1130 9.0908 42.21
9.7303 12.2824 5.5786 15.45
5.8870 7.8646 9.0798 38.45
9.6839 11.3912 4.8573 13.58
6.8783 8.4365 8.8053 34.65
3.6442 4.8589 9.0597 51.89
8.6494 9.7257 9.0599 30.86
4.3945 5.3295 9.0248 48.12
8.6110 11.3296 9.1073 28.86
4.3333 6.1259 9.0721 46.05
11.7045 14.0790 9.0933 23.16
5.6289 7.1941 9.0647 40.40
9.7083 10.8885 5.3057 15.53
6.7915 7.9540 9.0591 36.60
9.6506 10.0833 4.6573 13.71
7.0128 7.6597 9.0387 36.69
9.6832 11.8199 4.3929 11.65
8.1529 10.2469 9.0682 30.77
4.1447 5.6200 9.0591 48.01
10.0133 11.5709 9.0794 27.03
4.9929 6.1748 9.0417 44.26
10.3449 11.1554 9.0468 27.05
5.1901 5.9745 9.0414 44.31
8.7210 8.8200 7.1236 25.23
5.7637 6.1266 9.0156 42.45
9.7445 11.3786 5.9611 17.45
6.1557 7.5674 9.0451 38.49
9.6968 10.5407 5.2455 15.57
6.8741 7.8080 9.0257 36.62
9.6585 9.7925 4.6051 13.70
7.1222 7.5381 9.0284 36.68
9.3659 8.8758 4.4235 13.79
8.5430 8.3180 9.0232 32.93
4.3993 4.6277 9.0061 50.15
9.2398 10.4290 8.9839 28.95
4.7316 5.7226 9.0493 46.17
8.2726 8.7622 7.9722 29.03
4.8978 5.5241 9.0364 46.24
8.6543 8.4955 6.9945 25.23
5.8616 6.0371 9.0237 42.45
9.3347 8.4850 6.2392 21.48
6.9658 6.5843 9.0055 38.71
9.6906 10.2183 5.1843 15.59
6.4884 7.2035 9.0328 38.57
9.6651 9.5179 5.0595 15.65
7.7922 7.9389 9.0317 34.79
4.0006 4.4326 9.0131 52.06
9.0129 8.4655 8.7408 31.04
4.8077 4.8501 9.0090 48.26
9.6309 8.4016 8.4270 29.14
5.3398 4.9677 9.0175 46.40
8.6642 8.8477 7.1073 25.21
5.7373 6.1564 9.0188 42.45
9.0147 8.5383 6.1411 21.41
6.8542 6.7433 9.0200 38.69
9.6879 8.4915 5.3627 17.63
8.1665 7.3761 8.9913 34.90
4.2304 4.1518 9.0030 52.13
7.7648 6.5822 8.9721 36.90
9.3314 8.9156 4.4105 13.74
8.5173 8.3628 9.0192 32.89
4.3858 4.6567 9.0172 50.15
9.2742 8.4198 8.2849 29.16
5.2350 5.0727 8.9973 46.37
10.5074 8.8393 8.9867 29.23
5.3999 4.8713 9.0039 46.41
9.1700 7.2791 8.9518 33.09
4.7899 4.1077 8.9990 50.31
9.1203 8.4518 8.2189 29.11
5.2075 5.1408 9.0146 46.33
9.7586 8.4063 8.4989 29.20
5.3525 4.9287 9.0026 46.41
9.8685 7.9369 8.9722 31.16
5.1017 4.4171 8.9781 48.39
9.2386 6.9620 8.8775 33.13
4.8672 3.9633 8.9794 50.36
9.5450 8.3963 8.3901 29.15
5.3206 4.9922 9.0115 46.37
9.7781 8.0295 8.9690 31.18
5.0789 4.4822 8.9959 48.36
8.6120 6.6636 8.9621 35.02
4.4886 3.7767 8.9887 52.26
7.6091 5.5509 8.9592 38.91
9.6349 7.9452 5.2637 17.73
6.7306 5.8404 8.9919 40.64
11.7038 9.0042 8.9455 27.36
5.9753 4.9149 8.9930 44.58
11.0010 7.9110 8.9369 29.35
5.6749 4.3829 8.9541 46.53
10.3913 6.9737 8.9298 31.27
5.4076 3.9186 8.9670 48.53
9.1590 7.3333 8.9628 33.07
4.7620 4.1240 8.9787 50.29
8.7179 6.5286 8.9727 35.04
4.5456 3.7037 9.0043 52.30
7.6781 5.4237 8.9504 38.92
9.6343 6.0678 5.8381 21.74
6.3270 4.2481 8.9519 44.75
10.8785 8.1623 8.9481 29.31
5.6017 4.5057 8.9624 46.52
9.2775 6.5524 8.7546 33.16
4.9713 3.7958 8.9809 50.42
9.0082 5.9298 8.9396 35.14
4.7143 3.3828 8.9702 52.38
8.4927 5.2110 8.9120 37.14
9.6165 6.7883 5.0697 17.85
7.0879 5.2589 8.9716 40.76
9.6509 6.3503 5.8975 21.72
6.7279 4.6778 8.9585 42.76
10.5828 6.4935 8.9060 31.36
5.5285 3.6652 8.9464 48.59
8.6160 4.9867 8.9148 37.15
9.6290 6.4410 5.0213 17.89
7.6837 5.3641 8.9309 38.93
9.6365 5.9993 5.8231 21.73
6.3495 4.2154 8.9527 44.74
9.6789 5.6161 7.6684 29.51
6.0248 3.7341 8.9424 46.70
9.1855 4.9694 8.7556 35.28
4.7504 2.8265 8.6793 52.50
7.8055 5.1572 8.9367 38.98
9.6158 5.6561 5.7600 21.78
7.9502 4.8553 8.9352 39.06
9.6141 5.2053 5.6835 21.82
6.5488 3.7870 8.9393 44.84
10.1692 5.1278 8.8693 33.39
5.1280 2.8335 8.6067 50.62
7.9152 4.9433 8.9348 39.02
9.6059 5.3287 5.7035 21.82
6.5017 3.8507 8.9244 44.82
10.1113 5.2263 8.8646 33.40
4.6862 2.6791 8.0434 50.63
8.8832 4.2659 8.8945 37.30
9.6016 5.4347 5.2925 19.91
6.9667 4.1792 8.9442 42.88
10.1110 5.3509 8.8859 33.35
4.6669 2.7289 8.0366 50.58
8.8817 4.3709 8.9104 37.24
9.5688 4.1514 5.1228 20.09
7.7813 3.5579 8.8937 41.15
11.7416 6.2796 8.8882 29.55
6.1119 3.5254 8.9342 46.76
10.1814 5.0597 8.8557 33.39
5.1899 2.8262 8.6688 50.62
8.9442 4.1199 8.8873 37.28
9.5997 3.8870 5.5110 22.04
6.1122 2.6886 8.1298 45.02
10.1213 5.1592 8.8515 33.40
5.1185 2.8607 8.6099 50.62
8.9011 4.2106 8.8886 37.30
9.5842 3.9924 5.5079 21.98
5.9304 2.6897 7.9585 45.01
9.7558 3.7502 8.8402 35.48
5.1821 2.2169 8.9209 52.70
8.2619 4.0480 8.8946 39.18
9.5655 4.1012 5.5173 21.98
6.7953 3.1262 8.9193 44.99
9.7645 3.8674 8.8675 35.45
5.1553 2.2673 8.9169 52.72
6.6342 2.4962 8.5740 45.10
11.1523 4.9404 8.8465 31.54
5.6659 2.7488 8.6604 48.79
8.4112 3.4965 8.8653 39.30
9.1154 3.2949 6.0527 25.92
6.2789 2.4657 8.7117 47.01
8.4948 2.7964 7.3409 33.65
5.6629 2.0398 8.9195 50.87
7.8499 3.3859 8.9006 41.18
10.5127 3.9390 8.8238 33.54
5.5883 2.3137 8.9139 50.77
7.2719 2.5659 8.6967 43.22
9.3849 2.7636 6.5484 27.94
7.0221 2.2197 8.8840 45.17
9.7566 3.8016 8.8496 35.46
5.1617 2.2340 8.9098 52.72
6.6438 2.4599 8.5723 45.10
8.7935 2.7060 6.6519 29.87
6.5367 2.1724 8.8883 47.05
9.1577 2.4645 7.2640 31.80
6.1224 1.8195 8.8753 49.04
7.9601 2.9546 8.8817 41.26
8.9240 2.8207 5.9043 25.97
7.2943 2.4515 8.6789 43.19
8.9336 2.4901 6.2779 27.93
7.0371 2.1032 8.8717 45.19
10.0193 2.4274 8.8097 35.66
3.1156 0.9618 5.8710 52.89
7.8298 2.6821 8.6936 41.24
8.9362 2.5731 5.8858 26.00
7.5235 2.3058 8.8577 43.23
9.5924 2.4264 8.0093 33.74
5.7398 1.6332 8.9045 50.98
8.1392 1.8278 8.8298 41.46
8.9223 2.6708 5.8923 26.01
7.5070 2.3825 8.8682 43.25
9.4926 2.4656 6.5758 27.99
7.0650 1.9910 8.8773 45.21
10.0382 2.2661 8.8068 35.68
3.1077 0.9031 5.8490 52.93
7.6419 1.5307 8.8524 43.40
9.1575 2.4880 6.3958 27.94
7.0514 2.0621 8.8803 45.21
10.0234 2.3676 8.8058 35.66
3.1158 0.9404 5.8714 52.93
7.6324 1.6082 8.8454 43.36
10.8135 1.7190 8.7609 33.87
3.3160 0.7114 5.7643 51.10
8.1294 2.0865 8.8414 41.35
11.6182 2.3706 8.7816 31.93
6.1968 1.4476 8.8792 49.10
8.7656 1.5577 8.8124 39.58
9.5386 1.2323 5.6982 24.31
6.6835 1.0255 8.8565 47.30
9.1252 2.0410 8.6340 37.61
9.5716 1.6803 5.3320 22.34
7.1359 1.4157 8.8575 45.32
10.0730 1.4616 8.7669 35.79
3.1148 0.6339 5.8128 53.03
7.6604 0.9143 8.8182 43.50
10.8292 2.0587 8.7922 33.82
3.3046 0.8221 5.7643 51.04
8.1747 1.3413 8.8127 41.55
11.6358 1.3238 8.7255 32.01
6.2264 0.8769 8.8478 49.24
7.7854 0.6968 7.9610 39.72
9.5694 1.5308 5.7212 24.27
6.6913 1.2390 8.8856 47.26
9.1441 1.2074 8.5771 37.71
9.5114 0.8155 5.2851 22.42
7.1654 0.7627 8.8356 45.44
10.0952 0.5606 8.7597 35.90
3.1133 0.3347 5.7896 53.14
7.6492 1.1564 8.8198 43.45
10.8205 1.0829 8.7336 33.92
3.3370 0.5048 5.7726 51.18
8.1909 0.6019 8.7839 41.62
11.5926 0.2901 8.6918 32.11
6.2453 0.3099 8.8569 49.36
8.7776 1.0387 8.7899 39.66
9.5273 0.6758 5.6926 24.40
7.1721 0.6482 8.8399 45.46
10.0682 0.4001 8.7436 35.93
3.1146 0.2803 5.7933 53.17
7.6309 0.0995 8.7925 43.64
10.8274 0.9117 8.7375 33.95
3.3389 0.4491 5.7707 51.20
8.1733 0.4701 8.7793 41.68
11.5856 0.1082 8.6966 32.14
6.2285 0.2056 8.8398 49.37
10.0215 -0.2306 8.7348 36.01
3.1002 0.0715 5.7828 53.24
7.6540 0.5437 8.8062 43.57
10.7782 0.2328 8.7072 34.02
3.3412 0.2239 5.7736 51.28
7.6446 -0.0266 8.8050 43.63
9.5523 -0.4717 7.9201 34.13
3.3021 -0.0345 5.7423 51.36
8.2069 0.3388 8.7923 41.63
11.5349 -0.0722 8.6818 32.20
6.2211 0.1012 8.8328 49.38
9.5799 -0.3666 8.4225 36.02
3.0944 0.0173 5.7824 53.27
7.0585 -0.4530 8.7826 45.65
10.0613 0.0787 8.7467 35.96
3.1080 0.1727 5.7906 53.23
8.7064 -0.2085 8.7561 39.87
11.4853 -0.7921 8.6841 32.24
6.1703 -0.2938 8.8146 49.47
8.0613 -0.7711 8.7644 41.85
11.5575 -0.2589 8.6847 32.15
6.2301 0.0016 8.8521 49.41
9.0935 -0.4777 8.5689 37.94
7.7394 -0.7101 5.6001 28.40
6.6003 -0.5113 8.8114 47.56
9.0704 -1.1462 8.6308 38.04
9.5160 -0.4746 5.7175 24.54
7.1076 -0.2335 8.8093 45.62
9.9421 -0.8099 8.7207 36.07
3.0881 -0.1238 5.7970 53.34
7.5257 -0.8300 8.7800 43.75
9.0154 -1.3820 8.6233 38.07
7.8418 -0.5606 5.6467 28.40
6.6163 -0.3749 8.8078 47.53
8.6162 -0.8924 8.7493 39.95
10.5149 -1.5396 8.6775 34.24
3.2475 -0.3637 5.7329 51.48
7.9362 -1.4042 8.7595 41.94
10.6089 -1.0520 8.6785 34.17
3.2785 -0.2032 5.7355 51.40
7.4902 -0.9458 8.7664 43.77
9.7474 -1.6741 8.6903 36.16
5.2730 -0.7960 8.8428 53.40
7.3635 -1.4924 8.7633 43.87
10.5924 -1.3318 8.6987 34.20
3.2597 -0.2942 5.7295 51.43
6.9431 -1.0489 8.7568 45.72
9.6743 -1.9242 8.6801 36.18
8.9874 -2.1673 6.0309 26.65
6.8177 -1.5538 8.7616 45.82
8.5258 -1.2561 8.7263 39.99
12.0160 -2.3193 8.6116 30.45
6.4609 -1.1407 8.7863 47.67
8.3841 -1.8686 8.7248 40.06
10.9581 -2.9331 8.6337 32.39
5.9066 -1.4955 8.7933 49.67
7.9377 -1.3674 8.7439 41.90
10.3433 -2.2413 8.6674 34.29
3.1887 -0.5988 5.7243 51.55
7.2877 -1.8075 8.7681 43.89
9.4068 -2.7659 8.6687 36.28
5.0946 -1.4110 8.8302 53.54
7.3565 -1.4581 8.7495 43.87
9.5558 -2.3242 8.6741 36.23
5.1725 -1.1642 8.8386 53.51
6.7164 -1.8470 8.7456 45.85
9.0836 -2.9324 8.4851 36.30
5.0546 -1.5511 8.8400 53.56
7.3221 -1.6562 8.7657 43.89
9.4945 -2.5765 8.6848 36.26
5.1085 -1.2979 8.8062 53.53
6.6701 -2.0292 8.7598 45.88
9.0518 -3.2067 7.0955 30.56
6.1545 -2.1133 8.7821 47.83
8.2827 -2.1364 8.7078 40.10
10.7809 -3.2644 8.6025 32.46
3.3624 -0.9457 5.7424 49.73
9.3311 -3.1871 8.2161 34.43
3.0919 -0.9932 5.7497 51.62
7.9490 -3.0179 8.6878 40.17
10.8268 -3.1561 8.6044 32.43
5.8778 -1.6242 8.8075 49.69
9.9605 -3.2855 8.6341 34.39
3.1072 -0.9598 5.7594 51.65
8.9569 -3.3169 8.4966 36.33
4.9501 -1.7626 8.8027 53.58
7.3505 -3.0093 8.7131 42.12
9.9915 -3.1892 8.6309 34.38
3.1066 -0.9224 5.7389 51.62
8.8909 -3.1861 8.4173 36.32
4.9779 -1.7132 8.8230 53.60
7.3658 -2.9259 8.7007 42.13
11.0251 -4.9222 8.5738 30.62
5.9385 -2.5964 8.7725 47.90
9.0549 -3.1575 7.5446 32.48
5.7540 -1.9326 8.7900 49.74
8.1272 -3.1552 7.8891 36.35
4.9320 -1.8512 8.8351 53.62
6.8310 -2.9216 8.7340 44.03
9.3976 -4.4846 8.6129 34.49
5.1101 -2.3866 8.7989 51.71
8.4639 -3.1847 8.6197 38.25
8.9193 -3.7841 5.8755 24.88
6.8612 -2.8474 8.7304 44.02
10.1656 -4.7285 8.6021 32.56
5.4861 -2.4992 8.7666 49.82
6.5596 -3.3287 7.7388 40.24
8.5194 -3.5004 6.4556 28.71
6.4213 -2.5788 8.7367 45.98
9.5152 -4.2956 8.6260 34.47
5.1435 -2.2709 8.7829 51.73
6.9350 -3.4228 8.5428 42.19
9.8188 -5.3383 8.5833 32.58
5.3118 -2.8568 8.7786 49.86
7.9914 -3.5014 8.3801 38.29
11.6337 -5.6618 8.5137 28.76
6.2467 -2.9892 8.7396 45.97
8.5844 -4.5469 8.6435 36.42
4.6355 -2.4132 8.7935 53.67
6.4112 -3.6904 8.7279 44.12
9.4136 -4.4408 8.6075 34.48
5.1099 -2.3604 8.7876 51.72
6.7862 -3.4893 8.4463 42.18
9.7118 -5.4874 8.5802 32.61
5.2745 -2.9460 8.7858 49.84
7.7080 -4.7268 8.6612 38.40
11.5530 -5.8537 8.5218 28.77
6.2032 -3.0965 8.7664 46.04
8.5077 -4.6817 8.6453 36.44
4.5848 -2.4888 8.7935 53.72
6.7586 -4.0415 8.6826 42.24
10.7647 -7.0147 8.4843 28.83
5.0426 -3.2747 7.8190 46.08
8.5680 -4.6074 8.6549 36.43
4.6167 -2.4399 8.7996 53.71
6.3827 -3.7223 8.7150 44.10
10.0874 -6.4337 8.5401 30.73
5.2561 -3.3288 8.5067 47.99
7.9495 -5.4817 8.6194 36.50
4.2993 -2.9536 8.7997 53.76
6.1649 -3.5142 8.4358 44.12
9.4378 -5.8768 8.5645 32.64
5.0542 -3.1285 8.6909 49.92
8.5838 -5.7885 8.6024 34.61
4.6320 -3.1129 8.7447 51.80
6.8232 -4.9729 8.6780 40.33
11.0351 -6.7267 8.5204 28.81
5.7369 -3.4725 8.5422 46.09
9.9975 -6.6003 8.5532 30.75
5.1756 -3.4045 8.4738 47.98
7.8734 -5.6166 8.6283 36.49
4.2430 -3.0217 8.7933 53.77
6.6659 -5.1367 8.6561 40.34
11.7052 -7.5645 8.4590 26.87
6.2056 -3.9940 8.7172 44.15
8.9685 -6.2637 8.4560 32.67
4.4672 -3.1130 8.5830 51.84
6.7286 -5.0722 8.6683 40.35
10.7438 -8.7288 8.4367 26.96
5.6945 -4.6431 8.6939 44.20
9.4628 -6.4672 8.2427 30.74
5.0749 -3.4612 8.4192 47.99
7.7730 -5.7346 8.6225 36.51
4.1855 -3.0899 8.7870 53.79
6.5705 -5.2344 8.6478 40.36
10.5158 -9.0088 8.4407 26.97
5.5735 -4.8001 8.7022 44.21
8.9274 -6.4485 8.5012 32.67
4.6959 -3.3880 8.5070 49.93
7.6173 -5.9380 8.6233 36.52
3.9656 -3.1036 8.5600 53.80
6.4305 -5.4098 8.6510 40.37
10.2636 -9.2678 8.4327 26.98
5.4487 -4.9545 8.7107 44.22
8.8275 -6.7364 8.5620 32.68
4.5487 -3.4763 8.4301 49.94
7.4341 -6.1191 8.6026 36.53
3.8606 -3.1987 8.5297 53.81
6.7419 -5.9859 8.6440 38.45
7.5266 -7.2045 5.4017 21.24
6.5172 -6.2316 8.6500 38.48
11.7148 -9.4421 8.4130 25.05
6.1307 -4.9488 8.6842 42.25
9.7253 -8.4354 8.5119 28.89
5.1964 -4.5306 8.7316 46.10
8.6890 -8.1186 8.5104 30.81
4.6733 -4.3973 8.7292 48.06
8.4165 -8.4469 8.5251 30.80
4.5059 -4.5762 8.7341 48.07
7.8792 -6.7030 8.5942 34.62
4.0427 -3.4659 8.4260 51.86
6.6299 -6.0870 8.6412 38.49
7.4664 -7.3777 5.4356 21.26
6.4111 -6.3333 8.6405 38.46
8.6012 -9.1089 6.2221 21.25
6.1580 -6.5501 8.6271 38.49
7.5434 -6.7895 5.7070 23.16
6.2430 -5.6181 8.6530 40.40
11.7412 -11.2854 8.3300 23.16
6.0493 -5.8598 8.6597 40.36
9.1615 -9.5024 7.0096 23.16
5.8326 -6.0808 8.6656 40.39
9.3617 -10.4236 7.3498 23.14
5.5921 -6.2833 8.6506 40.39
11.9040 -11.2123 8.3622 23.17
6.0993 -5.7908 8.6627 40.41
8.9887 -9.1324 6.8455 23.16
5.9083 -6.0368 8.6800 40.37
8.3471 -9.1326 6.6556 23.17
5.6684 -6.2346 8.6644 40.39
9.3563 -10.9729 7.5244 23.15
5.4210 -6.4286 8.6465 40.39
9.1815 -9.1393 6.9004 23.14
5.9525 -5.9616 8.6714 40.41
8.8790 -9.5016 6.9270 23.17
5.7332 -6.1800 8.6641 40.37
8.2252 -9.4815 6.7324 23.17
5.4922 -6.3748 8.6555 40.41
9.3338 -11.5340 7.1189 21.26
5.6381 -7.0459 8.6482 38.50
8.6850 -9.1068 6.2442 21.25
6.1897 -6.5295 8.6275 38.47
7.5564 -8.5469 5.7860 21.25
5.9397 -6.7497 8.6301 38.51
9.3386 -11.3063 7.0482 21.25
5.7163 -6.9943 8.6512 38.48
9.3384 -12.1589 6.7197 19.36
5.8300 -7.6833 8.6086 36.58
3.0237 -4.0966 8.6072 53.84
6.4520 -7.1691 8.6117 36.56
3.4526 -3.9021 8.7890 53.85
6.1970 -7.4076 8.6207 36.57
3.3032 -4.0384 8.7921 53.85
6.3341 -8.1517 8.5834 34.69
3.3872 -4.4657 8.7584 51.88
6.5013 -9.0025 8.5510 32.71
3.4614 -4.9269 8.7566 49.99
7.2037 -8.4087 8.5434 32.73
3.8733 -4.5995 8.7603 49.99
7.2939 -9.1641 8.4015 30.83
3.9608 -5.0748 8.7332 48.06
7.6480 -10.3303 8.4934 28.92
4.0401 -5.5841 8.7174 46.16
7.8531 -11.4340 8.4468 27.01
4.1076 -6.1254 8.6979 44.25
9.3708 -11.4866 8.3129 25.09
4.9401 -6.1444 8.6802 42.30
9.3587 -12.3309 7.9832 23.18
5.0375 -6.7491 8.6474 40.38
8.8287 -12.5498 7.3081 21.25
5.1422 -7.4281 8.6463 38.49
8.1519 -12.5228 6.5776 19.35
5.2127 -8.1362 8.6115 36.57
2.7580 -4.4593 8.7957 53.83
6.3040 -8.2122 8.5933 34.65
3.3628 -4.4902 8.7672 51.89
6.4423 -9.0404 8.5575 32.74
3.4248 -4.9384 8.7498 50.02
6.5757 -9.9617 8.5241 30.83
3.4869 -5.4233 8.7330 48.08
7.2403 -11.8155 8.4335 27.00
3.7884 -6.3615 8.7157 44.24
8.8529 -12.0798 8.3810 25.09
4.5998 -6.3942 8.6667 42.30
8.5475 -12.5698 7.8594 23.17
4.6786 -7.0190 8.6513 40.38
7.8778 -12.5435 6.5229 19.33
5.0863 -8.2237 8.6102 36.56
2.6770 -4.4959 8.7789 53.84
5.3499 -9.3456 8.3206 32.70
2.9131 -5.2871 8.7496 49.98
6.5400 -9.4823 8.2755 30.82
3.6066 -5.3635 8.7518 48.07
7.4961 -11.6911 8.4504 27.00
3.9166 -6.2710 8.7025 44.22
7.4220 -12.5431 7.5831 23.16
4.2352 -7.3165 8.6627 40.40
6.8166 -12.5116 6.3249 19.34
4.5596 -8.5360 8.6081 36.56
2.3861 -4.6807 8.7858 53.82
5.6395 -8.6902 8.5820 34.63
2.9604 -4.7184 8.6992 51.89
6.1554 -10.2328 8.5234 30.83
3.2497 -5.5815 8.7304 48.05
6.7680 -12.1582 8.4577 27.00
3.5178 -6.5321 8.7136 44.21
6.3881 -12.5015 6.7798 21.21
4.0386 -8.0952 8.6344 38.48
7.7500 -12.4877 5.9170 17.38
5.4246 -8.8607 8.5984 34.62
2.8666 -4.8554 8.7794 51.89
5.8942 -10.4048 8.5292 30.82
3.0081 -5.5143 8.5264 48.05
6.4522 -12.3345 8.4558 26.99
3.3340 -6.6098 8.6913 44.20
5.9567 -12.4500 6.6835 21.20
3.8390 -8.2313 8.6565 38.48
7.3178 -12.5061 5.8494 17.38
5.1898 -9.0008 8.5943 34.62
2.7286 -4.9252 8.7728 51.92
4.9081 -9.2683 7.6461 30.81
2.9274 -5.7203 8.6792 48.04
6.1529 -12.5355 7.8828 25.06
3.2109 -6.7953 8.3138 42.32
5.5653 -12.4413 6.0884 19.29
3.8861 -8.9021 8.6146 36.53
2.0091 -4.8951 8.7988 53.76
5.1210 -9.4258 8.3053 32.75
2.7981 -5.3486 8.7443 49.98
6.2707 -12.4614 8.4541 26.94
3.2394 -6.6854 8.7126 44.20
5.7344 -12.4897 6.6647 21.22
3.7051 -8.2917 8.6439 38.44
5.1659 -12.3928 4.5171 13.52
4.5672 -11.0766 8.5156 30.78
2.3680 -6.0732 8.7515 48.01
6.4603 -12.5323 7.9370 25.03
3.5418 -7.0866 8.6766 42.27
5.8990 -12.4918 6.1559 19.29
4.0733 -8.8219 8.6225 36.53
2.1011 -4.8279 8.7845 53.82
4.6880 -11.0694 8.5412 30.78
2.4298 -6.0385 8.7495 48.04
4.7890 -12.4312 7.0091 23.08
2.9381 -7.9261 8.6159 40.34
6.0281 -12.4391 5.6308 17.36
4.3433 -9.1395 8.3980 34.62
2.3288 -5.1564 8.7711 51.86
2.9743 -7.0142 5.5724 28.88
2.6769 -6.4155 8.7169 46.09
4.9552 -12.4686 6.5284 21.20
3.2755 -8.5079 8.6606 38.43
4.4293 -12.4001 4.4530 13.53
3.9953 -11.3306 8.5219 30.76
2.0421 -6.2023 8.7447 47.99
5.6406 -12.5073 7.7633 25.05
3.1712 -7.2903 8.6878 42.26
5.0975 -12.4259 5.5064 17.37
3.6127 -9.0461 8.6269 36.52
1.8411 -4.9528 8.7887 53.80
4.4538 -12.1722 8.5026 28.85
2.2691 -6.6045 8.7351 46.09
4.0671 -12.4166 5.8788 19.27
2.8659 -9.0742 8.4410 36.49
1.4710 -5.1066 8.7928 53.75
3.0847 -7.5729 5.8760 28.87
2.5705 -6.4595 8.7278 46.14
4.7252 -12.4647 6.4926 21.20
3.1270 -8.5416 8.6455 38.45
4.1972 -12.3548 3.9518 11.59
4.1481 -12.3176 8.5153 28.84
2.0956 -6.6736 8.7374 46.08
3.7156 -12.4248 5.8391 19.26
2.6040 -9.0744 8.3770 36.48
1.3367 -5.1611 8.8034 53.73
4.6945 -12.0802 8.5088 28.86
2.4012 -6.5308 8.7206 46.12
4.3610 -12.4617 6.4255 21.14
2.8789 -8.5530 8.5725 38.41
3.8459 -12.3610 3.9282 11.58
3.8246 -12.4372 8.5121 28.81
1.9220 -6.7387 8.7295 46.02
3.3606 -12.4105 5.7871 19.22
2.3482 -9.0689 8.3149 36.46
1.1982 -5.2103 8.8006 53.68
4.3804 -12.2019 8.5043 28.85
2.2361 -6.6208 8.7425 46.10
3.9948 -12.4126 5.8593 19.24
2.8139 -9.0860 8.4358 36.49
1.4472 -5.1366 8.8120 53.71
3.5017 -12.4994 7.9211 26.88
1.8859 -7.2484 8.7145 44.14
3.0285 -12.3886 4.7892 15.36
2.6095 -11.0059 8.6021 32.61
1.2703 -6.0356 8.7937 49.85
4.1276 -12.4427 6.9210 23.10
2.5755 -8.1414 8.6705 40.30
3.6395 -12.3672 4.3656 13.45
3.3428 -11.5935 8.5320 30.72
1.6807 -6.3536 8.7725 47.98
3.1554 -12.4301 5.7735 19.21
2.1957 -9.0921 8.3024 36.47
1.1172 -5.2372 8.8075 53.69
2.6708 -12.4459 7.2435 24.93
1.5540 -7.8910 8.7051 42.18
3.7801 -12.4114 4.8693 15.42
3.2078 -10.7687 8.5754 32.65
1.6100 -5.9088 8.7730 49.90
3.2849 -12.4189 6.2755 21.12
2.2324 -8.8861 8.6558 38.36
2.8237 -12.3506 3.4124 9.63
2.7958 -12.4440 7.7907 26.85
1.5051 -7.3643 8.7192 44.11
2.3477 -12.3466 4.2758 13.43
2.2075 -11.9582 8.5675 30.70
1.0373 -6.5168 8.7527 47.90
3.4268 -12.4357 6.3006 21.13
2.3166 -8.8494 8.6489 38.37
2.9518 -12.3475 3.4102 9.60
2.9265 -12.4600 7.8215 26.87
1.5768 -7.3441 8.7122 44.09
2.4723 -12.3586 4.2819 13.41
2.3379 -11.9408 8.5664 30.67
1.1056 -6.5055 8.7578 47.91
2.0154 -12.3820 5.1752 17.22
1.6084 -10.4771 8.6383 34.47
0.7115 -5.7341 8.7925 51.72
3.0741 -12.4390 6.7749 23.06
1.9389 -8.3773 8.6931 40.26
2.6172 -12.3476 3.8452 11.53
2.5828 -12.4647 8.3306 28.77
1.2730 -6.9330 8.7441 46.01
2.1503 -12.3639 4.7223 15.33
1.8612 -11.1927 8.6019 32.57
0.8477 -6.1113 8.7609 49.80
1.6770 -12.3531 5.6248 19.16
1.1485 -9.3236 8.2853 36.37
0.4933 -5.3769 8.7997 53.60
2.7251 -12.4328 7.2402 24.92
1.5887 -7.8920 8.7136 42.18
2.2851 -12.3421 3.8255 11.52
2.2481 -12.4722 8.2860 28.73
1.0917 -6.9810 8.7517 46.00
1.8243 -12.3709 4.7036 15.31
1.5716 -11.2476 8.5987 32.55
0.6890 -6.1625 8.7840 49.78
1.3629 -12.3692 5.1301 17.18
1.0659 -10.5829 8.6425 34.43
0.4053 -5.7777 8.7803 51.68
2.3999 -12.4089 6.1796 21.09
1.6237 -9.0542 8.6601 38.33
1.9603 -12.2978 2.9227 7.64
1.9197 -12.4267 7.1502 24.88
1.0977 -8.0147 8.7267 42.16
1.5047 -12.3013 3.3440 9.55
1.4627 -12.4274 7.6395 26.79
0.7295 -7.5566 8.7448 44.04
1.0520 -12.3037 3.7536 11.41
1.0043 -12.4505 8.1500 28.66
0.3969 -7.1179 8.7650 45.91
2.0711 -12.3452 4.7149 15.34
1.7979 -11.1767 8.5846 32.57
0.8157 -6.1278 8.7781 49.82
1.6097 -12.3520 5.1500 17.24
1.2765 -10.5403 8.6383 34.44
0.5261 -5.7742 8.8023 51.70
1.1580 -12.3640 5.5903 19.10
0.7281 -9.1426 8.1085 36.36
0.2662 -5.4186 8.8152 53.58
0.7154 -12.3872 5.5813 19.10
0.3956 -9.1071 8.0487 36.31
0.0634 -5.4558 8.8274 53.53
1.7251 -12.3774 6.6101 22.99
1.0573 -8.5881 8.6963 40.19
1.3151 -12.2808 2.8983 7.60
1.2624 -12.4002 7.0924 24.88
0.6781 -8.0870 8.7199 42.09
0.8674 -12.3023 3.3220 9.51
0.8134 -12.4152 7.5844 26.75
0.3331 -7.6116 8.7453 43.99
0.4253 -12.2641 3.3017 9.48
0.3668 -12.3910 7.5416 26.70
0.0558 -7.6522 8.7583 43.96
1.4288 -12.3108 3.7763 11.46
1.3839 -12.4492 8.1786 28.67
0.6173 -7.0806 8.7635 45.96
0.9851 -12.3209 4.1922 13.31
0.9037 -12.2500 8.5857 30.57
0.3077 -6.6591 8.7746 47.83
0.5311 -12.3332 4.1820 13.29
0.4738 -12.3398 8.6123 30.55
0.0649 -6.6884 8.7753 47.78
0.0982 -12.3324 4.1738 13.28
0.0225 -12.3390 8.5996 30.55
-0.1801 -6.7320 8.8045 47.75
1.0959 -12.3012 4.6489 15.28
0.9335 -11.3788 8.6154 32.51
0.3296 -6.2315 8.8020 49.75
0.6541 -12.3225 4.6323 15.23
0.5260 -11.4436 8.6232 32.47
0.1002 -6.2639 8.8110 49.72
0.2188 -12.3124 4.6163 15.20
0.1098 -11.4814 8.6239 32.44
-0.1313 -6.2720 8.7951 49.67
-0.2175 -12.2832 4.1552 13.26
-0.2955 -12.3975 8.6244 30.52
-0.3574 -6.7369 8.8023 47.72
0.7858 -12.2964 4.1859 13.33
0.7206 -12.3061 8.6038 30.55
0.1993 -6.6656 8.7678 47.81
0.3497 -12.2969 4.1645 13.26
0.2724 -12.3319 8.5967 30.53
-0.0426 -6.7146 8.7960 47.77
-0.1014 -12.2971 4.1564 13.24
-0.1629 -12.3857 8.6182 30.52
-0.2877 -6.7143 8.7828 47.75
-0.5246 -12.2777 3.7074 11.29
-0.6020 -12.4042 8.0560 28.54
-0.5419 -7.1813 8.7681 45.79
0.4754 -12.3161 3.7433 11.39
0.4131 -12.4573 8.1139 28.61
0.0577 -7.1480 8.7643 45.89
0.0401 -12.2951 3.7294 11.37
-0.0363 -12.4053 8.0685 28.58
-0.2084 -7.1747 8.7731 45.85
-0.3919 -12.2640 3.2855 9.42
-0.4666 -12.3986 7.5201 26.63
-0.4671 -7.6840 8.7664 43.90
-0.8197 -12.2636 2.8518 7.45
-0.8987 -12.3697 6.9875 24.69
-0.7674 -8.2395 8.7688 41.91
0.1759 -12.2630 2.8681 7.53
0.1101 -12.4011 7.0182 24.76
-0.0895 -8.1827 8.7369 42.02
-0.2537 -12.2476 2.4443 5.61
-0.3318 -12.3574 6.4912 22.83
-0.3834 -8.7620 8.7233 40.07
-0.6745 -12.2390 2.0111 3.62
-0.7538 -12.3461 5.9987 20.89
-0.7034 -9.0099 8.4216 38.12
-1.1072 -12.2024 1.5904 1.69
-1.1865 -12.2988 5.5037 18.92
-1.0989 -10.0483 8.7025 36.16
-0.8116 -5.4868 8.8417 53.38
-0.1798 -12.3347 5.0557 17.05
-0.2610 -10.7392 8.6652 34.34
-0.3383 -5.8688 8.8104 51.56
-0.6088 -12.3125 4.5980 15.13
-0.6607 -11.5564 8.6459 32.35
-0.5630 -6.2837 8.7992 49.62
-1.0432 -12.2606 4.1378 13.18
-1.1222 -12.4026 8.6205 30.45
-0.8192 -6.7256 8.7957 47.67
-1.4574 -12.2675 3.2734 9.32
-1.5469 -12.3683 7.5099 26.54
-1.1511 -7.6760 8.7763 43.80
-0.4495 -12.2290 2.8497 7.47
-0.5271 -12.3817 7.0027 24.74
-0.5172 -8.1998 8.7369 41.96
-0.8773 -12.2244 2.4321 5.56
-0.9689 -12.3987 6.5027 22.78
-0.8405 -8.7707 8.7300 40.02
-1.2982 -12.2190 1.9991 3.56
-1.3861 -12.3091 5.9860 20.84
-1.1732 -9.0063 8.4265 38.05
-1.7211 -12.1808 1.1652 -0.28
-1.8138 -12.3079 5.0558 16.97
-1.7074 -10.7446 8.6878 34.19
-1.1355 -5.7861 8.7462 51.44
-0.7993 -12.3150 4.5968 15.12
-0.8427 -11.5525 8.6486 32.36
-0.6634 -6.2800 8.7975 49.61
-1.2249 -12.3057 4.1415 13.14
-1.3255 -12.4185 8.6238 30.40
-0.9288 -6.7280 8.8051 47.66
-1.6505 -12.2767 3.2756 9.31
-1.7405 -12.3387 7.5066 26.55
-1.2476 -7.4615 8.5788 43.79
-2.0629 -12.2106 2.4148 5.44
-2.1714 -12.3164 6.4881 22.66
-1.7059 -8.7358 8.7567 39.93
-1.0579 -12.2071 2.0083 3.61
-1.1394 -12.3392 5.9905 20.84
-0.9936 -9.0278 8.4368 38.07
-1.4836 -12.1821 1.1616 -0.30
-1.5676 -12.3050 5.0524 16.99
-1.4919 -10.7715 8.6931 34.20
-1.0237 -5.8619 8.8272 51.46
-1.9955 -12.2827 4.1424 13.08
-2.0862 -12.3745 8.6308 30.34
-1.3524 -6.7019 8.8106 47.57
-2.4030 -12.2089 3.2645 9.24
-2.5215 -12.3854 7.5666 26.48
-1.7554 -7.6222 8.7881 43.72
-1.3831 -12.2437 2.4222 5.49
-1.4699 -12.3391 6.4862 22.75
-1.2055 -8.7012 8.6777 39.95
-1.8006 -12.2096 1.5809 1.63
-1.8836 -12.2959 5.5131 18.86
-1.5616 -9.1419 8.0619 36.09
-1.1267 -5.4140 8.7841 53.34
-2.3135 -12.2849 4.5991 14.99
-2.2849 -11.5215 8.6882 32.22
-1.4614 -6.2447 8.8238 49.45
-2.7421 -12.2382 3.7013 11.09
-1.9373 -7.8455 5.6280 28.34
-1.7763 -6.6503 8.8196 47.50
-1.7187 -12.2630 3.2689 9.29
-1.8148 -12.3489 7.5111 26.53
-1.2915 -7.4664 8.5836 43.77
-2.1347 -12.2146 2.4183 5.45
-2.2443 -12.3261 6.4986 22.66
-1.7596 -8.7409 8.7605 39.90
-2.5551 -12.1602 1.5588 1.52
-2.6666 -12.3076 5.5409 18.79
-2.3086 -9.9656 8.7301 36.04
-1.4792 -5.4151 8.8484 53.27
-3.0828 -12.2471 4.6183 14.95
-1.9018 -6.7162 5.6576 32.15
-1.8581 -6.1836 8.8304 49.38
-2.0426 -12.2394 3.6999 11.18
-2.1525 -12.3757 8.0719 28.40
-1.4523 -7.1568 8.7946 45.66
-2.4613 -12.2077 2.8311 7.29
-2.5876 -12.3756 7.0483 24.57
-1.8886 -8.1477 8.7744 41.78
-2.8767 -12.1630 1.9774 3.42
-2.9907 -12.2611 6.0219 20.69
-2.3717 -9.0036 8.5334 37.90
-3.3262 -12.1519 1.5531 1.48
-3.4485 -12.2792 5.5685 18.71
-2.9274 -9.8684 8.7374 35.95
-1.8313 -5.3659 8.8684 53.17
-2.3858 -12.2730 4.6002 14.99
-2.3430 -11.5023 8.6821 32.22
-1.4955 -6.2375 8.8286 49.48
-2.8079 -12.2400 3.7107 11.12
-1.9761 -7.8000 5.6097 28.35
-1.8222 -6.7100 8.3994 45.59
-3.2335 -12.1832 2.8333 7.23
-3.3664 -12.3319 7.0797 24.49
-2.4033 -8.0638 8.7909 41.74
-3.6732 -12.2003 1.9724 3.34
-3.7982 -12.2794 6.0848 20.62
-2.9555 -8.9825 8.6146 37.84
-2.6197 -12.1569 1.1434 -0.38
-2.7269 -12.2925 5.0704 16.87
-2.3702 -10.0010 8.7490 35.99
-1.5121 -5.4067 8.8444 53.26
-3.1659 -12.2672 4.6179 14.90
-1.9376 -6.7049 5.6544 32.14
-1.8042 -5.7811 8.8648 51.30
-3.6203 -12.2475 4.1725 12.93
-3.7102 -12.2386 8.6999 30.18
-2.2322 -6.5571 8.8205 47.42
-4.0476 -12.2048 3.2886 9.08
-4.1917 -12.3379 7.6951 26.32
-2.7531 -7.4350 8.8067 43.56
-2.9657 -12.1741 2.4055 5.34
-3.0870 -12.3120 6.5420 22.60
-2.3630 -8.6781 8.7784 39.80
-3.3989 -12.1665 1.5542 1.48
-3.5102 -12.2686 5.5706 18.71
-2.9902 -9.8730 8.7497 35.94
-1.8563 -5.3414 8.8511 53.18
-3.9488 -12.2245 4.6426 14.83
-3.7905 -11.3179 8.7351 32.06
-2.2918 -6.1149 8.8672 49.29
-4.4057 -12.2121 3.7414 10.93
-4.5687 -12.3699 8.3161 28.19
-2.8093 -6.9391 8.8598 45.43
-3.3055 -12.1979 2.8343 7.21
-3.4416 -12.3477 7.0939 24.48
-2.4559 -8.0842 8.8090 41.70
-3.7372 -12.1547 1.9682 3.32
-3.8691 -12.2837 6.0824 20.58
-3.0173 -8.9893 8.6257 37.81
-4.1843 -12.1494 1.1076 -0.53
-4.3122 -12.2477 5.1414 16.72
-3.8427 -10.4563 8.7466 33.92
-2.3241 -5.6510 8.8693 51.21
-4.7536 -12.1799 4.2131 12.84
-4.7924 -11.9606 8.7095 30.09
-2.8277 -6.4214 8.8591 47.31
-3.6555 -12.2153 3.2788 9.10
-3.7934 -12.3402 7.6480 26.34
-2.5215 -7.4948 8.8023 43.58
-4.0867 -12.1659 2.4122 5.26
-4.2401 -12.3027 6.6290 22.47
-3.1275 -8.5081 8.7906 39.71
-4.5323 -12.1273 1.5273 1.33
-4.6801 -12.2589 5.6538 18.60
-3.7373 -9.3077 8.4951 35.84
-2.3426 -5.2299 8.8807 53.07
-5.1326 -12.2293 4.7244 14.75
-4.7903 -11.0515 8.7520 31.95
-2.8324 -5.9294 8.8490 49.18
-3.9997 -12.2032 3.7318 11.00
-4.1629 -12.3816 8.2601 28.21
-2.5766 -6.9599 8.8190 45.49
-4.4353 -12.1555 2.8425 7.10
-4.6035 -12.3104 7.1999 24.38
-3.1669 -7.8992 8.8077 41.58
-4.8763 -12.1134 1.9625 3.22
-5.0472 -12.2678 6.1937 20.49
-3.8877 -8.9594 8.7940 37.70
-5.3598 -12.1236 1.0745 -0.65
-5.5209 -12.2449 5.2285 16.57
-4.3154 -9.1397 8.0056 33.82
-2.8354 -5.4993 8.8895 51.06
-4.3487 -12.1979 4.2024 12.90
-4.4135 -12.0611 8.7070 30.14
-2.6273 -6.4820 8.8522 47.34
-4.8376 -12.2611 3.3124 8.97
-4.9800 -12.3280 7.7943 26.24
-3.1952 -7.3220 8.8182 43.46
-5.2701 -12.1518 2.4120 5.11
-5.4176 -12.2414 6.7404 22.36
-3.9017 -8.3200 8.8355 39.58
-5.7416 -12.1304 1.5170 1.24
-5.9107 -12.2523 5.7728 18.47
-4.6321 -9.1909 8.6272 35.71
-2.8192 -5.0641 8.8883 52.92
-4.7230 -12.2355 4.6931 14.77
-4.4360 -11.1350 8.7345 31.99
-2.6473 -6.0057 8.8689 49.24
-5.1815 -12.2107 3.7823 10.89
-5.3524 -12.3178 8.4135 28.12
-3.2115 -6.7936 8.8490 45.36
-5.6387 -12.1435 2.8690 6.99
-5.8245 -12.2887 7.3561 24.25
-3.8800 -7.6784 8.8413 41.50
-6.1112 -12.1107 1.9595 3.09
-6.3062 -12.2474 6.3428 20.38
-4.6918 -8.6970 8.8314 37.60
-4.9426 -12.1054 1.0871 -0.61
-5.0943 -12.2344 5.1949 16.64
-3.9974 -9.1604 7.9495 33.87
-2.6583 -5.5574 8.8789 51.10
-5.5563 -12.2132 4.2597 12.73
-5.5170 -11.8109 8.7541 29.98
-3.1997 -6.2769 8.8493 47.24
-6.0390 -12.1778 3.3524 8.89
-6.2285 -12.3105 7.9916 26.12
-3.8552 -7.1074 8.8565 43.36
-6.5242 -12.1426 2.4275 4.98
-6.7317 -12.2738 6.9405 22.22
-4.6243 -8.0020 8.8302 39.49
-5.3082 -12.1103 1.5192 1.27
-5.4637 -12.2395 5.7134 18.49
-4.3452 -9.2990 8.6164 35.72
-2.6565 -5.1273 8.8957 53.00
-5.9482 -12.2111 4.7742 14.63
-5.4396 -10.8469 8.7721 31.87
-3.1941 -5.8274 8.8959 49.11
-6.4512 -12.2029 3.8487 10.76
-6.6461 -12.3189 8.6592 27.98
-3.8383 -6.5981 8.8949 45.19
-6.9574 -12.1559 3.3903 8.79
-7.1666 -12.2887 8.1651 26.03
-4.3079 -6.9104 8.8671 43.27
-5.6994 -12.1293 2.4172 5.07
-5.8980 -12.3090 6.8362 22.33
-4.1657 -8.2103 8.8245 39.52
-6.1846 -12.1097 1.5121 1.20
-6.3469 -12.2121 5.8132 18.44
-4.8729 -8.9577 8.5375 35.66
-2.9837 -4.9931 8.8966 52.90
-6.8812 -12.2024 5.3631 16.47
-5.7391 -9.8106 8.7938 33.70
-3.3606 -5.2656 8.8881 50.93
-7.4194 -12.1877 4.9083 14.49
-6.5365 -10.4182 8.8132 31.73
-3.7734 -5.5472 8.8888 48.96
-6.1271 -12.1590 3.8234 10.80
-6.3508 -12.3473 8.6176 28.03
-3.6763 -6.6176 8.8612 45.27
-6.6485 -12.1532 3.3675 8.79
-6.8797 -12.3285 8.1237 26.06
-4.1591 -6.9681 8.8486 43.27
-7.1924 -12.1631 2.9139 6.82
-7.3805 -12.2460 7.6040 24.08
-4.6888 -7.3329 8.8603 41.35
-7.7303 -12.1302 2.4525 4.88
-7.9739 -12.2720 7.1567 22.11
-5.2726 -7.7161 8.8635 39.38
-6.4189 -12.1021 1.5033 1.16
-6.5919 -12.2190 5.8362 18.38
-5.0362 -8.9352 8.5630 35.61
-3.0661 -4.9556 8.8911 52.86
-7.1435 -12.2210 5.4035 16.46
-5.9169 -9.7765 8.8224 33.67
-3.4500 -5.2325 8.9035 50.92
-7.6724 -12.1823 4.9351 14.48
-5.9452 -9.0831 7.9107 31.71
-3.8725 -5.5134 8.9096 48.93
-8.2376 -12.1439 4.4719 12.51
-7.6170 -10.9483 8.8294 29.77
-4.3226 -5.7792 8.8993 46.97
-6.9172 -12.1820 3.8738 10.71
-7.1376 -12.3233 8.7651 27.93
-4.0263 -6.4561 8.8629 45.20
-7.4550 -12.1547 3.4086 8.72
-7.6654 -12.2568 8.2574 25.98
-4.5256 -6.7802 8.8472 43.20
-7.9986 -12.1127 2.9438 6.77
-8.2433 -12.2578 7.7924 24.02
-5.0838 -7.1340 8.8743 41.28
-8.5830 -12.1038 2.4665 4.79
-8.8368 -12.2269 7.3095 22.03
-5.6952 -7.4984 8.8864 39.30
-7.2098 -12.0925 1.9584 2.98
-7.4270 -12.2396 6.4936 20.23
-5.3567 -8.4170 8.8603 37.51
-7.7629 -12.0768 1.4900 1.06
-7.9824 -12.2196 6.0373 18.29
-6.0343 -8.8642 8.8480 35.51
-3.5158 -4.7286 8.9093 52.75
-8.5723 -12.1965 5.5782 16.32
-6.5541 -8.9727 8.5589 33.55
-3.9376 -4.9879 8.9439 50.80
-9.2167 -12.1967 5.6726 16.28
-6.9884 -8.9152 8.6788 33.49
-4.1188 -4.8652 8.9361 50.74
-7.7861 -12.2094 4.9526 14.46
-6.0064 -9.0776 7.9251 31.70
-3.9013 -5.4926 8.9109 48.95
-8.3221 -12.1402 4.4703 12.47
-7.6887 -10.9265 8.8263 29.72
-4.3538 -5.7535 8.8974 46.97
-8.9764 -12.1494 4.5453 12.44
-8.0833 -10.6864 8.8353 29.70
-4.5751 -5.6301 8.9114 46.92
-9.6225 -12.1437 4.6152 12.39
-7.4305 -9.0641 7.8543 29.64
-4.7850 -5.4867 8.9121 46.86
-8.1289 -12.1185 3.9496 10.60
-8.1431 -11.8943 8.8071 27.81
-4.5433 -6.1917 8.8782 45.09
-8.7320 -12.1182 3.4781 8.60
-9.0310 -12.3040 8.6001 25.87
-5.0845 -6.5021 8.8883 43.08
-9.3700 -12.1096 3.5280 8.58
-9.6650 -12.2714 8.7508 25.82
-5.3299 -6.3537 8.9061 43.05
-10.0526 -12.1103 3.5738 8.52
-10.2234 -12.0967 8.8320 25.76
-5.5661 -6.1850 8.9057 43.00
-8.5261 -12.1092 2.9659 6.72
-8.7884 -12.2574 7.9023 23.95
-5.3198 -7.0052 8.8770 41.20
-9.1484 -12.0871 2.9882 6.66
-9.4397 -12.2404 8.0596 23.93
-5.5787 -6.8429 8.8785 41.14
-9.8230 -12.0904 3.0232 6.61
-6.6739 -7.8891 5.7650 23.87
-5.8553 -6.6881 8.9156 41.12
-10.5468 -12.1119 3.0636 6.56
-10.4116 -11.7320 8.1034 23.79
-6.1066 -6.5131 8.9105 41.01
-9.0000 -12.1364 2.9875 6.67
-9.2600 -12.2629 8.0228 23.94
-5.5223 -6.9074 8.8983 41.15
-9.6329 -12.0965 3.0121 6.62
-6.6906 -8.0700 5.8385 23.90
-5.7735 -6.7320 8.8954 41.10
-10.3095 -12.0692 3.0454 6.57
-6.8390 -7.6836 5.7320 23.83
-6.0337 -6.5544 8.9148 41.08
-10.4923 -11.4180 3.5188 8.46
-6.6652 -6.9417 5.8031 25.66
-5.9155 -5.9507 8.9341 42.92
-9.4849 -12.1143 3.5374 8.58
-9.8023 -12.2997 8.7989 25.81
-5.3749 -6.3367 8.9108 43.02
-10.1755 -12.1214 3.5787 8.50
-10.3200 -12.0751 8.8406 25.72
-5.6130 -6.1647 8.9201 43.00
-10.5098 -11.6720 3.5458 8.45
-6.6700 -7.0903 5.8614 25.68
-5.8442 -5.9937 8.9163 42.91
-10.4661 -10.8028 3.9477 10.32
-8.9263 -8.9637 7.7561 27.49
-5.7216 -5.4247 8.9445 44.79
-10.0051 -12.1330 4.1151 10.46
-9.4072 -11.1532 8.8417 27.69
-5.2271 -5.8027 8.9243 44.90
-10.4888 -11.8611 4.1109 10.38
-9.8443 -10.8903 8.8547 27.60
-5.4383 -5.6364 8.9380 44.91
-10.4569 -10.9884 4.4943 12.23
-9.5300 -9.7742 8.8866 29.48
-5.3298 -5.1024 8.9392 46.69
-10.4728 -10.2335 4.8773 14.10
-9.2178 -8.7659 8.9068 31.35
-5.1932 -4.5996 8.9458 48.55
-10.4789 -12.0461 5.2597 14.25
-8.2233 -9.1525 8.7010 31.46
-4.7611 -4.9310 8.9222 48.71
-10.4611 -11.1690 5.6137 16.09
-8.1647 -8.4308 8.8815 33.34
-4.6618 -4.4615 8.9407 50.56
-10.4051 -10.3187 5.9362 17.94
-7.9544 -7.6097 8.9048 35.17
-4.5446 -4.0140 8.9468 52.41
-9.7742 -8.9937 5.9680 19.81
-7.7400 -6.8693 8.9468 37.05
-10.5503 -11.6472 1.9579 2.68
-10.4325 -11.3010 6.7739 19.94
-7.0990 -7.3741 8.9162 37.18
-10.5164 -10.7978 2.4223 4.57
-10.4127 -10.4961 7.0941 21.79
-6.9160 -6.6494 8.9225 39.06
-10.2971 -9.8212 2.8091 6.40
-9.4600 -8.8156 6.8458 23.68
-6.7496 -6.0113 8.9461 40.88
-10.1877 -9.0228 3.1881 8.28
-10.1702 -8.8398 7.5941 25.50
-6.5513 -5.3959 8.9516 42.76
-10.4757 -10.9020 3.9704 10.35
-8.9096 -9.0213 7.7920 27.57
-5.6886 -5.4390 8.9279 44.78
-10.4739 -10.1364 4.3392 12.14
-9.7278 -9.1994 8.7180 29.44
-5.5434 -4.9007 8.9364 46.65
-10.1426 -9.1121 4.6026 14.03
-9.6176 -8.4443 8.9202 31.26
-5.3923 -4.4020 8.9538 48.54
-10.4368 -8.7270 5.0610 15.89
-9.3000 -7.5604 8.9628 33.14
-5.2492 -3.9587 8.9823 50.34
-10.4219 -10.2293 5.9173 17.93
-8.0035 -7.5757 8.9117 35.17
-4.5740 -3.9944 8.9587 52.42
-9.8011 -8.9108 5.9540 19.81
-7.7816 -6.8295 8.9455 37.04
-10.2727 -8.8652 2.2643 4.42
-9.9562 -8.4169 6.3434 21.63
-7.5431 -6.1267 8.9535 38.88
-10.4592 -8.3663 3.1353 8.20
-10.3732 -8.1380 7.4254 25.42
-6.8522 -5.0988 8.9650 42.68
-10.4723 -9.8402 3.8098 10.27
-9.9223 -9.1181 8.1755 27.49
-5.9992 -5.1942 8.9549 44.70
-10.2378 -8.9351 4.1044 12.07
-10.3551 -8.8650 8.8209 29.36
-5.8390 -4.6722 8.9817 46.57
-10.4341 -8.4456 5.0029 15.87
-9.4261 -7.4308 8.9632 33.11
-5.2956 -3.8723 8.9609 50.34
-10.3867 -7.7939 5.8088 19.65
-8.4855 -6.1472 8.9753 36.89
-10.4865 -9.4195 2.3169 4.46
-9.9862 -8.7836 6.4559 21.65
-7.4348 -6.2726 8.9760 38.92
-10.4173 -8.6731 3.1699 8.24
-10.3742 -8.4741 7.5394 25.46
-6.7359 -5.2155 8.9608 42.72
-10.4333 -8.0546 4.0042 12.03
-10.3371 -7.8133 8.3961 29.24
-6.1524 -4.3550 8.9924 46.45
-10.3937 -7.4259 4.7888 15.77
-9.9275 -6.9143 8.9778 32.99
-5.5592 -3.5852 8.9705 50.22
-10.3829 -8.7383 5.5438 17.81
-8.6308 -7.0302 8.9387 35.05
-4.8968 -3.6785 8.9618 52.29
-10.3711 -8.0836 6.3712 21.58
-7.8034 -5.8347 8.9559 38.85
-10.2465 -7.5274 3.0265 8.16
-10.3257 -7.4422 7.1835 25.35
-7.1079 -4.8695 8.9969 42.58
-10.4004 -7.0702 3.8414 11.90
-10.3082 -6.8548 8.0347 29.14
-6.4209 -4.0088 8.9932 46.40
-10.4168 -8.3447 4.9724 15.83
-9.4840 -7.3852 8.9662 33.09
-5.3374 -3.8594 8.9853 50.32
-10.4017 -7.7086 5.7939 19.64
-8.5297 -6.1081 8.9802 36.88
-10.4621 -7.3113 2.5913 6.18
-10.3586 -7.0901 6.5969 23.43
-7.7087 -5.0474 8.9915 40.64
-10.4181 -6.7198 3.3728 9.96
-10.3163 -6.5081 7.3872 27.13
-6.9561 -4.1457 8.9887 44.43
-10.4161 -7.9331 4.4362 13.93
-10.3434 -7.7092 8.9285 31.13
-5.7846 -4.0089 8.9713 48.38
-10.3809 -7.3070 5.2183 17.66
-9.3111 -6.3749 8.9994 34.95
-5.1446 -3.2303 8.8284 52.16
-10.3367 -6.7178 5.9971 21.42
-8.3957 -5.2528 9.0162 38.68
-10.4065 -6.3573 2.9136 7.99
-10.3375 -6.1840 6.8148 25.22
-7.5656 -4.3043 9.0261 42.47
-10.4217 -7.5384 3.9200 11.97
-10.3319 -7.3263 8.2189 29.21
-6.2876 -4.1788 8.9860 46.41
-10.3905 -6.9479 4.6995 15.73
-10.1618 -6.6349 8.9896 32.97
-5.4897 -3.3014 8.7025 50.19
-10.3574 -6.3801 5.4710 19.50
-9.1277 -5.4460 9.0237 36.73
-10.4333 -6.0203 2.8831 7.95
-10.3340 -5.8353 6.7174 25.18
-7.6908 -4.1303 9.0319 42.43
-10.4102 -7.1337 3.8436 11.86
-10.3204 -6.9335 8.0761 29.18
-6.4188 -4.0441 9.0062 46.37
-10.3939 -6.5781 4.6274 15.67
-10.2989 -6.3660 8.9505 32.92
-5.6832 -3.2390 8.8418 50.14
-10.3683 -6.0215 5.8396 21.34
-8.6697 -4.8484 9.0060 38.60
-10.4256 -5.6631 3.2449 9.81
-10.3148 -5.4701 7.0911 27.06
-7.3309 -3.6731 9.0350 44.31
-10.3956 -6.7390 4.2283 13.80
-10.3091 -6.5324 8.4596 31.01
-6.1372 -3.6208 9.0120 48.26
-10.3638 -6.1815 4.9837 17.54
-9.8087 -5.6991 8.9907 34.83
-5.5325 -2.9451 9.0107 52.02
-10.3511 -5.6518 6.2163 23.27
-8.2607 -4.3189 9.0146 40.48
-10.4000 -5.3034 3.6015 11.69
-10.2988 -5.1227 7.4785 28.95
-6.7297 -3.1298 8.7484 46.19
-10.3973 -6.3632 4.5875 15.63
-10.2855 -6.1412 8.8609 32.90
-5.7291 -3.1555 8.8309 50.12
-10.3765 -5.8179 5.8003 21.34
-8.6880 -4.6838 8.9551 38.61
-10.4124 -5.4486 3.2335 9.85
-10.3021 -5.2609 7.0270 27.03
-6.5089 -3.1044 8.0561 44.27
-10.3836 -4.9488 4.3555 15.48
-10.3018 -4.7751 8.3849 32.71
-6.2550 -2.6720 9.0584 49.94
-10.3497 -5.9298 5.8106 21.33
-8.6799 -4.7838 8.9855 38.59
-10.4177 -5.5829 3.2406 9.83
-10.3223 -5.4052 7.0716 27.03
-7.3428 -3.6334 9.0363 44.34
-10.3934 -5.0724 4.3778 15.50
-10.2948 -4.8948 8.4258 32.75
-6.1990 -2.7185 9.0346 49.98
-10.3432 -4.5791 5.5274 21.18
-9.2668 -3.9472 9.0537 38.46
-10.4071 -5.7065 3.2540 9.85
-10.3295 -5.5329 7.1186 27.08
-7.3208 -3.7069 9.0382 44.29
-10.3838 -5.1966 4.3960 15.52
-10.2698 -5.0066 8.4394 32.73
-6.1635 -2.7691 9.0270 49.99
-10.3561 -4.7027 5.5519 21.18
-9.2214 -4.0312 9.0508 38.46
-10.1817 -4.2720 3.0668 9.65
-10.3123 -4.2160 6.7648 26.89
-7.5464 -2.8982 8.8503 44.13
-10.4044 -5.3385 4.4166 15.51
-10.2729 -5.1236 8.4854 32.77
-6.1437 -2.8328 9.0423 50.00
-10.3581 -4.8267 5.5858 21.24
-9.1916 -4.1205 9.0620 38.47
-10.1908 -4.3905 3.0819 9.68
-8.8110 -3.6581 5.9576 26.91
-7.4101 -2.9227 8.7416 44.15
-9.3858 -3.6158 3.9269 15.36
-10.3012 -3.8737 8.1273 32.63
-6.4703 -2.2278 9.0579 49.84
-10.3307 -4.9143 6.0311 23.16
-8.5485 -3.8974 9.0399 40.39
-10.4027 -4.5973 3.5125 11.58
-10.3046 -4.4364 7.2929 28.87
-7.2098 -2.9010 9.0682 46.08
-10.3528 -4.1161 4.6253 17.29
-10.2709 -3.9590 8.6426 34.52
-6.0379 -2.1103 9.0489 51.76
-10.3047 -3.6555 5.7666 22.99
-8.5599 -2.8829 8.6697 40.24
-10.3823 -4.7052 3.5317 11.64
-10.3002 -4.5563 7.3215 28.88
-7.0674 -2.9198 8.9429 46.09
-8.8135 -3.5609 4.1181 17.30
-10.2214 -4.0600 8.6552 34.59
-5.9965 -2.1554 9.0322 51.80
-10.3039 -3.7668 5.7925 23.03
-8.7331 -3.0400 8.8534 40.24
-10.3761 -3.4664 3.3953 11.46
-9.7485 -3.1408 6.7020 28.70
-7.5030 -2.2544 9.0750 45.96
-8.8289 -3.6718 4.1409 17.33
-10.2610 -4.1857 8.7078 34.56
-5.9941 -2.2199 9.0631 51.81
-9.7827 -3.6718 5.5697 23.02
-8.7210 -3.1286 8.8735 40.25
-10.3459 -3.5665 3.3989 11.47
-9.4696 -3.1443 6.5623 28.71
-7.4838 -2.3199 9.0700 45.93
-9.6421 -2.9042 4.2659 17.19
-9.8283 -2.8630 8.0654 34.39
-6.2613 -1.6360 9.0852 51.64
-9.5747 -3.6883 5.4935 23.04
-8.7118 -3.2220 8.9016 40.27
-10.3731 -3.6881 3.4108 11.46
-10.3004 -3.5549 7.0762 28.75
-7.4464 -2.3866 9.0669 45.97
-9.7304 -3.0398 4.3024 17.18
-9.7105 -2.9266 8.0050 34.41
-6.2167 -1.6853 9.0514 51.65
-10.1081 -2.7600 5.5415 22.88
-9.2791 -2.4046 9.0913 40.12
-9.8483 -3.5922 3.3170 11.53
-10.2947 -3.6671 7.0977 28.76
-7.4162 -2.4567 9.0637 45.97
-9.7297 -3.1423 4.3139 17.18
-9.0952 -2.8269 7.5982 34.47
-6.1953 -1.7388 9.0566 51.68
-10.0962 -2.8601 5.5575 22.92
-9.2738 -2.4976 9.1087 40.12
-10.3518 -2.6253 3.3173 11.34
-10.2620 -2.5025 6.8416 28.58
-7.7195 -1.7260 9.1049 45.84
-9.5272 -3.1776 4.2632 17.21
-9.0645 -2.9067 7.5903 34.44
-6.1915 -1.8016 9.0792 51.69
-10.0942 -2.9663 5.5681 22.91
-9.2555 -2.5862 9.1182 40.13
-10.2145 -2.6916 3.2966 11.35
-10.2716 -2.6094 6.8656 28.60
-7.7122 -1.7949 9.1072 45.81
-10.3329 -2.3146 4.3989 17.08
-10.2272 -2.1900 8.1769 34.28
-6.4035 -1.1945 9.0871 51.53
-10.0917 -3.0657 5.5830 22.92
-9.2007 -2.6666 9.1006 40.16
-10.0728 -2.7535 3.2838 11.41
-10.2905 -2.7211 6.9010 28.64
-7.6723 -1.8627 9.0961 45.85
-10.2940 -2.4132 4.3919 17.06
-10.2583 -2.2994 8.2179 34.29
-6.4023 -1.2563 9.1046 51.53
-10.3025 -2.0178 5.5196 22.76
-9.5238 -1.7444 9.1281 40.01
-10.1586 -2.8815 3.3072 11.41
-10.1919 -2.8002 6.8640 28.65
-7.6519 -1.9365 9.0978 45.86
-10.3144 -2.5226 4.4078 17.07
-10.2553 -2.4086 8.2502 34.35
-6.3536 -1.3041 9.0693 51.57
-10.2980 -2.1185 5.5354 22.80
-9.5172 -1.8365 9.1384 40.01
-10.1443 -1.7863 3.2179 11.23
-9.7448 -1.6210 6.4363 28.47
-7.8775 -1.1762 9.1153 45.73
-9.7791 -2.4836 4.2507 17.09
-10.2491 -2.5048 8.2563 34.33
-6.3540 -1.3671 9.0911 51.58
-10.2939 -2.2221 5.5428 22.80
-9.4904 -1.9233 9.1348 40.02
-10.1443 -1.8861 3.2238 11.24
-9.7589 -1.7192 6.4572 28.49
-7.8627 -1.2435 9.1043 45.70
-10.3195 -1.5268 4.3247 16.97
-10.2403 -1.4215 8.0564 34.17
-6.5178 -0.7436 9.0965 51.42
-10.3126 -2.3247 5.5622 22.81
-9.4482 -2.0096 9.1228 40.04
-10.3487 -2.0300 3.2769 11.28
-10.2654 -1.9217 6.7567 28.52
-7.8453 -1.3175 9.1099 45.74
-10.3169 -1.6314 4.3265 16.95
-10.2285 -1.5183 8.0618 34.18
-6.5191 -0.8050 9.1110 51.42
-10.2840 -1.2417 5.4325 22.66
-9.7037 -1.0610 9.1523 39.90
-10.3627 -2.1336 3.2811 11.27
-10.2753 -2.0279 6.7768 28.54
-7.8339 -1.3936 9.1165 45.75
-10.3322 -1.7350 4.3380 16.96
-10.2294 -1.6245 8.0904 34.24
-6.4976 -0.8604 9.1059 51.46
-10.2708 -1.3384 5.4410 22.70
-9.6889 -1.1517 9.1497 39.90
-8.8293 -0.8703 2.9147 11.12
-10.2505 -0.9549 6.6304 28.37
-8.0060 -0.6156 9.1385 45.63
-10.3222 -1.8391 4.3457 16.98
-10.2480 -1.7223 8.1083 34.22
-6.4912 -0.9216 9.1093 51.46
-10.2665 -1.4390 5.4435 22.69
-9.6817 -1.2426 9.1571 39.91
-8.8083 -0.9520 2.9091 11.10
-10.2450 -1.0523 6.6368 28.38
-8.0006 -0.6845 9.1319 45.60
-10.3204 -0.7625 4.2710 16.84
-10.2423 -0.6690 7.9713 34.07
-6.6268 -0.2861 9.1422 51.32
-10.2879 -1.5372 5.4617 22.70
-9.6363 -1.3306 9.1369 39.93
-8.8282 -1.0421 2.9297 11.19
-10.2871 -1.1574 6.6748 28.42
-7.9772 -0.7587 9.1270 45.63
-10.3018 -0.8634 4.2693 16.85
-10.2291 -0.7647 7.9695 34.08
-6.6198 -0.3467 9.1406 51.32
-10.2730 -0.4854 5.3749 22.55
-9.8397 -0.3628 9.1784 39.78
-8.8215 -1.1203 2.9249 11.16
-10.2600 -1.2551 6.6697 28.43
-7.9742 -0.8361 9.1349 45.64
-10.2913 -0.9606 4.2701 16.85
-10.2287 -0.8685 7.9913 34.14
-6.5909 -0.4028 9.1209 51.36
-10.2580 -0.5812 5.3794 22.59
-9.8394 -0.4553 9.1872 39.80
-8.7956 -0.2236 2.8819 11.02
-10.2335 -0.2066 6.5688 28.27
-7.5795 -0.0185 9.1411 47.40
-9.5533 -0.9579 4.3989 18.81
-6.7427 -0.5637 5.9409 36.04
-10.3348 -0.7537 2.5066 7.24
-10.2535 -0.6697 5.7749 24.49
-9.1701 -0.4847 9.1614 41.75
-10.3035 -0.3794 3.5286 12.95
-10.2502 -0.2957 7.0173 30.18
-7.0786 -0.0633 9.1215 49.35
-8.7632 0.0230 4.3998 20.56
-6.5499 0.1147 6.0780 37.84
-10.3284 -0.8446 2.8587 9.20
-10.2609 -0.7553 6.1973 26.44
-8.6059 -0.5125 9.1717 43.65
-10.3183 -0.4696 3.8938 14.89
-10.2242 -0.3790 7.4668 32.13
-7.0925 -0.1263 9.1434 49.36
-8.7548 -0.0570 4.3963 20.56
-6.5629 0.0545 6.0848 37.81
-10.3156 0.2036 2.8224 9.06
-8.7574 0.2607 5.3924 26.23
-8.5889 0.3449 9.1006 43.53
-10.2910 -0.5686 3.8852 14.87
-10.2148 -0.4685 7.4629 32.13
-7.0706 -0.1926 9.1228 49.37
-8.7972 -0.1418 4.4189 20.59
-6.5493 -0.0039 6.0836 37.86
-10.3372 0.1077 2.8358 9.11
-10.2320 0.1858 6.1320 26.29
-8.6069 0.2651 9.1153 43.53
-8.7877 0.4264 3.4619 14.76
-10.2347 0.5562 7.4339 31.99
-7.1188 0.5068 9.1370 49.21
-8.7615 -0.2195 4.4039 20.57
-6.5498 -0.0616 6.0821 37.85
-10.3292 0.0088 2.8297 9.09
-10.2382 0.0847 6.1346 26.29
-8.6019 0.1817 9.1297 43.60
-8.7847 0.3475 3.4632 14.77
-10.2047 0.4579 7.4214 32.02
-7.1198 0.4390 9.1457 49.26
-10.2763 0.7475 4.9549 20.47
-6.5340 0.5785 6.0605 37.74
-10.3298 -0.0878 2.8361 9.12
-10.2472 -0.0082 6.1490 26.33
-8.6195 0.1048 9.1320 43.55
-10.3003 0.2824 3.8658 14.79
-10.2287 0.3613 7.4386 32.04
-7.1222 0.3763 9.1487 49.27
-10.2611 0.6520 4.9461 20.46
-6.5234 0.5178 6.0455 37.72
-10.3131 0.9575 2.8093 8.96
-10.2365 1.0242 6.1298 26.19
-8.6208 0.9639 9.1410 43.44
-10.3017 0.1821 3.8627 14.77
-10.2171 0.2653 7.4330 32.05
-7.1258 0.3089 9.1519 49.27
-10.2625 0.5538 4.9514 20.49
-6.5313 0.4598 6.0574 37.77
-10.3064 0.8605 2.8080 8.96
-10.2305 0.9288 6.1261 26.20
-8.6127 0.8823 9.1250 43.44
-10.2750 1.2266 3.8512 14.67
-10.2090 1.2980 7.4451 31.95
-6.6700 0.9671 9.1714 51.07
-10.2503 0.4710 5.3340 22.43
-9.9308 0.5446 9.2160 39.67
-8.7898 0.6752 2.8574 10.86
-10.2098 0.8344 6.5408 28.16
-8.1085 0.7731 9.1591 45.37
-10.2646 1.1387 4.2083 16.59
-10.1915 1.2093 7.8894 33.82
-10.2988 1.4586 2.4607 6.98
-10.2075 1.5106 5.7215 24.21
-9.2548 1.4619 9.2226 41.47
-8.5831 0.5864 3.1160 12.84
-10.2148 0.7480 6.9712 30.05
-7.6237 0.6738 9.1810 47.31
-9.2937 0.9594 4.2525 18.53
-10.1816 1.1176 8.3766 35.77
-10.3106 1.3591 2.4614 6.99
-10.2537 1.4174 5.7378 24.22
-9.2639 1.3721 9.2140 41.45
-8.5816 1.4595 3.1146 12.70
-10.1924 1.7863 7.0013 29.95
-7.5782 1.4265 9.1908 47.16
-9.3091 0.8777 4.2574 18.55
-10.1773 1.0220 8.3711 35.78
-10.2882 1.2599 2.4579 6.99
-10.2339 1.3190 5.7286 24.24
-6.6316 0.9704 7.6781 45.32
-10.2783 1.6461 4.2200 16.53
-10.1984 1.7092 7.9234 33.77
-6.6291 1.2166 9.1512 51.01
-10.2551 2.0191 5.3682 22.25
-9.8779 2.0271 9.2687 39.50
-8.8120 1.0242 2.8676 10.86
-10.2106 1.2316 6.5485 28.10
-8.1380 1.0866 9.2046 45.32
-10.2584 1.5444 4.2105 16.54
-10.1615 1.5992 7.9024 33.82
-6.6474 1.1600 9.1719 51.05
-10.2426 1.9175 5.3632 22.28
-9.8800 1.9319 9.2544 39.49
-8.7936 1.9272 2.8688 10.72
-10.1846 2.2846 6.5942 27.97
-8.0278 1.8883 9.2082 45.23
-10.2697 1.4438 4.2140 16.56
-10.2009 1.5168 7.9078 33.77
-6.6476 1.0974 9.1549 51.03
-10.2630 1.8220 5.3621 22.27
-9.8774 1.8344 9.2447 39.52
-8.7782 1.8398 2.8624 10.72
-10.2033 2.1839 6.5930 27.97
-8.0335 1.8126 9.1977 45.23
-10.2548 2.5153 4.2440 16.44
-10.1783 2.5677 8.0002 33.68
-6.5420 1.7444 9.1582 50.93
-10.2549 1.7151 5.3564 22.29
-9.8785 1.7407 9.2282 39.50
-8.7919 1.7566 2.8643 10.74
-10.1714 2.0799 6.5642 27.96
-8.0611 1.7427 9.2103 45.23
-10.2656 2.4157 4.2427 16.45
-10.1664 2.4610 7.9763 33.68
-6.5605 1.6880 9.1651 50.94
-10.2255 2.7909 5.4091 22.17
-9.6880 2.7220 9.2172 39.39
-8.7722 1.6705 2.8638 10.78
-10.2118 1.9944 6.5815 27.98
-8.0530 1.6645 9.1861 45.23
-10.2559 2.3129 4.2376 16.47
-10.2012 2.3744 7.9881 33.69
-6.5823 1.6284 9.1774 50.95
-10.2250 2.6901 5.3980 22.16
-9.7331 2.6378 9.2457 39.43
-8.7655 2.5958 2.8814 10.64
-9.5629 2.8845 6.3358 27.89
-7.9281 2.4698 9.2332 45.13
-10.2618 2.2102 4.2366 16.49
-10.1607 2.2669 7.9476 33.69
-6.5822 1.5648 9.1580 50.94
-10.2367 2.5917 5.3988 22.19
-9.7569 2.5455 9.2480 39.44
-8.7532 2.5055 2.8750 10.65
-9.6871 2.8190 6.3901 27.89
-7.9384 2.3912 9.2212 45.14
-9.9599 3.2243 4.2021 16.37
-10.1787 3.3606 8.1262 33.60
-6.4268 2.2027 9.1615 50.86
-10.2186 2.4789 5.3853 22.21
-9.7763 2.4548 9.2453 39.44
-8.7741 2.4225 2.8769 10.66
-9.9856 2.8049 6.5388 27.89
-7.9244 2.3099 9.1909 45.16
-10.0453 3.1475 4.2213 16.38
-9.6862 3.0977 7.7654 33.62
-6.4592 2.1509 9.1808 50.86
-10.2164 3.5985 5.4871 22.10
-8.3009 2.9919 8.1789 39.32
-8.7882 2.3410 2.8816 10.70
-10.1887 2.7642 6.6416 27.91
-7.9816 2.2478 9.2347 45.18
-10.0267 3.0395 4.2110 16.40
-9.1216 2.8325 7.3526 33.61
-6.4793 2.0910 9.1851 50.88
-10.2125 3.4921 5.4708 22.09
-8.3074 2.9085 8.1705 39.36
-8.7447 3.2926 2.9077 10.57
-10.1815 3.8859 6.7994 27.82
-7.5848 2.9652 9.0511 45.07
-9.9625 2.9157 4.1840 16.40
-9.2210 2.7704 7.4050 33.62
-6.4931 2.0302 9.1780 50.87
-10.1980 3.3818 5.4570 22.12
-8.4784 2.8785 8.2972 39.37
-8.7538 3.2049 2.9040 10.58
-9.7038 3.5979 6.5108 27.82
-7.6178 2.8958 9.0636 45.09
-10.2309 4.1504 4.3560 16.30
-10.1434 4.1775 8.2738 33.54
-6.3104 2.6656 9.2099 50.80
-9.9330 3.1856 5.3342 22.14
-8.7300 2.8737 8.4918 39.37
-8.7485 3.1103 2.8992 10.59
-9.7510 3.5139 6.5174 27.82
-7.6281 2.8218 9.0470 45.09
-10.2250 4.0363 4.3439 16.31
-10.1583 4.0777 8.7899 35.49
-10.2619 4.4367 2.5009 6.71
-10.1879 4.4508 6.0090 23.93
-8.6028 3.8195 9.1695 41.20
-10.2553 3.5372 3.5630 12.53
-10.1833 3.5743 7.2051 29.76
-7.3198 2.6412 9.2103 47.00
-8.7311 3.3636 4.1993 18.24
-10.1585 3.9727 8.7631 35.49
-10.2610 4.3118 2.4984 6.72
-10.1919 4.3392 6.0004 23.97
-8.5895 3.7127 9.1252 41.21
-9.6568 4.4624 3.4993 12.45
-10.1754 4.7568 7.4292 29.66
-7.0575 3.3586 9.2314 46.95
-8.7506 3.2785 4.1954 18.24
-10.1338 3.8579 8.7113 35.47
-10.2687 4.2013 2.4978 6.74
-10.1961 4.2301 5.9873 23.99
-8.6065 3.6298 9.1137 41.22
-9.6634 4.3582 3.4884 12.43
-10.1371 4.6204 7.3835 29.68
-6.2545 2.9091 8.2457 46.94
-8.7126 4.3011 4.3032 18.17
-10.1182 5.0496 9.0248 35.41
-10.2526 4.0762 2.4886 6.73
-10.2045 4.1170 5.9706 23.98
-8.5970 3.5309 9.0718 41.22
-10.2366 4.5001 3.6246 12.47
-10.1525 4.5103 7.3717 29.71
-6.3095 2.8597 8.2746 46.93
-8.7044 4.1886 4.2831 18.16
-10.1199 4.9318 8.9946 35.43
-10.2381 5.3426 2.5333 6.65
-10.1831 5.3554 6.1682 23.87
-8.4666 4.5040 9.3094 41.14
-10.2221 4.3789 3.6106 12.47
-10.1481 4.4049 7.3430 29.70
-6.6427 2.9399 8.6371 46.94
-8.7046 4.0954 4.2749 18.18
-10.1245 4.8223 8.9640 35.43
-8.6782 4.4151 2.3247 6.67
-10.1798 5.2322 6.1511 23.91
-8.4767 4.4027 9.2794 41.16
-10.1983 5.6452 3.7133 12.39
-10.1528 5.6707 7.6419 29.61
-6.8132 3.8496 9.2279 46.90
-8.7062 3.9982 4.2692 18.23
-10.1319 4.7139 8.9293 35.41
-8.7628 4.3547 2.3333 6.68
-8.5990 4.3193 5.3460 23.93
-8.5110 4.3250 9.2778 41.17
-10.2146 5.5318 3.7012 12.38
-10.1408 5.5363 7.6054 29.63
-6.8715 3.8017 9.2535 46.89
-10.1969 5.9901 4.9849 18.12
-10.0987 5.9816 9.3159 35.36
-10.2556 4.9698 2.5199 6.67
-8.7199 4.2741 5.3826 23.92
-8.5220 4.2300 9.2441 41.15
-10.2260 5.4136 3.6993 12.42
-10.1564 5.4187 7.5873 29.65
-6.9005 3.7294 9.2400 46.88
-8.7119 4.9962 4.4076 18.15
-10.1045 5.8568 9.2816 35.38
-10.2381 6.3338 2.5810 6.60
-10.1508 6.3157 6.3567 23.83
-8.1127 5.0856 9.2846 41.10
-10.2184 5.2862 3.6809 12.40
-10.1332 5.2955 7.5401 29.64
-6.9346 3.6691 9.2436 46.88
-8.6896 4.8826 4.3797 18.13
-10.1012 5.7344 9.2347 35.38
-10.2192 6.1772 2.5727 6.62
-10.1619 6.1907 6.3413 23.87
-8.1685 5.0092 9.2937 41.11
-10.2021 6.6618 3.8204 12.35
-10.1244 6.6564 7.9083 29.56
-6.5519 4.3339 9.2504 46.86
-8.7155 4.7915 4.3799 18.17
-10.1078 5.6178 9.1952 35.37
-10.2166 6.0440 2.5678 6.64
-10.1514 6.0560 6.3101 23.88
-8.2252 4.9442 9.3089 41.12
-10.1949 6.5235 3.8013 12.34
-10.1233 6.5163 7.8758 29.61
-6.5824 4.2697 9.2357 46.85
-10.1682 7.0149 5.1488 18.08
-9.7378 6.7570 9.3875 35.32
-10.2397 5.9205 2.5603 6.62
-10.1599 5.9265 6.2808 23.87
-8.2510 4.8543 9.2826 41.10
-10.1840 6.3812 3.7884 12.37
-10.1234 6.3792 7.8345 29.61
-6.6412 4.2156 9.2532 46.83
-10.1670 6.8625 5.1177 18.07
-9.8039 6.6666 9.3949 35.34
-10.1994 7.3940 2.6379 6.57
-8.6485 6.2893 6.2261 25.76
-7.2473 5.2891 9.2842 43.01
-10.2077 6.2660 4.1839 14.26
-10.1211 6.2613 8.3216 31.53
-6.2392 3.8868 9.2251 48.75
-10.1488 6.7210 5.5320 19.99
-9.1411 6.0960 9.3234 37.24
-10.2237 7.2545 3.0484 8.49
-8.6651 6.1775 6.1970 25.75
-7.3083 5.2361 9.2977 43.00
-10.1667 7.7639 4.3805 14.21
-10.0916 7.7377 8.7989 31.44
-5.8629 4.4960 9.2619 48.71
-10.1569 6.5913 5.5134 20.01
-9.1928 6.0049 9.3211 37.25
-10.1950 7.0914 3.0316 8.50
-8.6486 6.0405 6.1496 25.73
-7.3434 5.1598 9.2823 43.00
-10.1696 7.6029 4.3551 14.20
-10.1009 7.6027 8.7635 31.48
-5.8866 4.4301 9.2385 48.72
-10.1417 8.1484 5.8316 19.96
-8.5190 6.8660 9.2819 37.20
-10.1969 6.9464 3.0221 8.51
-8.7078 5.9560 6.1471 25.72
-7.3964 5.0985 9.2836 42.97
-10.1976 7.4727 4.3514 14.25
-10.1020 7.4514 8.7080 31.48
-5.9139 4.3648 9.2210 48.73
-10.1489 8.0067 5.8004 19.96
-8.5578 6.7679 9.2571 37.20
-9.6606 8.1358 3.0577 8.47
-10.1009 8.5480 7.4459 25.73
-6.8669 5.7979 9.2950 42.98
-10.1912 7.3298 4.3270 14.24
-10.0973 7.3045 8.6569 31.49
-5.9506 4.3102 9.2248 48.75
-10.1455 7.8383 5.7609 19.96
-8.5511 6.6314 9.1903 37.21
-10.1842 8.4143 3.1460 8.48
-10.0965 8.3808 7.3794 25.69
-6.9240 5.7428 9.2945 42.95
-9.5399 8.4531 4.3643 14.18
-9.8233 8.7301 9.0545 31.42
-5.5314 4.8901 9.2551 48.69
-10.1328 7.6784 5.7266 19.98
-8.5785 6.5226 9.1590 37.22
-10.1670 8.2404 3.1250 8.47
-10.1255 8.2401 7.3509 25.70
-6.9772 5.6797 9.2982 42.97
-9.5556 8.2941 4.3390 14.17
-9.9959 8.7265 9.1423 31.45
-5.5620 4.8280 9.2347 48.69
-9.8350 9.1610 6.4859 21.85
-7.5660 7.0437 9.3585 39.08
-8.7251 6.9292 3.2108 10.40
-10.0766 8.0516 7.8001 27.61
-6.5768 5.2531 9.2807 44.89
-8.6438 7.3585 4.4129 16.12
-9.7194 8.3269 9.4306 33.34
-5.2596 4.4800 9.2405 50.61
-9.9000 9.0518 6.4726 21.84
-7.6071 6.9518 9.3405 39.11
-10.1239 9.8916 3.7511 10.34
-8.9832 8.7832 7.6245 27.59
-6.0287 5.8671 9.2725 44.84
-8.6627 7.2304 4.3954 16.14
-9.7827 8.2255 9.4180 33.34
-5.2953 4.4278 9.2288 50.60
-9.8394 8.8272 6.3994 21.86
-7.6853 6.8917 9.3544 39.11
-8.6990 8.3217 3.3638 10.34
-9.4725 9.0890 7.9178 27.59
-6.0939 5.8202 9.2906 44.86
-10.1077 10.3836 5.3132 16.09
-8.4825 8.7080 9.0104 33.33
-4.8498 4.9229 9.2473 50.59
-9.5201 8.3646 6.1823 21.87
-7.7512 6.8236 9.3503 39.09
-9.8588 9.2709 3.6379 10.35
-9.6276 9.0811 9.1184 31.44
-5.3843 5.0369 9.2463 48.69
-10.0879 10.1815 6.3163 19.96
-7.7942 7.8436 9.3708 37.18
-8.6899 9.3491 3.0732 8.44
-10.0370 10.8475 8.1885 25.71
-6.1439 6.5734 9.3081 42.95
-9.5285 8.7920 4.4186 14.17
-9.7775 9.0540 9.1778 31.45
-5.4280 4.9873 9.2398 48.67
-10.0834 9.9801 6.7866 21.85
-7.3378 7.2381 9.3421 39.10
-10.1223 10.7124 3.8535 10.33
-10.0452 10.6364 8.7030 27.58
-5.8195 6.1062 9.2954 44.83
-10.0897 11.4406 5.5333 16.08
-8.4441 9.5553 9.4037 33.32
-4.6095 5.1337 9.2390 50.58
-8.6203 8.3391 5.9095 21.86
-7.3989 7.1656 9.3332 39.09
-10.1281 10.5143 3.8310 10.34
-8.7507 9.0695 8.1818 29.52
-5.5013 5.6565 9.2737 46.74
-10.0725 11.1920 6.0134 17.99
-7.8478 8.6948 9.2860 35.26
-10.1204 12.0810 2.9878 6.50
-10.0263 11.9596 7.9495 23.73
-6.2239 7.3460 9.3265 41.00
-10.1324 10.3232 4.3036 12.27
-6.4414 6.5182 6.2310 29.50
-5.5475 5.6040 9.2678 46.75
-10.0720 10.9920 5.9709 18.01
-7.9791 8.6838 9.3405 35.26
-10.1249 11.8321 2.9689 6.51
-10.0417 11.7479 7.8931 23.76
-5.8858 6.8035 9.3018 42.92
-10.0868 12.6530 5.2300 14.15
-8.4786 10.5875 9.3165 31.39
-4.6598 5.7159 9.2605 48.66
-10.0612 10.7697 6.4558 19.93
-7.5567 8.0551 9.3607 37.17
-8.6468 9.8821 3.1254 8.43
-10.0074 11.4785 8.3936 25.67
-5.9601 6.7631 9.3204 42.93
-10.0725 12.3697 5.1688 14.15
-8.5160 10.4402 9.2701 31.42
-4.6980 5.6569 9.2378 48.67
-10.0267 13.2307 6.5226 18.00
-6.6389 8.6660 9.2719 37.16
-8.6517 9.6935 3.1066 8.44
-10.0493 11.2977 8.3362 25.65
-6.0239 6.7129 9.3167 42.90
-8.5924 10.3122 4.5411 14.19
-8.8362 10.6269 9.4800 31.42
-4.7585 5.6224 9.2493 48.67
-9.4877 12.2406 6.1554 17.99
-6.4060 8.1922 8.8768 37.16
-8.9747 12.4681 2.9440 6.51
-9.9672 13.8493 9.2955 25.70
-5.3186 7.2407 9.3104 42.95
-8.6220 10.1614 4.5089 14.15
-8.9309 10.5405 9.4798 31.43
-4.8091 5.5800 9.2549 48.69
-10.0094 12.6821 6.9661 19.91
-6.4246 8.0555 9.3484 39.09
-8.6928 11.8004 3.3568 8.44
-9.9646 13.5678 9.1665 25.65
-5.3777 7.1875 9.2975 42.93
-10.0211 14.6817 5.0272 12.27
-7.8298 11.3816 9.4778 31.40
-4.2367 6.0100 9.2498 48.67
-10.0447 12.4828 6.9234 19.93
-6.9740 8.5927 9.3829 37.17
-10.0967 13.4772 3.1176 6.52
-9.9777 13.3084 9.0733 25.66
-5.4412 7.1344 9.2904 42.93
-8.5619 12.2500 4.4054 12.24
-8.4432 12.0477 9.3815 29.50
-4.5721 6.3880 9.2633 46.76
-9.8102 15.1581 6.3492 16.09
-6.9988 10.6996 9.4420 33.33
-3.8402 5.7039 9.2380 50.59
-10.0345 13.1202 7.1030 19.92
-6.6904 8.6555 9.2895 37.17
-8.8960 12.4786 2.9452 6.53
-9.9797 14.0314 8.6792 23.77
-5.6314 7.7761 9.3159 41.01
-9.8536 14.9195 4.4323 10.33
-8.9991 13.5582 9.5740 27.58
-4.7314 6.9658 9.3050 44.83
-9.9990 16.3521 5.9923 14.17
-7.2623 11.7330 9.4757 31.41
-3.9550 6.2071 9.2690 48.67
-10.0284 13.8153 6.6757 18.00
-6.5504 8.9243 8.8313 35.23
-10.0783 14.9513 2.6466 4.58
-9.9735 14.7770 8.2549 21.84
-5.8318 8.4926 9.3578 39.09
-10.0220 16.0355 3.9929 8.45
-9.2146 14.6943 9.4210 25.66
-4.8600 7.5601 9.3213 42.94
-9.9954 17.2944 5.5132 12.28
-7.5286 12.8893 9.5100 29.49
-4.0416 6.7143 9.2677 46.79
-9.9866 14.4998 6.8515 18.00
-6.1968 8.8588 9.1986 37.17
-9.7738 15.3024 3.2722 6.53
-9.4578 14.7795 8.8297 23.78
-5.2537 8.0316 9.3214 41.02
-10.0223 16.9677 4.7702 10.34
-8.3366 13.9921 9.5892 27.59
-4.3764 7.1445 9.2800 44.86
-9.8399 18.0563 6.3516 14.18
-6.6865 12.0707 9.4853 31.42
-3.6459 6.3585 9.2477 48.69
-9.6638 14.7948 6.8751 18.01
-6.5391 9.8900 9.3937 35.23
-10.0650 16.6765 2.7661 4.59
-9.0851 14.9856 8.1397 21.85
-5.3508 8.6445 9.2567 39.10
-9.9994 17.9403 4.2403 8.46
-8.2635 14.7162 9.2050 25.67
-4.4864 7.7638 9.3091 42.94
-9.2605 18.0246 4.8822 10.36
-7.4638 14.3756 9.5561 27.61
-3.9651 7.3821 9.2925 44.86
-9.9806 16.1610 5.9480 14.17
-7.3121 11.7151 9.4876 31.42
-3.9796 6.1899 9.2744 48.70
-9.9352 17.3955 7.6538 18.03
-5.9677 10.2545 9.4196 35.27
-9.5141 18.1149 2.1875 2.73
-9.4423 17.9397 8.4823 19.94
-5.2311 9.6846 9.3679 37.18
-8.7250 18.1123 2.8268 4.61
-8.6785 17.8987 9.1041 21.87
-4.4933 8.9757 9.1663 39.10
-10.0288 17.1919 4.1410 8.45
-8.8022 14.9880 9.4419 25.66
-4.6325 7.6895 9.3092 42.92
-9.7186 18.0700 4.9249 10.36
-7.7710 14.2934 9.5817 27.58
-4.1001 7.3065 9.2873 44.86
-8.9138 18.0163 5.5423 12.28
-6.7003 13.3362 9.5285 29.53
-3.6129 6.9338 9.2610 46.79
-8.1536 17.9902 6.1596 14.20
-5.7815 12.4990 9.4857 31.44
-3.1810 6.5784 9.2455 48.71
-9.9299 18.0231 7.8467 18.06
-5.8079 10.3321 9.4096 35.26
-9.1686 18.1386 2.1797 2.72
-9.1265 17.9553 8.4348 19.94
-5.0880 9.7543 9.3679 37.19
-8.3862 18.0750 2.8209 4.64
-8.3417 17.8863 9.0417 21.87
-4.3355 8.9838 9.1245 39.13
-7.6212 18.0540 3.4519 6.56
-7.6188 17.8938 9.6852 23.79
-3.8274 8.6185 9.2157 41.06
-9.3758 18.0748 4.2186 8.47
-8.2321 15.7359 9.6370 25.69
-4.2536 7.8826 9.3130 42.97
-8.5916 18.0436 4.8352 10.37
-7.0611 14.6442 9.5866 27.60
-3.7488 7.4892 9.2981 44.88
-7.8414 18.0214 5.4580 12.31
-6.0221 13.5929 9.5144 29.57
-3.2736 7.0763 9.2537 46.81
-7.1205 18.0062 5.4054 12.33
-5.5594 13.8005 9.5176 29.55
-3.0374 7.1703 9.2608 46.84
-8.7936 18.0043 6.2259 14.19
-6.1197 12.3126 9.4774 31.47
-3.3665 6.4997 9.2582 48.73
-8.0344 17.9595 6.8459 16.14
-5.2933 11.5725 9.4327 33.36
-2.9582 6.1592 9.2315 50.63
-7.3205 17.9347 7.4575 18.05
-4.5635 10.8606 9.3952 35.33
-6.6159 18.1060 1.5081 0.85
-6.0018 16.2344 6.7986 18.09
-4.1899 10.9921 9.3899 35.33
-8.2810 18.1257 2.1644 2.73
-8.2465 17.9427 8.3080 19.97
-4.2118 8.8366 8.4592 37.21
-7.5405 18.1059 2.7961 4.64
-7.4881 17.8592 8.9090 21.90
-4.0964 9.4087 9.3719 39.15
-6.8029 18.0430 2.7812 4.67
-6.8021 17.8993 8.8238 21.90
-3.7617 9.4931 9.3389 39.16
-6.0927 18.0330 2.7617 4.67
-5.5608 16.1947 8.0231 21.93
-3.4430 9.6112 9.3440 39.16
-7.7434 18.0955 3.4670 6.58
-7.6566 17.7616 9.6377 23.79
-3.8692 8.6212 9.2338 41.07
-7.0072 18.0747 3.4435 6.61
-6.9848 17.8714 9.5799 23.80
-3.5360 8.6242 9.1287 41.07
-6.2865 18.0146 3.4081 6.61
-6.3037 17.8425 9.4827 23.84
-3.2114 8.6226 9.0358 41.08
-5.6116 18.0324 3.3966 6.64
-5.6251 17.8556 9.3973 23.84
-2.9151 8.6933 9.0244 41.12
-7.2125 18.0708 3.4454 6.59
-7.1869 17.8605 9.6051 23.80
-3.6250 8.6159 9.1524 41.08
-6.4799 18.0162 3.4207 6.62
-6.4868 17.8710 9.5097 23.81
-3.3009 8.6267 9.0636 41.08
-5.8048 18.0532 3.3999 6.62
-5.8218 17.8549 9.4274 23.86
-2.9895 8.6499 9.0016 41.10
-5.1310 18.0444 3.3877 6.65
-5.1516 17.8644 9.3492 23.86
-2.7386 8.8762 9.1386 41.13
-6.6907 18.0396 3.4251 6.60
-6.6777 17.8213 9.5256 23.84
-3.3902 8.6229 9.0842 41.07
-5.9854 18.0233 3.4079 6.64
-6.0019 17.8849 9.4527 23.83
-3.0708 8.6326 9.0076 41.09
-5.3105 18.0271 3.3904 6.65
-5.3509 17.8823 9.3852 23.87
-2.8216 8.8567 9.1360 41.11
-4.6429 18.0362 2.7537 4.74
-4.6774 17.8582 8.5856 21.97
-2.4849 8.8169 8.5185 39.21
-6.1903 18.0528 2.7703 4.68
-6.1760 17.8714 8.7298 21.90
-3.4711 9.5774 9.3353 39.19
-5.5063 18.0618 2.7628 4.71
-5.5068 17.8629 8.6707 21.96
-3.1448 9.6552 9.3185 39.21
-4.8279 18.0505 2.1341 2.82
-4.8614 17.9075 7.9228 20.07
-3.0054 10.4783 9.3612 37.31
-4.1696 18.0570 1.5296 0.95
-4.1965 17.9168 7.2025 18.19
-1.7878 6.7674 6.0469 35.41
-5.6981 18.0731 2.1434 2.81
-5.6801 17.8404 7.9693 20.04
-3.4585 10.3740 9.3679 37.27
-5.0136 18.0404 2.1319 2.80
-5.0402 17.8858 7.9251 20.05
-3.1015 10.4506 9.3521 37.28
-4.3422 18.0558 1.5072 0.88
-4.3762 17.8931 7.1959 18.16
-1.8640 6.8067 6.0840 35.40
-3.6939 18.0753 0.9112 -0.99
-3.7495 17.9281 6.5075 16.26
-1.7232 7.3271 6.0700 33.51
-1.6140 6.5311 9.2087 50.79
-5.2255 17.9432 6.5951 16.22
-3.6633 12.0945 9.4261 33.46
-2.1106 6.4433 9.2253 50.70
-4.5505 17.9208 5.8782 14.29
-3.4647 13.1336 9.4345 31.56
-2.0042 6.9519 9.2379 48.81
-3.9107 17.9275 5.8719 14.37
-3.0190 13.2392 9.4441 31.58
-1.7696 7.0032 9.2388 48.83
-3.2676 17.9367 5.2123 12.47
-2.7319 14.3423 9.4472 29.73
-1.6133 7.5179 9.2318 46.93
-4.7408 18.0031 4.6333 10.49
-4.0605 14.9904 9.2684 27.72
-2.3179 7.9400 9.2613 44.96
-4.0662 17.9711 3.9788 8.59
-3.9344 16.9665 9.5650 25.86
-2.1689 8.5740 9.2985 43.10
-3.4266 18.0342 3.3560 6.69
-3.4833 17.8287 9.1973 23.93
-1.8837 8.6739 8.8098 41.18
-2.7757 17.9853 2.7441 4.82
-2.8502 17.8765 8.4784 22.05
-1.7647 9.9395 9.3234 39.29
-4.2518 18.0515 2.1285 2.82
-4.2690 17.8493 7.8583 20.09
-1.7281 6.3622 6.0841 37.32
-3.5956 18.0494 1.5273 0.95
-3.6407 17.8953 7.1517 18.17
-1.6019 6.8656 6.0944 35.44
-2.9434 18.0650 0.9211 -0.97
-2.9947 17.9040 6.4708 16.28
-2.2126 12.3078 9.3841 33.54
-1.3635 6.5780 9.2065 50.78
-2.3619 17.9454 5.1995 12.51
-2.0258 14.4422 9.4589 29.77
-1.2491 7.5543 9.2226 46.97
-3.7964 17.9663 4.5927 10.51
-3.2867 14.9897 9.1896 27.75
-1.9340 8.0277 9.2693 45.00
-3.1482 18.0007 3.9700 8.63
-3.0838 17.0539 9.5434 25.90
-1.6682 8.1549 8.8332 43.13
-2.5077 18.0263 2.7434 4.82
-2.5681 17.8270 8.4512 22.07
-1.6178 9.9272 9.3020 39.31
-1.8609 17.9894 1.5539 1.05
-1.7647 16.1413 6.5332 18.29
-1.4105 11.4936 9.3576 35.51
-3.2946 18.0553 0.9239 -0.95
-3.3521 17.8956 6.4862 16.29
-1.5878 7.3967 6.1024 33.53
-1.4844 6.5558 9.2031 50.77
-2.7116 17.9131 5.8151 14.36
-2.1591 13.3268 9.4238 31.64
-1.3313 7.0705 9.2415 48.89
-2.0726 17.9238 4.5528 10.55
-1.8365 14.8446 9.0341 27.86
-1.1871 8.0648 9.2114 45.08
-1.4284 17.9481 3.3550 6.81
-1.5107 17.7752 9.0967 24.01
-0.9674 8.9200 8.9489 41.29
-2.8608 18.0125 2.7407 4.80
-2.8997 17.8102 8.4434 22.02
-1.8008 9.9249 9.3229 39.31
-2.2218 18.0849 1.5436 1.01
-2.0874 16.1357 6.5234 18.23
-1.6335 11.4683 9.3552 35.50
-1.3869 15.6147 0.4735 -2.78
-1.6453 17.9186 5.8235 14.47
-1.3747 13.3695 9.4117 31.68
-0.9193 7.0747 9.2023 48.93
-1.0028 17.8858 4.5590 10.64
-0.9941 15.5986 9.4092 27.89
-0.7203 8.1299 9.2536 45.13
-2.4067 17.9663 3.3512 6.76
-2.4795 17.8005 9.1393 23.99
-1.4046 8.6816 8.7619 41.22
-1.7669 17.9999 2.1451 2.94
-1.8430 17.8549 7.7583 20.18
-1.2860 10.7129 9.3410 37.42
-1.1230 18.0391 0.9518 -0.88
-1.2008 17.8453 6.4370 16.39
-0.9828 12.0806 9.1733 33.63
-0.7310 6.6238 9.2006 50.87
-0.5735 17.9181 5.1973 12.60
-0.6006 14.4348 9.4274 29.86
-0.5199 7.5880 9.2227 47.06
-1.9616 17.9584 3.9560 8.68
-1.9811 17.1649 9.5337 25.92
-1.1930 8.5760 9.1736 43.17
-1.3206 17.9550 2.7495 4.88
-1.3985 17.8155 8.4250 22.13
-0.9688 9.7764 9.1447 39.37
-0.6778 18.0159 1.5519 1.04
-0.7678 17.8267 7.0815 18.32
-0.6760 11.4966 9.3416 35.56
-0.0608 16.2073 0.4665 -2.71
-0.1273 17.8826 5.8276 14.55
-0.2584 13.3320 9.3855 31.76
-0.3462 7.0852 9.2053 49.01
-1.5238 17.9489 4.5675 10.61
-1.3721 14.6740 8.9212 27.85
-0.9505 8.0638 9.1929 45.10
-0.8781 17.9518 3.3645 6.85
-0.9684 17.8224 9.1134 24.04
-0.6989 8.9178 8.9362 41.30
-0.2440 17.9672 2.1673 3.02
-0.3436 17.8048 7.7473 20.27
-0.4020 10.7017 9.3267 37.51
0.3983 18.0232 0.9834 -0.78
0.2820 17.8461 6.4574 16.46
0.0283 12.3319 9.3559 33.71
-0.1942 6.6118 9.2012 50.98
-1.0904 17.8979 5.1832 12.56
-1.0050 14.3510 9.3711 29.81
-0.7364 7.6064 9.2417 47.02
-0.4432 17.9591 3.9720 8.77
-0.5410 17.0735 9.4917 26.03
-0.4846 8.5659 9.1481 43.26
0.1902 17.9352 2.7688 4.96
0.0824 17.7732 8.4226 22.21
-0.1640 9.9624 9.2992 39.44
0.8306 17.9596 1.5900 1.17
0.7314 17.8273 7.1288 18.44
0.2723 11.4307 9.3280 35.65
-0.5270 15.8453 0.4697 -2.76
-0.6571 17.8922 5.8146 14.50
-0.6425 13.3789 9.4048 31.72
-0.5424 7.0932 9.2151 48.99
-0.0144 17.9410 4.5873 10.70
-0.1445 15.6916 9.4645 27.93
-0.2891 8.1042 9.2359 45.20
0.6328 17.9409 3.3856 6.91
0.5033 17.7646 9.1304 24.15
0.0306 8.9104 8.9502 41.38
1.2648 17.9670 2.2035 3.13
1.1551 17.8121 7.8003 20.35
0.4782 10.6115 9.2990 37.58
-0.1178 18.0194 0.9779 -0.80
-0.2241 17.8147 6.4388 16.44
-0.3322 12.3968 9.3882 33.68
-0.3787 6.6206 9.1938 50.92
0.4141 17.9206 5.2260 12.68
0.1906 14.3787 9.3982 29.86
-0.1163 7.5698 9.2231 47.14
1.0666 17.9083 4.0017 8.86
0.8766 16.9216 9.4690 26.12
0.2143 8.5528 9.1707 43.34
1.7135 17.9243 2.8114 5.06
1.5740 17.7599 8.4857 22.29
0.6529 9.8422 9.2624 39.53
0.3206 18.0293 1.5917 1.17
0.2098 17.8713 7.1106 18.36
-0.0493 11.4552 9.3216 35.60
0.8536 16.5568 0.4621 -2.66
0.8490 17.8431 5.8281 14.55
0.4602 13.2537 9.3722 31.83
0.0292 7.0496 9.1919 49.07
1.4919 17.8802 4.6158 10.77
1.0692 14.6111 8.9674 28.06
0.3713 8.0475 9.2281 45.27
2.1252 17.7238 3.4097 7.02
2.0086 17.7481 9.2108 24.22
0.7336 8.6406 8.7914 41.49
0.7477 17.9694 2.1838 3.07
0.6436 17.8258 7.7841 20.33
0.1775 10.6282 9.2916 37.56
1.4032 18.0114 1.0071 -0.70
1.2728 17.8511 6.4939 16.51
0.6909 12.2408 9.3350 33.76
0.1534 6.5864 9.1961 51.01
1.9304 17.8280 5.2505 12.73
1.2273 13.1310 9.3578 31.89
0.4335 7.0025 9.1900 49.13
2.5668 17.8509 4.6630 10.85
1.9461 14.6397 9.0555 28.10
0.8311 7.9508 9.2038 45.34
1.1720 17.9024 3.3979 6.95
1.0420 17.7557 9.1544 24.18
0.2965 8.8838 8.9470 41.41
1.8208 17.9256 2.2088 3.14
1.6901 17.7797 7.8188 20.38
0.7913 10.5583 9.2902 37.62
2.4893 17.9935 1.0168 -0.66
2.3501 17.8229 6.5540 16.60
1.3951 12.0989 9.3166 33.84
0.5273 6.5230 9.1844 51.08
3.0052 17.8460 5.3222 12.82
1.9921 12.9827 9.3567 31.95
0.8285 6.9293 9.1875 49.20
1.5920 17.8717 4.6291 10.81
1.1428 14.6525 8.9830 28.02
0.4115 8.0441 9.2280 45.27
2.2271 17.7095 3.4149 7.03
2.1145 17.7459 9.2166 24.22
0.7846 8.6420 8.7958 41.48
2.9163 17.9458 2.2431 3.22
2.7556 17.7362 7.8880 20.47
1.3929 10.4213 9.2734 37.71
3.5840 17.9402 1.0452 -0.57
3.4137 17.7734 6.6162 16.66
2.0947 11.9381 9.3119 33.91
0.8947 6.4378 9.1808 51.18
2.0230 17.8496 5.2628 12.74
1.4526 14.2048 9.4003 29.99
0.5358 7.4990 9.2147 47.21
2.6962 17.8976 4.0631 8.96
2.3549 16.6217 9.4433 26.22
0.9624 8.4797 9.2077 43.45
3.3462 17.8550 2.8570 5.16
3.1946 17.7423 8.6213 22.41
1.3202 8.7270 8.4577 39.64
4.0343 17.9250 1.6743 1.40
3.8738 17.7389 7.3245 18.64
2.1729 11.0021 9.2704 35.86
2.4708 17.1480 0.4537 -2.57
2.4629 17.8595 5.9242 14.69
1.6191 13.0532 9.3482 31.91
0.6367 6.9647 9.1890 49.18
3.1317 17.8767 4.7014 10.89
2.3757 14.5331 9.0453 28.12
1.0584 7.8987 9.2024 45.40
3.7644 17.6811 3.4728 7.12
3.6235 17.7067 9.3673 24.35
1.5008 8.5796 8.8753 41.59
4.4835 17.8974 2.2986 3.34
4.3194 17.7403 8.0489 20.56
2.2396 10.2009 9.2646 37.79
3.0459 17.9210 1.0369 -0.60
2.8935 17.7918 6.5831 16.64
1.7515 12.0459 9.3306 33.88
0.7150 6.4744 9.1675 51.11
3.5631 17.8206 5.3613 12.88
2.6093 13.9154 9.3680 30.06
1.1335 7.3416 9.1829 47.34
4.2617 17.8568 4.1422 9.06
3.6973 16.1908 9.4058 26.33
1.6472 8.3282 9.2175 43.55
4.9360 17.8553 3.5600 7.20
4.6923 17.5156 9.4257 24.41
2.0193 8.5497 8.9841 41.68
3.4782 17.9371 2.2572 3.25
3.3230 17.7553 7.9475 20.50
1.7037 10.3521 9.2709 37.73
4.1618 17.9320 1.0601 -0.52
3.9823 17.7633 6.6612 16.69
2.4442 11.8409 9.3074 33.94
1.0789 6.3929 9.1737 51.18
4.6554 17.7619 6.0802 14.86
3.0914 12.5926 9.3074 32.07
1.4074 6.7254 9.1334 49.33
5.3405 17.7725 5.4909 12.98
3.8373 13.4376 9.3377 30.24
1.7871 7.1433 9.1737 47.44
3.8921 17.8555 4.1209 9.04
3.3058 15.9248 9.2115 26.27
1.4901 8.3697 9.2136 43.52
4.5827 17.8785 2.9153 5.25
4.4069 17.7195 8.7594 22.50
2.0995 9.4819 9.2359 39.74
5.2755 17.9034 2.3246 3.38
5.0816 17.7453 8.1518 20.63
2.6211 10.0390 9.2430 37.86
5.9793 17.9207 1.7107 1.47
5.7631 17.6839 7.5326 18.77
3.1819 10.5414 9.1852 35.99
4.4750 17.9448 0.4450 -2.43
4.2993 17.8102 6.0518 14.81
2.8571 12.6718 9.3052 32.03
1.2895 6.7918 9.1663 49.30
4.9635 17.7689 5.4627 12.97
3.5880 13.5251 9.3179 30.15
1.6525 7.1864 9.1763 47.43
5.6657 17.7938 4.8613 11.04
4.4171 14.4657 9.3539 28.33
2.0589 7.5996 9.1926 45.55
6.3828 17.8020 4.2771 9.18
5.1243 14.8280 9.0049 26.43
2.4943 7.9998 9.1872 43.69
4.7821 17.6100 3.5218 7.19
4.6080 17.5222 9.4239 24.42
1.9813 8.5307 8.9520 41.65
5.5420 17.8425 2.9595 5.31
5.3462 17.6762 8.8773 22.56
2.4171 8.8962 8.8574 39.80
6.2558 17.8617 2.3636 3.45
6.0360 17.6831 8.2684 20.69
3.0900 9.8303 9.2200 37.93
6.9561 17.8637 2.4000 3.51
6.7354 17.6783 8.3757 20.73
3.0315 8.7011 8.3857 37.96
5.4035 17.8983 1.7141 1.50
5.2056 17.7391 7.4616 18.69
2.9209 10.7618 9.2620 35.93
6.1004 17.8846 1.0992 -0.39
5.8941 17.7445 6.8662 16.82
3.5547 11.4071 9.2735 34.07
1.6712 6.1839 9.1543 51.32
6.5851 17.7032 6.9524 16.89
3.9218 11.2184 9.2552 34.13
1.8726 6.0970 9.1484 51.37
7.2730 17.6837 7.0398 16.93
4.2931 11.0379 9.2501 34.18
2.0630 5.9879 9.1288 51.44
5.7357 17.7815 6.1888 14.91
3.7515 12.3128 9.2858 32.16
1.7681 6.6330 9.1656 49.40
6.4215 17.7452 6.2467 14.92
4.1605 12.1463 9.2854 32.20
1.9771 6.5326 9.1444 49.44
7.1255 17.7432 6.3537 15.03
4.5495 11.9313 9.2626 32.24
2.1915 6.4357 9.1380 49.48
7.8658 17.7302 6.4486 15.08
4.9426 11.7202 9.2524 32.29
2.4001 6.3390 9.1411 49.53
6.2479 17.7747 5.5772 13.03
4.4155 13.1549 9.3024 30.28
2.0889 7.0131 9.1541 47.49
6.9369 17.7334 5.6550 13.11
4.8573 12.9699 9.2981 30.29
2.3160 6.9058 9.1514 47.57
7.6852 17.7539 5.7317 13.12
5.2543 12.7078 9.2689 30.36
2.5403 6.8039 9.1503 47.60
8.4058 17.7270 6.5242 15.11
5.2026 11.5309 9.2250 32.32
2.5371 6.2377 9.1089 49.56
6.7061 17.6975 6.2822 14.98
4.3382 12.0611 9.2755 32.20
2.0795 6.5075 9.1654 49.47
7.4329 17.7031 6.3642 15.00
4.7192 11.8328 9.2548 32.27
2.2830 6.3971 9.1447 49.51
8.1435 17.6800 7.1753 17.00
4.6963 10.7886 9.2244 34.23
2.2919 5.8876 9.1342 51.47
8.8706 17.6378 8.0210 18.99
4.6600 9.8534 9.2028 36.20
7.4304 17.8683 1.7723 1.62
7.1985 17.7218 7.7412 18.83
3.9176 10.2930 9.2265 36.06
8.1458 17.8262 1.7945 1.66
7.9229 17.7133 7.8580 18.88
4.2478 10.1245 9.2344 36.15
8.9012 17.8228 2.4888 3.63
8.6064 17.6077 8.6994 20.87
4.0324 8.8704 8.8642 38.11
9.6556 17.7738 3.2110 5.60
9.0293 17.0123 9.3366 22.82
4.1845 8.4661 9.1714 40.06
7.8999 17.8216 3.0902 5.47
7.6565 17.6334 9.2536 22.68
3.3990 8.5211 8.8980 39.97
8.6165 17.7517 3.8125 7.47
7.5612 15.9942 9.3449 24.65
3.5493 8.1414 9.1892 41.91
9.3846 17.7600 4.5575 9.41
7.3011 14.2768 9.2859 26.67
3.5140 7.4506 9.1521 43.89
9.7299 17.0663 5.8761 13.30
6.5066 11.8695 9.2283 30.56
3.1305 6.2438 8.9282 47.76
8.3084 17.7466 6.5077 15.09
5.1792 11.6080 9.2575 32.31
2.5188 6.2594 9.1254 49.57
9.0227 17.6859 7.3127 17.04
5.1006 10.5424 9.2113 34.28
2.5163 5.7797 9.1487 51.53
9.7264 17.5892 8.9269 20.95
4.4818 8.6810 8.9181 38.18
9.6964 15.9736 3.7235 7.60
8.5615 14.4555 9.0027 24.80
4.2334 7.6718 9.1539 42.07
8.9171 17.7197 4.5058 9.39
7.0468 14.4682 9.2888 26.61
3.3725 7.5253 9.1439 43.86
9.6457 17.6946 5.9916 13.29
6.3016 12.0310 9.2241 30.47
3.0686 6.4161 9.0587 47.75
9.7641 16.6014 7.1778 17.15
3.3556 6.2678 6.1036 34.38
2.8223 5.5619 9.1161 51.62
9.1202 14.5165 8.4969 22.94
4.7555 8.0499 9.1453 40.17
9.5475 17.7977 3.8915 7.51
8.1230 15.5683 9.3224 24.74
3.8437 7.9374 9.1607 41.97
9.7365 16.8191 5.1428 11.38
7.1833 12.8385 9.2604 28.61
3.5063 6.7997 9.1271 45.88
8.9998 14.5306 6.5220 17.18
5.9101 9.9739 9.1910 34.42
2.9529 5.4784 9.1204 51.66
9.2955 14.0372 9.0544 24.88
4.5833 7.4084 9.1446 42.15
9.7402 17.2009 5.2093 11.38
7.0446 12.8999 9.2464 28.59
3.4488 6.8521 9.1342 45.84
9.7314 15.9658 6.3215 15.22
6.2990 10.7839 9.1966 32.49
3.1160 5.8400 9.0617 49.73
9.4237 14.4591 7.8809 21.04
5.2115 8.4591 9.1008 38.30
9.6822 13.6523 4.6479 11.52
6.4447 9.5254 9.1686 34.51
3.1421 5.1012 8.8850 51.78
8.5444 14.4862 7.6900 20.99
4.7122 8.4800 8.8820 38.22
9.4298 14.5767 4.1541 9.55
8.4522 13.3976 9.2510 26.81
4.1220 7.0257 9.1326 44.04
11.8921 17.1586 9.3019 21.10
5.4489 8.3643 9.1556 38.34
9.6592 12.9374 4.5412 11.56
6.1395 8.6454 8.5679 34.55
3.3514 5.1330 9.0834 51.82
9.0071 14.4466 8.4433 22.93
4.7284 8.0754 9.1570 40.19
9.6709 14.2003 4.7304 11.50
8.0216 12.1111 9.2115 28.72
3.9625 6.4548 9.1057 45.99
11.0506 15.2107 9.2509 23.05
5.2166 7.6547 9.1206 40.28
9.6576 12.3235 5.0127 13.54
6.6114 8.8091 8.8678 34.59
3.4680 5.0325 9.0816 51.86
9.5257 14.4469 8.5698 22.94
4.9120 7.9291 9.1490 40.23
9.6945 13.5450 5.2347 13.49
6.4948 9.4891 9.1686 34.51
3.1814 5.1031 8.9089 51.75
7.9594 10.6576 9.1742 30.74
4.0012 5.7870 9.0966 47.98
10.7306 13.1192 9.1792 25.04
5.2335 6.8266 9.1189 42.30
9.6774 13.8124 5.8737 15.36
5.6431 8.5175 8.7862 36.37
9.6487 12.7776 4.5180 11.57
6.7129 9.2968 9.1632 34.55
3.3794 5.1157 9.0786 51.79
8.1963 10.4090 9.1619 30.78
4.1339 5.6656 9.0860 47.99
10.0676 11.7666 9.1610 27.00
4.9910 6.2314 9.0849 44.27
11.1196 15.1325 9.2401 23.04
5.2454 7.6006 9.0964 40.27
9.6524 12.1690 4.9835 13.54
6.6918 8.8119 8.9032 34.59
3.4960 5.0151 9.0777 51.83
8.4264 10.1655 9.1526 30.82
4.2622 5.5439 9.0834 48.03
9.2338 10.3294 8.9472 28.97
4.7716 5.7238 9.0937 46.23
9.1266 11.8248 6.4698 19.26
5.8573 7.9797 9.1302 38.43
9.6191 11.5351 4.8760 13.59
8.3469 10.2731 9.1672 30.81
4.2099 5.5924 9.0874 48.03
9.1913 10.4772 8.9905 28.96
4.7200 5.7734 9.0868 46.19
10.5688 11.1638 9.1437 27.09
5.2717 5.9418 9.0837 44.35
11.8014 14.4774 9.2350 23.12
5.6061 7.3090 9.1126 40.35
9.6162 10.9907 5.3082 15.53
6.7721 8.0806 9.1179 36.60
9.6234 10.2536 4.6761 13.69
7.0075 7.8009 9.0958 36.64
9.5857 9.5330 4.5566 13.73
7.8242 8.0224 8.0092 30.94
4.6426 5.0822 9.0415 48.21
9.9971 11.7865 9.1492 27.01
4.9724 6.2660 9.0920 44.24
10.3983 11.4161 9.1561 27.04
5.1616 6.0580 9.0793 44.30
7.6549 7.9329 6.0162 23.28
6.2073 6.6712 9.1016 40.52
9.3192 8.8645 5.3358 17.57
7.9947 7.8365 9.0914 34.81
4.1023 4.3676 9.0506 52.07
7.7056 8.8179 8.8324 32.80
4.0887 5.0550 9.0812 50.03
8.9649 9.4766 9.1051 30.93
4.5647 5.1978 9.0565 48.15
8.6465 8.4912 6.9950 25.25
5.8850 6.0682 9.0626 42.47
9.3585 8.5073 6.2533 21.48
7.0320 6.6496 9.0806 38.71
9.6325 10.1654 5.1647 15.60
6.5311 7.2449 9.0866 38.59
9.6117 9.4697 5.0373 15.65
8.3323 8.4512 8.9687 32.88
4.3494 4.7550 9.0533 50.09
9.2410 8.6412 8.3438 29.13
5.1956 5.1871 9.0441 46.35
9.6419 8.4281 9.0206 31.06
4.9892 4.6885 9.0605 48.34
8.6271 8.8103 7.0769 25.19
5.7818 6.1966 9.0745 42.46
9.0388 8.5521 6.1611 21.44
6.9323 6.8160 9.0973 38.66
9.5876 8.4146 5.3286 17.66
8.2474 7.4486 9.0720 34.91
4.2514 4.1687 9.0363 52.13
8.4824 7.1372 9.0674 34.94
4.3774 4.0007 9.0363 52.19
9.0244 8.7860 8.2941 29.08
5.1198 5.3160 9.0666 46.31
7.7816 7.0976 6.2703 25.32
6.1141 5.8091 9.0791 42.55
11.5751 9.6776 9.0858 27.30
5.8511 5.2194 9.0614 44.50
10.9167 8.5439 9.0704 29.24
5.5724 4.6800 9.0423 46.49
9.2163 8.4969 7.2027 25.27
6.0507 5.8604 9.0643 42.54
11.5109 9.8146 9.0902 27.26
5.7842 5.2681 9.0465 44.52
7.6724 6.2105 5.9844 25.41
6.3888 5.3732 9.0397 42.63
12.0235 8.8784 9.0483 27.38
6.0965 4.8053 9.0387 44.63
9.6270 8.4422 7.8912 27.26
5.7369 5.3292 9.0406 44.49
7.6283 6.3015 5.9932 25.41
6.3477 5.4463 9.0518 42.63
10.9965 8.3304 9.0508 29.29
5.6311 4.5795 9.0318 46.51
9.6089 6.8581 9.0412 33.14
4.9838 3.8457 9.0135 50.36
8.4295 7.1491 9.0441 34.94
4.3519 4.0098 9.0210 52.20
7.4650 5.9827 9.0436 38.83
9.5621 6.8503 5.5030 19.73
7.1156 5.3410 9.0429 40.80
9.5747 6.3756 5.8786 21.73
6.2895 4.4559 9.0217 44.71
11.8126 9.2748 9.0655 27.33
5.9827 5.0142 9.0467 44.54
11.1176 8.1613 9.0513 29.29
5.6805 4.4764 9.0211 46.55
9.6695 6.6700 9.0291 33.22
5.0296 3.7616 9.0186 50.43
7.9000 5.1695 9.0125 39.00
9.5627 7.1234 5.5516 19.70
7.0146 5.4867 9.0393 40.78
9.5929 6.6582 5.9366 21.69
6.2216 4.6003 9.0367 44.68
10.5913 6.8691 9.0108 31.31
5.5016 3.8501 9.0135 48.53
10.7862 6.4723 9.0021 31.35
5.5899 3.6249 8.9912 48.62
9.5669 6.8881 9.0370 33.17
4.9629 3.8695 9.0186 50.40
8.4223 5.6966 9.0292 37.04
9.5504 5.8072 5.3281 19.85
6.9216 4.4508 9.0204 42.83
11.8118 6.6329 8.9951 29.48
6.1022 3.6969 9.0059 46.74
9.6839 6.6058 9.0107 33.21
5.0401 3.7259 9.0083 50.44
7.9558 5.1389 9.0363 38.99
9.5634 5.5019 5.7165 21.80
6.5306 3.9985 9.0102 44.78
11.0386 5.8794 8.9911 31.43
5.7327 3.3100 8.9811 48.70
9.0474 5.8818 8.9459 35.14
4.7530 3.3658 8.9989 52.37
9.1041 5.4733 8.8497 35.20
4.8442 3.1785 8.9972 52.46
8.1488 4.5825 8.9873 39.12
9.5199 4.7330 5.5894 21.93
6.7010 3.5546 8.9906 44.91
11.6731 7.0186 9.0185 29.44
6.0204 3.8973 9.0216 46.68
10.1140 5.6951 8.9909 33.34
5.3043 3.2408 9.0079 50.55
8.2363 4.3571 8.9787 39.16
9.5411 4.4443 5.5580 21.97
6.7708 3.3701 8.9860 44.95
10.8965 6.2241 9.0009 31.39
5.6741 3.5056 9.0117 48.64
8.8152 4.7299 8.9785 37.23
9.5037 4.5353 5.1385 20.01
7.2435 3.6660 8.9875 42.99
11.3393 4.9643 8.9610 31.55
5.7907 2.7726 8.8095 48.82
8.8182 4.8545 8.9986 37.14
9.5453 4.6638 5.1689 20.00
7.1934 3.7325 8.9719 42.99
11.2953 5.0733 8.9619 31.55
5.7113 2.8066 8.7264 48.76
8.4935 3.5868 8.9491 39.27
9.5518 4.8000 5.6040 21.89
6.6875 3.5879 8.9865 44.89
9.7003 4.5462 8.9785 35.36
4.8577 2.5209 8.6528 52.59
7.3750 3.2651 8.9720 43.07
10.6736 4.0680 8.9528 33.54
5.6189 2.3611 8.9670 50.76
8.3433 4.0829 8.9717 39.19
9.5321 4.0996 5.9337 23.95
6.1263 2.8602 8.6858 46.91
9.0719 3.6273 8.8607 37.36
9.5247 3.3037 5.4218 22.12
6.7201 2.5234 8.6682 45.11
10.4691 4.6718 8.9557 33.49
5.3166 2.6123 8.7274 50.72
7.9417 3.3317 8.9593 41.19
11.5174 4.1419 8.9211 31.66
6.0783 2.4065 8.9793 48.88
10.0254 3.2740 8.9327 35.53
5.2933 1.9388 8.9633 52.79
7.3890 3.2174 8.9760 43.10
10.6561 3.9986 8.9315 33.56
5.6182 2.3237 8.9575 50.79
7.8860 2.7513 8.7699 41.28
9.0074 2.6472 5.9341 26.03
7.5677 2.3627 8.9200 43.26
10.6208 4.0994 8.9343 33.57
5.6046 2.3889 8.9719 50.80
7.7584 2.8006 8.6722 41.26
8.9943 2.7427 5.9348 26.00
7.5759 2.4505 8.9407 43.23
9.3656 2.4959 6.5097 27.97
7.1094 2.0407 8.9362 45.22
9.9381 3.5757 8.9283 35.50
5.2456 2.1046 8.9650 52.76
8.0919 2.6419 7.9455 37.50
9.2342 2.5343 5.2367 22.19
8.4914 2.4462 8.7107 39.47
9.4969 2.2487 5.7290 24.19
7.1503 1.8506 8.9413 45.26
8.5211 2.8321 6.9238 31.71
6.1042 2.1951 8.9508 48.95
8.4271 2.4899 7.2485 33.68
5.7426 1.8593 8.9551 50.89
8.7511 2.2703 8.8937 39.51
9.4891 1.9896 5.7103 24.23
6.6826 1.5769 8.9262 47.20
9.3004 2.8056 7.3908 31.74
6.1389 2.0272 8.9428 48.99
9.2012 2.4462 8.2345 35.63
5.3571 1.6118 8.9477 52.87
7.6775 1.8335 8.9221 43.34
10.9575 2.0329 8.8704 33.80
5.8235 1.2594 8.9226 51.03
9.0314 2.5025 8.1209 35.61
5.3628 1.6713 8.9703 52.85
8.2210 2.0223 8.9245 41.42
11.7907 2.2744 8.8658 31.89
6.2656 1.3948 8.9529 49.13
8.8479 1.4797 8.8792 39.61
9.5282 2.2988 5.7396 24.16
7.1363 1.8835 8.9209 45.21
10.1929 2.1290 8.9026 35.70
3.0999 0.8461 5.8264 52.94
7.7271 1.4215 8.9171 43.41
10.9716 1.4518 8.8456 33.87
5.8737 0.9452 8.9441 51.10
8.2324 1.8843 8.9112 41.42
11.7916 2.0830 8.8549 31.92
6.2631 1.2910 8.9313 49.14
8.8683 1.3346 8.8904 39.65
9.4862 0.9799 5.6768 24.37
7.2073 0.8807 8.8890 45.44
10.1910 1.9605 8.8844 35.72
3.1034 0.7905 5.8233 52.98
7.7117 1.2914 8.8941 43.45
10.9837 1.2698 8.8617 33.95
5.8532 0.8486 8.9201 51.16
7.8433 0.7049 8.0088 39.72
9.4847 1.5230 5.6814 24.26
6.7162 1.2438 8.9127 47.26
9.5323 1.2458 8.8801 37.72
9.4620 0.8163 5.2690 22.44
7.7689 0.8022 8.9150 43.51
11.8116 0.6074 8.8193 32.06
6.2932 0.4794 8.9142 49.33
8.8730 1.2823 8.8874 39.65
9.4779 0.9224 5.6725 24.38
7.2049 0.8408 8.8849 45.45
10.9567 0.6921 8.8345 34.02
5.8624 0.5315 8.9158 51.22
8.8584 0.3064 8.8555 39.78
9.4591 1.0191 5.6584 24.33
7.2395 0.9192 8.9188 45.42
10.9708 0.8165 8.8321 33.96
5.8623 0.5902 8.9121 51.19
8.8673 0.3946 8.8660 39.79
9.4688 -0.0130 5.6808 24.50
7.2030 0.1111 8.8843 45.57
10.9805 0.9216 8.8461 33.97
5.8623 0.6555 8.9210 51.20
8.9010 0.4885 8.8837 39.74
9.4797 0.0800 5.6781 24.47
7.2145 0.1868 8.8835 45.53
9.5069 -0.2273 7.3980 32.16
6.2637 -0.0272 8.8994 49.43
9.5304 0.5978 8.8537 37.77
9.4789 0.1651 5.2856 22.54
7.7305 0.2624 8.8820 43.62
10.9022 -0.1655 8.8108 34.08
5.8381 0.0569 8.8988 51.32
8.2202 -0.3452 8.8539 41.78
7.5158 0.2689 5.7750 30.19
6.7356 0.3393 8.8907 47.43
10.1735 -0.0267 8.8328 35.98
3.1091 0.1390 5.7910 53.22
8.8245 -0.3053 8.8547 39.85
7.5444 -0.5628 5.8331 30.31
6.6612 -0.4059 8.8695 47.57
10.1928 0.0767 8.8409 35.96
3.1172 0.1720 5.8026 53.22
8.8169 -0.2123 8.8406 39.84
7.5376 -0.4868 5.8273 30.32
6.6744 -0.3386 8.8749 47.56
8.7273 -0.8517 8.8330 39.94
9.4868 -0.2124 6.0900 26.40
7.6926 -0.0700 8.8633 43.67
10.8390 -0.6094 8.7937 34.12
5.8380 -0.2007 8.9159 51.34
7.6328 -0.6317 8.8566 43.74
10.7049 -1.3930 8.7784 34.19
3.3160 -0.3179 5.8009 51.42
8.2366 -0.3138 8.8624 41.76
10.8169 -0.8928 8.8021 34.15
5.7939 -0.3557 8.8861 51.38
7.5882 -0.8318 8.8433 43.77
9.9348 -1.5406 8.8030 36.14
3.0600 -0.3654 5.8069 53.39
7.6575 -0.4774 8.8669 43.74
10.0335 -1.0831 8.8170 36.10
3.0741 -0.2101 5.7901 53.34
7.0539 -0.9524 8.8625 45.75
8.5778 -1.5317 8.8163 40.02
11.5991 -1.1760 8.7838 32.25
6.2132 -0.5026 8.8974 49.51
8.0809 -1.0411 8.8251 41.90
10.5829 -1.8400 8.7646 34.26
3.2769 -0.4633 5.7918 51.49
6.9433 -1.3920 8.8466 45.81
9.0593 -1.1059 8.6187 38.05
9.4550 -1.5788 5.7821 24.69
6.5834 -0.9820 8.8795 47.64
7.9956 -1.5473 8.8390 41.95
9.7050 -2.3037 8.7733 36.22
3.0346 -0.6313 5.8526 53.46
7.0444 -0.9913 8.8609 45.76
8.5538 -1.5797 8.8034 40.02
10.4623 -2.3910 8.7761 34.31
3.2166 -0.6411 5.7696 51.55
7.3153 -1.8961 8.8195 43.91
9.8623 -1.7510 8.7862 36.17
3.0403 -0.4372 5.7978 53.40
6.4778 -1.3261 8.8508 47.69
8.4205 -2.1120 8.8104 40.08
11.8396 -3.5324 8.7101 30.53
6.3472 -1.8019 8.8692 47.80
7.9655 -1.5928 8.8201 41.94
9.7025 -2.3596 8.7918 36.26
3.0397 -0.6502 5.8700 53.49
7.2874 -2.0156 8.8332 43.94
10.8637 -3.5327 8.7126 32.48
5.8400 -1.8204 8.8452 49.74
7.3837 -1.6637 8.8329 43.92
10.3436 -2.8265 8.7769 34.33
3.1690 -0.7831 5.7580 51.57
7.7061 -2.3650 8.7974 42.05
8.6773 -3.0919 6.0367 26.74
7.0787 -2.4565 8.7834 43.99
9.6498 -2.5131 8.7794 36.24
5.1882 -1.2610 8.8834 53.48
7.2394 -2.1316 8.8224 43.95
8.9938 -3.0915 6.6059 28.65
6.6669 -2.2242 8.8267 45.91
8.5668 -3.2860 7.2871 32.50
5.7196 -2.1312 8.8363 49.76
8.3166 -2.3832 8.7976 40.12
8.9133 -2.9702 6.1291 26.74
7.1669 -2.3208 8.8170 43.97
8.5978 -3.2099 6.4293 28.67
6.5869 -2.3967 8.8144 45.93
7.9892 -3.2951 7.8359 36.36
4.9222 -1.9705 8.8752 53.60
7.1814 -2.2370 8.8119 44.00
8.5488 -3.0948 6.3850 28.69
6.6245 -2.3300 8.8208 45.90
8.3397 -3.3516 7.6242 34.45
5.3032 -2.0653 8.8561 51.69
6.8657 -3.0221 8.8070 44.04
8.8177 -3.0915 6.5209 28.68
6.6438 -2.2607 8.8136 45.90
8.5525 -3.3380 7.2935 32.52
5.7038 -2.1658 8.8419 49.79
7.7068 -3.3072 8.6029 40.22
11.0689 -5.3062 8.7028 30.66
5.9045 -2.7744 8.8271 47.92
8.2988 -3.1438 7.1022 32.53
5.7493 -2.1098 8.8592 49.75
7.6196 -3.1787 8.4899 40.21
10.3095 -4.8010 8.7026 32.55
5.5403 -2.5277 8.8383 49.82
8.1981 -4.1689 8.7629 38.32
9.4038 -3.8891 5.6757 22.94
6.4915 -2.6074 8.8020 45.93
7.2780 -3.2772 7.7894 38.27
8.8782 -4.4449 5.9997 24.93
6.5565 -3.2307 8.6335 44.09
9.2672 -5.0384 8.7116 34.51
4.9910 -2.6744 8.8397 51.76
7.1600 -3.1199 8.5940 42.12
10.2209 -4.9569 8.6997 32.57
5.4872 -2.6154 8.8329 49.85
7.5690 -3.9928 8.7682 40.29
10.5346 -6.1111 8.6599 30.71
5.3913 -3.0937 8.4914 47.95
8.3218 -3.9132 8.7651 38.33
8.8796 -4.6320 6.0446 24.96
6.5017 -3.3389 8.6348 44.09
8.9366 -5.0516 8.5255 34.54
4.9455 -2.7580 8.8472 51.78
6.8070 -4.1701 8.7708 42.20
10.9119 -5.5255 8.6788 30.66
5.8212 -2.8983 8.8088 47.94
8.0433 -4.4255 8.7554 38.34
11.2559 -6.7672 8.6318 28.80
5.7701 -3.4453 8.5495 46.06
8.8203 -5.7433 8.7070 34.56
4.7424 -3.0697 8.8329 51.80
6.1207 -3.2767 7.8240 42.18
9.7360 -5.7107 8.6643 32.61
5.2514 -3.0544 8.8243 49.83
7.2128 -4.5777 8.7609 40.32
11.6557 -8.0480 8.5860 26.91
6.1315 -4.2228 8.7790 44.15
8.9259 -5.1085 8.5456 34.57
4.9289 -2.7899 8.8486 51.78
6.7954 -4.2191 8.7902 42.22
9.3989 -6.3541 7.1563 26.92
6.1781 -4.1587 8.7855 44.16
8.9302 -6.5113 8.5263 32.67
4.6914 -3.4231 8.5254 49.92
7.2980 -4.4307 8.7567 40.31
9.3914 -6.2272 6.6415 25.02
6.6577 -4.3853 8.7690 42.23
9.8619 -7.0420 8.6345 30.75
5.2891 -3.7687 8.8121 48.01
7.7321 -5.9565 8.6968 36.51
3.9683 -3.0680 8.5219 53.76
6.7128 -4.3195 8.7766 42.23
10.6875 -7.4686 8.5953 28.86
5.7140 -3.9814 8.8052 46.08
8.3609 -6.3099 8.6847 34.61
4.3480 -3.2829 8.5854 51.85
6.6169 -5.3876 8.7554 40.35
9.4120 -6.4507 7.1952 26.94
6.1462 -4.1856 8.7822 44.19
8.4352 -6.2270 8.6847 34.58
4.3846 -3.2362 8.5823 51.83
6.6770 -5.3155 8.7618 40.36
10.7285 -9.1953 8.5783 26.95
5.6266 -4.8450 8.7643 44.19
8.9076 -6.4407 8.4895 32.67
4.7269 -3.4125 8.5552 49.93
7.1864 -5.6077 8.7139 38.40
11.7431 -9.8522 8.5455 25.05
6.0910 -5.1264 8.7672 42.29
10.4660 -9.4547 8.5666 26.96
5.4882 -4.9897 8.7566 44.20
8.8588 -6.7667 8.5913 32.68
4.2122 -3.2271 7.9333 49.95
7.5256 -6.1915 8.6959 36.55
3.8926 -3.2206 8.5779 53.79
6.8076 -6.0491 8.7149 38.44
11.0663 -10.5223 8.5155 25.05
5.7277 -5.4904 8.7364 42.29
9.4306 -7.6038 8.6366 30.77
5.0413 -4.0734 8.8056 48.05
8.5058 -7.3806 8.6680 32.71
4.5469 -3.9747 8.8094 49.98
7.1297 -6.6709 8.7026 36.54
3.4285 -3.2548 8.1365 53.83
6.8848 -6.9331 8.7070 36.55
3.6682 -3.7477 8.8285 53.80
6.4626 -5.5091 8.7293 40.38
10.4133 -9.5130 8.5729 26.98
5.4796 -5.0414 8.7874 44.21
9.3049 -9.1462 8.0327 26.98
5.2625 -5.2175 8.7537 44.23
8.6571 -9.1640 7.8056 26.98
5.0752 -5.4242 8.7639 44.22
7.5426 -6.7890 6.5607 26.99
5.5176 -4.9638 8.7733 44.25
8.7052 -8.3986 8.6332 30.81
4.6343 -4.5131 8.7724 48.01
8.3937 -8.7070 8.6282 30.81
4.4678 -4.6892 8.7912 48.06
8.0771 -9.0184 8.6365 30.82
4.2933 -4.8604 8.7944 48.06
7.5973 -7.1843 8.6823 34.67
4.0818 -3.9013 8.8363 51.88
7.3163 -7.4490 8.6735 34.68
3.9225 -4.0439 8.8138 51.88
7.0571 -7.7368 8.6854 34.66
3.7688 -4.1959 8.8221 51.90
6.7646 -7.9797 8.6709 34.65
3.6052 -4.3357 8.8136 51.90
7.4063 -7.3836 8.6834 34.68
3.9592 -3.9987 8.8120 51.90
7.1067 -7.6285 8.6622 34.69
3.8137 -4.1542 8.8183 51.88
6.8281 -7.8950 8.6606 34.66
3.6547 -4.3009 8.8235 51.90
7.0536 -8.7620 8.6607 32.75
3.7445 -4.7520 8.8069 50.01
7.7385 -8.1314 8.6451 32.73
4.1346 -4.4001 8.8048 50.01
7.4640 -8.4321 8.6639 32.72
3.9814 -4.5781 8.8165 49.95
7.1333 -8.6834 8.6475 32.73
3.7900 -4.7075 8.7960 50.00
7.1659 -9.3972 8.4593 30.82
3.8961 -5.2097 8.8062 48.07
8.0957 -8.9584 8.6154 30.81
4.3293 -4.8566 8.8265 48.09
7.6608 -9.1269 8.5289 30.85
4.1291 -5.0032 8.7905 48.06
8.0271 -10.2691 8.5927 28.91
4.2234 -5.5116 8.7767 46.17
8.2706 -11.3988 8.5511 26.99
4.3026 -6.0561 8.7492 44.23
7.8774 -9.1917 7.5571 27.01
4.8180 -5.6783 8.7901 44.27
9.3608 -11.7143 8.3950 25.10
4.9248 -6.2593 8.7583 42.32
9.3225 -12.5385 8.0425 23.17
5.0171 -6.8591 8.7185 40.41
8.6117 -12.5112 7.2436 21.24
5.1155 -7.5539 8.7169 38.49
9.3242 -11.4201 6.5008 19.31
6.1560 -7.6018 8.7110 36.57
3.2524 -4.1162 8.8170 53.81
6.2902 -8.3689 8.6705 34.65
3.3410 -4.5549 8.8136 51.89
6.3392 -9.0953 8.5429 32.73
3.4088 -5.0243 8.8119 49.98
6.5568 -10.1572 8.6149 30.83
3.4710 -5.5254 8.8080 48.04
7.9411 -10.2896 8.5784 28.93
4.1802 -5.5240 8.7640 46.19
8.1891 -11.4202 8.5412 27.01
4.2771 -6.0962 8.7690 44.24
8.3090 -12.4967 8.3898 25.09
4.3390 -6.6729 8.7421 42.32
7.6647 -12.4835 7.0286 21.23
4.7101 -7.8180 8.7099 38.48
9.1828 -12.5043 6.7685 19.31
5.7343 -7.9020 8.6918 36.57
2.9557 -4.2032 8.6591 53.81
5.8348 -8.6801 8.6571 34.64
3.0099 -4.6210 8.6312 51.89
6.4003 -10.2647 8.6132 30.81
3.3700 -5.5684 8.7934 48.07
7.0534 -12.2155 8.5498 26.98
3.6480 -6.5140 8.7644 44.21
8.7148 -12.5428 8.5137 25.08
4.4784 -6.5877 8.7490 42.32
8.0152 -12.4716 7.0983 21.23
4.8670 -7.7154 8.6990 38.45
7.3831 -12.4501 5.8560 17.42
5.2846 -9.0471 8.6661 34.66
2.7759 -4.9332 8.8049 51.89
5.7470 -10.6512 8.6085 30.81
2.9229 -5.6295 8.5973 48.08
7.1280 -10.9035 8.5824 28.91
3.7444 -5.8805 8.7846 46.14
7.5814 -12.5311 8.2191 25.09
4.0595 -6.8806 8.7589 42.31
6.9683 -12.4911 6.8950 21.24
4.3653 -8.0063 8.6998 38.49
6.3491 -12.4061 5.1604 15.48
5.0933 -10.0789 8.6597 32.73
2.6498 -5.4880 8.8092 49.99
6.8399 -11.0837 8.5776 28.91
3.5817 -5.9747 8.7733 46.14
7.1335 -12.5188 8.1042 25.09
3.8667 -6.9731 8.7391 42.31
6.5354 -12.4696 6.8038 21.24
4.1539 -8.1228 8.6975 38.49
5.9611 -12.4337 5.1160 15.47
3.0885 -6.6974 6.1364 32.72
2.5008 -5.5593 8.8026 49.98
6.5588 -11.2754 8.5851 28.90
3.4219 -6.0730 8.7831 46.17
6.7052 -12.5170 8.0024 25.08
3.6821 -7.0787 8.7409 42.31
6.1073 -12.4334 6.1771 19.32
4.2373 -8.8057 8.6657 36.53
2.1958 -4.8204 8.8345 53.82
4.9043 -11.0866 8.6044 30.78
2.5416 -6.0299 8.7964 48.05
6.7733 -12.3439 8.5379 26.99
3.5037 -6.5864 8.7661 44.26
6.2860 -12.4718 6.7512 21.21
4.0408 -8.2190 8.7066 38.42
5.6919 -12.3859 5.0649 15.44
4.6650 -10.2953 8.6499 32.69
2.4127 -5.6106 8.8059 49.96
5.1816 -12.4775 7.6527 25.02
2.9018 -7.2934 8.5890 42.25
6.4345 -12.4504 6.2272 19.29
4.4211 -8.7179 8.6735 36.54
2.3003 -4.7776 8.8373 53.78
2.9755 -6.5695 5.6864 30.82
2.6651 -5.9758 8.7930 48.02
5.3344 -12.4848 7.6911 25.04
2.9527 -7.1980 8.5348 42.28
4.7789 -12.3766 5.4531 17.36
3.5416 -9.4008 8.3248 34.58
1.8968 -5.3831 8.8016 51.83
5.6788 -11.7938 8.5998 28.90
2.8994 -6.2844 8.7099 46.16
5.4803 -12.4770 7.1523 23.11
3.3478 -7.8638 8.7122 40.37
4.9214 -12.3658 4.9680 15.42
4.1227 -10.5307 8.6410 32.67
2.1177 -5.7619 8.8241 49.94
4.4269 -12.4593 7.5102 25.01
2.5766 -7.6161 8.7454 42.23
5.6167 -12.4151 6.0929 19.31
3.9578 -8.9431 8.6725 36.56
2.0398 -4.9065 8.8352 53.78
4.9308 -12.1128 8.5795 28.88
2.5331 -6.5521 8.7886 46.10
4.5688 -12.4244 6.4540 21.19
3.0705 -8.6573 8.7122 38.44
4.0563 -12.3393 3.9375 11.58
4.0696 -12.4951 8.5919 28.83
2.0375 -6.7140 8.7553 46.07
5.2403 -12.4307 6.5554 21.19
3.4662 -8.4827 8.7008 38.43
4.7005 -12.3563 4.4622 13.51
4.2626 -11.3704 8.6097 30.79
2.1780 -6.1803 8.7763 47.99
4.2075 -12.4309 6.4042 21.18
2.8234 -8.6845 8.6614 38.43
3.7100 -12.3535 3.9145 11.57
3.7023 -12.4651 8.5085 28.82
1.8703 -6.8065 8.7891 46.06
4.8583 -12.4370 6.5008 21.19
3.2583 -8.6041 8.7201 38.41
4.3328 -12.3687 4.4331 13.51
3.9877 -11.5223 8.6325 30.77
2.0226 -6.2587 8.7935 47.98
3.8355 -12.3791 6.3316 21.15
2.6277 -8.8234 8.7103 38.41
3.3604 -12.3256 3.8820 11.54
3.3428 -12.4495 8.4349 28.79
1.6921 -6.8747 8.7929 46.02
4.4901 -12.4405 6.4465 21.18
2.9538 -8.4841 8.5404 38.40
3.9695 -12.3143 3.9258 11.58
3.9775 -12.4543 8.5500 28.82
2.0135 -6.7712 8.8024 46.07
3.5008 -12.4095 5.8017 19.22
2.4952 -9.2325 8.4612 36.46
1.2607 -5.2139 8.8330 53.70
3.0005 -12.4111 7.2740 24.97
1.7778 -7.9166 8.7693 42.16
4.1130 -12.3597 4.8876 15.43
3.5189 -10.7974 8.6556 32.65
1.7753 -5.8999 8.8211 49.89
3.6283 -12.4282 6.8312 23.04
2.3027 -8.3187 8.7404 40.30
3.1454 -12.3221 3.8697 11.55
3.1331 -12.4435 8.4039 28.80
1.5785 -6.8981 8.7910 46.04
2.6649 -12.3469 5.2146 17.25
2.1636 -10.4085 8.6834 34.52
1.0158 -5.6844 8.8178 51.76
3.7645 -12.4406 7.3948 24.99
2.2110 -7.7458 8.7565 42.26
3.2842 -12.3816 4.3446 13.45
3.0897 -11.8422 8.6319 30.72
1.5236 -6.4372 8.8057 47.95
2.7960 -12.3312 5.7040 19.20
2.0193 -9.3965 8.4761 36.42
0.9813 -5.2955 8.8425 53.70
2.3289 -12.4056 6.6651 22.97
1.4786 -8.5663 8.7514 40.22
3.4086 -12.3209 4.3424 13.47
3.2031 -11.7906 8.6246 30.73
1.5881 -6.4146 8.8000 47.95
2.9396 -12.3762 5.7337 19.21
2.1088 -9.3615 8.4667 36.42
1.0348 -5.2807 8.8341 53.67
2.4558 -12.4090 6.6869 23.01
1.5654 -8.5383 8.7452 40.23
2.0197 -12.2988 3.3581 9.56
1.9923 -12.4094 7.6701 26.78
1.0536 -7.5477 8.7957 44.08
3.0788 -12.3895 4.8001 15.39
2.6730 -11.0719 8.6525 32.60
1.2960 -6.0308 8.8002 49.87
2.5944 -12.3783 6.1880 21.10
1.7760 -9.0411 8.6874 38.37
2.1564 -12.2843 2.9290 7.65
2.1188 -12.4153 7.1702 24.91
1.2322 -8.0460 8.7699 42.13
1.6958 -12.2965 3.3440 9.54
1.6613 -12.3951 7.6297 26.76
0.8515 -7.5564 8.7711 44.07
2.7288 -12.3403 4.7592 15.37
2.3904 -11.1647 8.6612 32.59
1.1379 -6.0808 8.8087 49.85
2.2697 -12.3733 5.6671 19.15
1.5895 -9.3262 8.3567 36.42
0.7540 -5.3592 8.8402 53.62
1.7904 -12.3873 6.6146 22.97
1.1191 -8.6336 8.7446 40.19
1.3845 -12.2949 2.9007 7.59
1.3372 -12.3883 7.0896 24.88
0.7303 -8.1438 8.7772 42.09
2.3995 -12.2911 3.8186 11.51
2.3738 -12.4404 8.2907 28.76
1.1693 -6.9894 8.7784 46.01
1.9319 -12.3094 4.6938 15.32
1.7044 -11.3313 8.6653 32.55
0.7551 -6.1672 8.8109 49.82
1.4793 -12.3446 5.1302 17.19
1.1836 -10.6376 8.6924 34.43
0.4689 -5.8114 8.8317 51.68
1.0356 -12.3505 5.5773 19.09
0.6509 -9.2534 8.1781 36.33
0.2117 -5.4539 8.8526 53.57
2.0559 -12.4066 6.6427 22.97
1.2939 -8.6112 8.7596 40.23
1.6350 -12.3095 2.9153 7.63
1.5942 -12.4016 7.1226 24.91
0.8948 -8.1143 8.7809 42.13
1.1821 -12.2727 3.3248 9.52
1.1411 -12.4270 7.6085 26.75
0.5308 -7.6100 8.7718 44.03
0.7370 -12.2681 3.3057 9.47
0.6909 -12.3999 7.5574 26.70
0.2563 -7.6503 8.7812 44.01
1.7474 -12.3266 4.2353 13.39
1.6726 -12.2436 8.6616 30.64
0.7294 -6.6212 8.7952 47.85
1.2868 -12.3109 4.6580 15.28
1.1184 -11.4378 8.6661 32.51
0.4278 -6.2189 8.8065 49.78
0.8356 -12.3184 5.0890 17.15
0.6314 -10.7069 8.6959 34.43
0.1611 -5.8661 8.8487 51.63
0.3948 -12.3049 5.0661 17.11
0.2509 -10.7715 8.7073 34.38
-0.0556 -5.8798 8.8459 51.62
1.4059 -12.3427 5.6000 19.13
0.9328 -9.2514 8.2061 36.36
0.3810 -5.4299 8.8446 53.57
0.9583 -12.3636 6.0529 20.99
0.5636 -9.0054 8.4821 38.27
0.5644 -12.2272 2.0320 3.72
0.5135 -12.3261 6.0178 20.97
0.2411 -8.9922 8.4390 38.22
0.1307 -12.2414 2.0310 3.71
0.0747 -12.3328 6.0055 20.94
-0.0926 -9.0140 8.4383 38.19
1.1197 -12.2367 2.4741 5.72
1.0732 -12.3627 6.5474 22.91
0.6160 -8.7104 8.7455 40.17
0.6874 -12.2472 2.4583 5.66
0.6317 -12.3893 6.5312 22.87
0.2992 -8.7484 8.7464 40.14
0.2469 -12.2507 2.4488 5.63
0.1800 -12.3700 6.5098 22.86
-0.0137 -8.7879 8.7532 40.09
-0.1814 -12.2306 2.0246 3.69
-0.2416 -12.3480 6.0031 20.92
-0.3269 -8.9821 8.4050 38.17
0.8082 -12.2507 2.0368 3.72
0.7582 -12.3543 6.0413 20.99
0.4205 -9.0159 8.4640 38.21
0.3802 -12.2455 2.0323 3.72
0.3182 -12.3262 6.0089 20.95
0.0922 -8.9912 8.4235 38.19
-0.0599 -12.2239 2.0198 3.67
-0.1200 -12.3289 5.9973 20.92
-0.2271 -9.0060 8.4250 38.17
-0.4799 -12.2147 1.5957 1.71
-0.5519 -12.3284 5.5171 18.97
-0.5765 -10.1209 8.7378 36.17
-0.5170 -5.4923 8.8446 53.45
0.4467 -12.3398 5.5504 19.06
0.2488 -10.0567 8.7322 36.29
-0.0536 -5.4900 8.8583 53.51
0.0120 -12.3090 5.5192 19.01
-0.1171 -10.0982 8.7482 36.27
-0.2579 -5.5116 8.8751 53.49
-0.4291 -12.2856 5.0405 17.05
-0.4813 -10.8382 8.7325 34.33
-0.4629 -5.9066 8.8535 51.54
-0.8573 -12.2825 4.5834 15.10
-0.9022 -11.6356 8.7059 32.37
-0.6956 -6.3045 8.8271 49.61
0.1421 -12.2835 4.6081 15.21
0.0452 -11.6178 8.7045 32.42
-0.1709 -6.2994 8.8295 49.69
-0.2927 -12.2709 4.1496 13.24
-0.3614 -12.3861 8.6136 30.51
-0.3945 -6.7411 8.8038 47.71
-0.7149 -12.2481 3.7036 11.29
-0.7940 -12.4026 8.0613 28.55
-0.6588 -7.2431 8.8295 45.77
-1.1472 -12.2917 3.2740 9.33
-1.2225 -12.3539 7.4905 26.55
-0.9514 -7.7016 8.7935 43.84
-0.1418 -12.2595 2.8600 7.50
-0.2088 -12.3629 6.9979 24.76
-0.3027 -8.2322 8.7805 42.02
-0.5629 -12.2246 2.4318 5.56
-0.6415 -12.3591 6.4807 22.78
-0.6153 -8.8117 8.7594 40.03
-0.9949 -12.2285 2.0045 3.59
-1.0691 -12.3238 5.9845 20.84
-0.9290 -8.9908 8.4095 38.10
-1.4119 -12.1983 1.1693 -0.26
-1.5002 -12.3094 5.0424 16.96
-1.4283 -10.8089 8.7191 34.22
-0.9917 -5.8727 8.8371 51.46
-0.4868 -12.2927 4.5972 15.16
-0.5551 -11.6378 8.7013 32.37
-0.5039 -6.3122 8.8331 49.64
-0.9203 -12.2661 4.1374 13.18
-0.9992 -12.3704 8.5960 30.44
-0.7508 -6.7575 8.8264 47.67
-1.3422 -12.2408 3.6974 11.24
-1.4327 -12.3788 8.0554 28.50
-1.0382 -7.2208 8.8209 45.71
-1.7632 -12.2514 2.8364 7.35
-1.8571 -12.3441 6.9980 24.63
-1.4193 -8.2388 8.7970 41.81
-0.7577 -12.2290 2.4219 5.51
-0.8378 -12.3803 6.4908 22.77
-0.7552 -8.8352 8.7814 40.02
-1.1798 -12.2237 2.0047 3.59
-1.2636 -12.3121 5.9817 20.83
-1.0790 -9.0006 8.4268 38.10
-1.5992 -12.1691 1.1686 -0.27
-1.6948 -12.3047 5.0442 16.94
-1.6061 -10.8268 8.7457 34.22
-1.0885 -5.8800 8.8514 51.43
-2.1001 -12.2498 4.1317 13.06
-2.2213 -12.3759 8.6405 30.33
-1.4258 -6.6980 8.8185 47.57
-1.0957 -12.2628 3.7030 11.26
-1.1852 -12.3580 8.0373 28.51
-0.8907 -7.2136 8.8121 45.76
-1.5176 -12.2438 2.8413 7.39
-1.6065 -12.3562 7.0023 24.67
-1.2386 -8.1382 8.7075 41.89
-1.9327 -12.1901 1.9893 3.51
-2.0239 -12.3052 5.9923 20.76
-1.6697 -9.2131 8.6222 38.01
-2.3567 -12.1895 1.1499 -0.35
-2.4567 -12.2757 5.0501 16.87
-2.2767 -10.7770 8.7535 34.13
-1.4612 -5.8374 8.8586 51.37
-1.4179 -12.2442 4.1323 13.14
-1.5184 -12.4001 8.6253 30.40
-1.0383 -6.7475 8.8278 47.62
-1.8393 -12.2312 3.2651 9.28
-1.9397 -12.3269 7.4991 26.50
-1.4063 -7.7011 8.8182 43.76
-2.2587 -12.1970 2.4104 5.41
-2.3649 -12.2929 6.4891 22.65
-1.8548 -8.7730 8.7909 39.87
-2.6736 -12.1579 1.5577 1.51
-2.7837 -12.2772 5.5339 18.77
-2.4163 -10.0104 8.7579 35.97
-1.5401 -5.4220 8.8707 53.25
-1.7483 -12.2712 4.5884 15.05
-1.7596 -11.6113 8.7082 32.26
-1.1727 -6.2991 8.8529 49.53
-2.1694 -12.2493 3.7009 11.16
-2.2653 -12.3187 8.0515 28.40
-1.5284 -7.1679 8.8154 45.64
-2.5552 -12.0405 2.8102 7.28
-2.7080 -12.3338 7.0312 24.54
-1.8854 -7.6293 8.8167 43.71
-3.0234 -12.1721 2.4089 5.35
-3.1443 -12.2968 6.5271 22.55
-2.4038 -8.6891 8.7945 39.79
-1.9943 -12.1993 1.5770 1.61
-2.0886 -12.2929 5.5189 18.85
-1.6954 -9.0544 8.0093 36.08
-1.2170 -5.4230 8.8013 53.29
-2.5170 -12.2730 4.6006 14.97
-2.4735 -11.5401 8.7128 32.20
-1.5685 -6.2609 8.8675 49.46
-2.9406 -12.2387 3.7097 11.09
-2.0728 -7.8819 5.6637 28.35
-1.9851 -7.1158 8.8329 45.56
-3.3108 -11.9770 2.8038 7.20
-3.4940 -12.3240 7.0872 24.47
-2.4973 -8.0990 8.8212 41.66
-2.3269 -12.2171 1.9847 3.46
-2.4216 -12.2939 6.0033 20.73
-1.9409 -9.0235 8.4922 37.94
-2.7402 -12.1680 1.1439 -0.38
-2.8482 -12.2666 5.0676 16.86
-2.6229 -10.7411 8.7550 34.06
-1.5755 -5.4276 8.8768 53.21
-3.2965 -12.2518 4.6224 14.91
-2.0205 -6.7283 5.6810 32.14
-1.9621 -6.1904 8.8657 49.37
-3.7205 -12.2195 3.7222 11.01
-3.8623 -12.3359 8.2026 28.25
-2.4369 -7.0406 8.8507 45.47
-2.6252 -12.0201 2.8085 7.28
-2.7686 -12.3099 7.0249 24.54
-2.0260 -8.1517 8.8072 41.80
-3.0878 -12.2068 1.9815 3.41
-3.2006 -12.2939 6.0403 20.64
-1.9447 -6.6291 6.6526 37.88
-3.5177 -12.1544 1.1267 -0.45
-3.6359 -12.2347 5.0887 16.76
-3.2871 -10.5989 8.7623 34.04
-2.0180 -5.7314 8.8573 51.24
-4.0710 -12.2372 4.1839 12.87
-4.1771 -12.1872 8.7348 30.14
-2.4898 -6.5349 8.8699 47.38
-3.0035 -12.2318 3.2725 9.17
-3.1200 -12.3654 7.5897 26.38
-1.9480 -6.8129 8.0534 43.66
-3.4215 -12.1897 2.4069 5.30
-3.5510 -12.3081 6.5732 22.55
-2.6854 -8.6414 8.8081 39.77
-3.8639 -12.1761 1.5432 1.42
-3.9881 -12.2827 5.6044 18.66
-3.3668 -9.8496 8.7947 35.89
-2.0553 -5.2974 8.8622 53.15
-4.4390 -12.2348 4.6773 14.80
-4.2049 -11.2269 8.7509 32.03
-2.5241 -6.0687 8.8955 49.27
-3.3411 -12.2478 3.7201 11.05
-3.4663 -12.3371 8.1627 28.30
-2.2179 -7.0788 8.8495 45.55
-3.7239 -12.0227 2.8143 7.16
-3.9068 -12.3265 7.1212 24.41
-2.7545 -8.0302 8.8259 41.67
-4.2058 -12.1457 1.9674 3.29
-4.3421 -12.2731 6.1204 20.54
-3.3533 -8.9560 8.6711 37.78
-4.6546 -12.1220 1.0955 -0.57
-4.8066 -12.2496 5.1701 16.64
-4.2291 -10.3899 8.7857 33.90
-2.5364 -5.5982 8.8809 51.14
-3.6763 -12.2140 4.1702 12.94
-3.7956 -12.2600 8.7271 30.19
-2.2761 -6.5689 8.8411 47.40
-4.1210 -12.1998 3.2880 9.06
-4.2754 -12.3420 7.7059 26.30
-2.8080 -7.4481 8.8282 43.54
-4.5680 -12.1711 2.4098 5.19
-4.7205 -12.2849 6.6717 22.42
-3.4581 -8.4788 8.8384 39.64
-5.0135 -12.1326 1.5213 1.28
-5.1711 -12.2582 5.6972 18.54
-4.1039 -9.2837 8.5446 35.74
-2.5435 -5.1773 8.9006 53.02
-4.0277 -12.2159 4.6462 14.83
-3.8699 -11.3363 8.7555 32.05
-2.3295 -6.0995 8.8595 49.28
-4.4852 -12.2264 3.7509 10.94
-4.6244 -12.3191 8.2956 28.18
-2.8458 -6.9283 8.8635 45.44
-4.8566 -11.9871 2.8300 7.05
-5.0858 -12.2728 7.2399 24.31
-3.4735 -7.8430 8.8408 41.52
-5.4121 -12.1885 1.9636 3.16
-5.5546 -12.2758 6.2553 20.44
-4.2252 -8.8669 8.8196 37.68
-4.2606 -12.1393 1.1031 -0.55
-4.3962 -12.2718 5.1533 16.71
-3.9076 -10.4630 8.7698 33.94
-2.3649 -5.6650 8.8809 51.13
-4.8597 -12.2391 4.2308 12.82
-4.8765 -11.9918 8.7415 30.08
-2.8701 -6.4270 8.8734 47.28
-5.3065 -12.1939 3.3232 8.95
-5.4669 -12.3046 7.8534 26.18
-3.4739 -7.2517 8.8538 43.45
-5.7877 -12.1791 2.4268 5.08
-5.9570 -12.2863 6.8226 22.28
-4.2023 -8.1999 8.8288 39.52
-4.6152 -12.1504 1.5351 1.36
-4.7489 -12.2327 5.6536 18.60
-3.7994 -9.3210 8.5132 35.82
-2.3771 -5.2275 8.8842 53.03
-5.2308 -12.2508 4.7297 14.71
-4.8728 -11.0740 8.7791 31.93
-2.8736 -5.9352 8.8794 49.20
-5.6837 -12.1833 3.7990 10.82
-5.8497 -12.2858 8.4902 28.08
-3.4680 -6.7209 8.8688 45.29
-6.0773 -11.9739 2.8564 6.92
-6.3493 -12.2782 7.4373 24.20
-4.1713 -7.5875 8.8483 41.38
-4.9784 -12.1443 1.9625 3.20
-5.1288 -12.2589 6.1956 20.47
-3.9384 -8.9445 8.7910 37.68
-5.4319 -12.1076 1.0774 -0.64
-5.6019 -12.2398 5.2417 16.59
-4.3478 -9.0800 7.9710 33.79
-2.8695 -5.4787 8.8799 51.05
-6.0690 -12.1789 4.2947 12.70
-5.9507 -11.6677 8.7710 29.94
-3.4457 -6.2127 8.8899 47.20
-6.5906 -12.2033 3.3736 8.81
-6.7647 -12.3015 8.0763 26.03
-4.1235 -7.0012 8.8756 43.33
-5.3674 -12.2036 2.4267 5.14
-5.5179 -12.2881 6.7668 22.33
-3.9423 -8.2874 8.8229 39.58
-5.8270 -12.1297 1.5126 1.22
-5.9855 -12.2485 5.7774 18.45
-4.6989 -9.1867 8.6461 35.72
-2.8528 -5.0617 8.8988 52.90
-6.4991 -12.2361 4.8327 14.60
-5.8744 -10.7404 8.8200 31.83
-3.4075 -5.7289 8.8902 49.06
-7.0001 -12.1994 4.3623 12.58
-6.7070 -11.3842 8.7991 29.86
-3.8423 -6.0309 8.8892 47.09
-5.7472 -12.1653 3.3354 8.90
-5.9057 -12.2645 7.9071 26.13
-3.7054 -7.1541 8.8421 43.38
-6.2253 -12.1477 2.4270 5.03
-6.4144 -12.2705 6.8981 22.28
-4.4749 -8.1025 8.8476 39.49
-6.7584 -12.1488 1.9640 3.04
-6.9410 -12.2618 6.4300 20.29
-5.0606 -8.5394 8.8385 37.54
-7.2720 -12.1066 1.4977 1.10
-7.4850 -12.2423 5.9708 18.33
-5.6864 -8.9312 8.7741 35.56
-3.3635 -4.8279 8.9283 52.81
-6.1848 -12.2194 4.7927 14.59
-5.6374 -10.8037 8.7961 31.85
-3.3012 -5.8001 8.9097 49.07
-6.6952 -12.1751 4.3417 12.65
-6.4601 -11.4826 8.7918 29.89
-3.7040 -6.0827 8.8715 47.12
-7.2384 -12.1877 3.8948 10.68
-7.3981 -12.2222 8.7874 27.93
-4.1795 -6.4158 8.8895 45.14
-7.7910 -12.1649 3.4367 8.72
-8.0074 -12.2909 8.3476 25.95
-4.6839 -6.7335 8.8937 43.22
-6.4714 -12.1601 2.4380 5.03
-6.6472 -12.2541 6.9188 22.22
-4.6035 -8.0428 8.8462 39.47
-7.0033 -12.1659 1.9693 3.03
-7.1903 -12.2606 6.4681 20.27
-5.2106 -8.4805 8.8542 37.53
-7.5350 -12.1214 1.4896 1.06
-7.7295 -12.2247 5.9988 18.30
-5.8782 -8.9245 8.8321 35.53
-3.4422 -4.7834 8.9193 52.76
-8.3172 -12.2082 5.5366 16.31
-6.5012 -9.2182 8.6834 33.58
-3.8381 -5.0178 8.9059 50.81
-6.9633 -12.2089 4.8699 14.55
-6.2140 -10.5727 8.8118 31.78
-3.5996 -5.6389 8.8883 48.99
-7.4961 -12.1601 4.4060 12.57
-7.0756 -11.2160 8.8085 29.82
-4.0387 -5.9385 8.8974 47.04
-8.0630 -12.1602 3.9500 10.60
-8.0404 -11.8897 8.7892 27.85
-4.5355 -6.2530 8.9198 45.07
-8.6425 -12.1285 3.4782 8.63
-8.8808 -12.2565 8.5324 25.85
-5.0356 -6.5151 8.8834 43.13
-7.2645 -12.1292 2.9170 6.83
-7.4784 -12.2627 7.6362 24.09
-4.7321 -7.3156 8.8652 41.35
-7.8256 -12.1365 2.4555 4.88
-8.0512 -12.2586 7.1627 22.09
-5.3253 -7.6951 8.8608 39.34
-8.4054 -12.1123 1.9679 2.89
-8.6127 -12.2079 6.6870 20.14
-5.9698 -8.0943 8.8711 37.39
-9.0142 -12.0825 1.9670 2.82
-9.2755 -12.2369 6.8258 20.11
-6.2851 -7.9141 8.8832 37.33
-7.6131 -12.0942 1.4920 1.07
-7.8293 -12.2216 6.0175 18.31
-5.9456 -8.9220 8.8548 35.53
-3.4752 -4.7741 8.9261 52.74
-8.4182 -12.2203 5.5616 16.33
-6.5694 -9.2052 8.6883 33.53
-3.8792 -5.0104 8.9214 50.79
-9.0406 -12.1947 5.6357 16.25
-6.8275 -8.8844 8.6011 33.50
-4.0647 -4.8942 8.9221 50.73
-9.7175 -12.2120 5.7391 16.19
-7.3414 -8.9137 8.8093 33.46
-4.2604 -4.7837 8.9513 50.69
-8.2113 -12.1919 4.9995 14.44
-7.0733 -10.1917 8.8449 31.65
-4.0508 -5.4002 8.9045 48.90
-8.8244 -12.1905 4.5381 12.45
-7.9695 -10.7459 8.8301 29.71
-4.5109 -5.6648 8.8998 46.91
-9.4488 -12.1618 4.5987 12.40
-8.3725 -10.5102 8.8334 29.64
-4.7170 -5.5156 8.8996 46.89
-10.1114 -12.1513 4.6606 12.31
-8.7935 -10.2729 8.8587 29.59
-4.9507 -5.3961 8.9375 46.82
-8.6072 -12.1741 3.9953 10.56
-8.4409 -11.6868 8.7995 27.80
-4.7324 -6.1173 8.9127 45.04
-9.2473 -12.1684 4.0475 10.50
-8.9011 -11.4719 8.8269 27.73
-4.9585 -5.9767 8.9139 44.97
-9.9106 -12.1505 4.1037 10.45
-9.3478 -11.2170 8.8521 27.70
-5.1908 -5.8287 8.9246 44.91
-10.4844 -11.9970 4.1295 10.38
-9.7709 -10.9238 8.8501 27.62
-5.4093 -5.6678 8.9232 44.84
-9.0439 -12.1431 4.0263 10.52
-8.7723 -11.5265 8.8187 27.76
-4.8882 -6.0012 8.8998 45.00
-9.7104 -12.1433 4.0868 10.47
-9.2100 -11.2754 8.8275 27.69
-5.1166 -5.8630 8.9068 44.92
-10.4285 -12.1622 4.1537 10.41
-9.6653 -11.0258 8.8669 27.66
-5.3414 -5.7045 8.9155 44.87
-10.4646 -11.3559 4.5548 12.23
-8.7464 -9.2094 8.3596 29.51
-5.2391 -5.1696 8.9381 46.74
-9.5553 -12.1675 4.6027 12.36
-6.8029 -8.3311 7.3036 29.63
-4.7665 -5.5072 8.9224 46.88
-10.2547 -12.1769 4.6880 12.33
-8.8775 -10.2602 8.8748 29.56
-4.9786 -5.3705 8.9283 46.79
-10.4468 -11.5625 4.5979 12.28
-9.2457 -9.9673 8.8671 29.50
-5.1793 -5.2160 8.9333 46.75
-10.4460 -10.7431 4.9746 14.14
-8.8438 -8.8396 8.7882 31.38
-5.0560 -4.7009 8.9353 48.62
-10.0805 -12.1860 5.2276 14.26
-7.8803 -9.2084 8.6099 31.52
-4.6298 -5.0409 8.9299 48.74
-10.4638 -11.7825 5.1839 14.17
-8.3312 -9.0864 8.7042 31.43
-4.8379 -4.9170 8.9576 48.67
-10.4381 -10.9133 5.5530 16.09
-8.2984 -8.4015 8.9174 33.30
-4.7275 -4.4370 8.9689 50.54
-10.4269 -10.1397 5.8993 17.94
-8.0599 -7.5679 8.9346 35.16
-4.5988 -3.9811 8.9608 52.38
-10.4326 -11.9254 6.3664 18.06
-7.3513 -8.0731 8.8998 35.32
-4.2361 -4.2887 8.9587 52.51
-10.4201 -11.0686 6.7011 19.92
-7.1910 -7.3197 8.9273 37.16
-10.4868 -10.5651 2.4084 4.57
-10.3876 -10.2581 7.0200 21.79
-7.0021 -6.6094 8.9334 39.00
-10.4509 -9.7785 2.8242 6.42
-9.5478 -8.7302 6.8424 23.66
-6.8072 -5.9493 8.9435 40.88
-10.2551 -11.2611 2.9535 6.51
-10.3938 -11.2230 7.9199 23.76
-6.2756 -6.4228 8.9387 40.97
-10.4642 -10.6938 3.4197 8.40
-6.8359 -6.6931 5.7614 25.61
-6.1280 -5.8079 8.9543 42.84
-10.4441 -9.9201 3.8094 10.25
-9.8766 -9.1837 8.1735 27.46
-5.9555 -5.2171 8.9447 44.72
-10.2138 -9.0118 4.1199 12.10
-10.2255 -8.8435 8.7605 29.36
-5.7958 -4.6917 8.9602 46.57
-10.4661 -10.8539 5.0037 14.15
-8.7612 -8.8165 8.7492 31.40
-5.0327 -4.7213 8.9336 48.62
-10.4365 -10.0502 5.3486 16.00
-8.6479 -8.0828 8.9143 33.26
-4.9078 -4.2545 8.9492 50.47
-10.1780 -9.1104 5.5854 17.85
-8.3916 -7.2725 8.9358 35.08
-4.7706 -3.8148 8.9661 52.34
-9.8488 -8.1480 6.2426 21.63
-7.5948 -6.0497 8.9440 38.88
-10.2733 -10.1838 2.8498 6.45
-9.4321 -9.1508 6.9420 23.68
-6.6058 -6.1199 8.9247 40.89
-10.4764 -9.6677 3.2927 8.32
-9.7956 -8.8411 7.4711 25.53
-6.4258 -5.5116 8.9388 42.76
-10.2039 -8.7390 3.6182 10.19
-10.3507 -8.7053 8.1611 27.37
-6.2482 -4.9512 8.9636 44.64
-10.3964 -8.2710 4.4961 13.97
-10.1776 -7.9202 8.9461 31.19
-5.6853 -4.1116 8.9590 48.40
-10.4080 -9.6907 5.7873 17.92
-8.2278 -7.4030 8.9366 35.16
-4.6944 -3.8978 8.9715 52.36
-10.1624 -8.7867 6.0064 19.76
-7.9715 -6.6460 8.9467 37.00
-10.4450 -8.5461 2.7000 6.30
-10.3938 -8.3405 6.9718 23.54
-7.2340 -5.5414 8.9592 40.77
-10.4455 -7.9136 3.5323 10.09
-10.3625 -7.6935 7.8123 27.31
-6.5882 -4.6154 8.9871 44.54
-10.2081 -9.0868 4.1253 12.08
-10.1734 -8.8728 8.7456 29.35
-5.7735 -4.7076 8.9632 46.60
-10.4046 -8.5899 5.0253 15.88
-9.3202 -7.4938 8.9430 33.14
-5.2744 -3.9334 8.9897 50.35
-10.3960 -7.9504 5.8522 19.67
-8.4193 -6.2196 8.9709 36.89
-10.4266 -7.5272 2.6123 6.23
-10.3599 -7.3316 6.6648 23.46
-7.5961 -5.1405 8.9685 40.67
-10.2638 -8.7217 3.1589 8.24
-10.3907 -8.6595 7.6021 25.46
-6.6955 -5.2915 8.9747 42.71
-10.4050 -8.1951 4.0171 12.02
-10.3497 -7.9814 8.4612 29.24
-6.0932 -4.4036 8.9905 46.51
-10.4076 -7.5824 4.8229 15.78
-9.8448 -6.9974 8.9741 33.02
-5.5213 -3.6326 8.9774 50.26
-10.3819 -6.9852 5.6149 19.56
-8.7506 -5.6904 8.9093 36.80
-10.4453 -8.4410 2.6910 6.29
-10.3906 -8.2457 6.9379 23.52
-7.2897 -5.5243 8.9757 40.73
-10.3942 -7.7838 3.5077 10.08
-10.3566 -7.5917 7.7782 27.31
-6.6001 -4.5733 8.9702 44.53
-10.3938 -7.1992 4.3010 13.84
-10.3456 -7.0119 8.6602 31.08
-5.9922 -3.7791 8.9863 48.30
-10.3748 -6.6295 5.0834 17.62
-9.6094 -5.9711 8.9856 34.86
-5.2271 -2.9704 8.7043 52.06
-10.3776 -7.8298 6.3054 21.56
-7.9139 -5.7371 8.9628 38.80
-10.2265 -7.2688 2.9923 8.11
-10.3652 -7.2266 7.1309 25.33
-7.1853 -4.7696 8.9947 42.56
-10.4094 -6.8488 3.8175 11.90
-10.3429 -6.6521 7.9757 29.10
-6.5126 -3.9325 9.0140 46.34
-10.3825 -6.2838 4.5803 15.67
-10.3249 -6.1104 8.8653 32.88
-5.7372 -3.1288 8.8240 50.13
-10.3779 -7.4402 5.7235 19.62
-8.6170 -5.9639 8.9671 36.87
-10.4319 -7.0518 2.5647 6.15
-9.8427 -6.4932 6.2526 23.38
-7.7952 -4.9381 8.9946 40.62
-10.4220 -6.4921 3.3490 9.95
-10.3250 -6.2977 7.3325 27.13
-7.0454 -4.0633 9.0123 44.40
-10.4006 -5.9442 4.5254 15.63
-10.3207 -5.7639 8.7350 32.84
-5.7544 -2.9559 8.7262 50.09
-10.3573 -7.0362 5.6181 19.56
-8.7197 -5.7198 8.9118 36.83
-10.4178 -6.6660 2.5310 6.11
-10.3545 -6.4813 6.4227 23.34
-7.9260 -4.7523 8.9892 40.58
-10.3745 -6.1010 3.7004 11.79
-10.3415 -5.9399 7.7391 29.02
-6.7279 -3.6274 9.0146 46.26
-10.3824 -5.5832 4.8805 17.49
-10.1206 -5.2980 9.0054 34.72
-5.6919 -2.7231 9.0276 51.95
-10.3755 -6.6605 6.0022 21.44
-8.4030 -5.1926 8.9941 38.68
-10.4026 -6.2753 2.9064 7.99
-10.3677 -6.1221 6.8116 25.22
-7.5752 -4.2625 9.0040 42.44
-10.3921 -5.7483 4.0680 13.67
-10.3225 -5.5756 8.1368 30.91
-6.2774 -3.1469 8.8414 48.14
-10.3687 -5.2262 5.2326 19.35
-9.6358 -4.7044 9.0329 36.58
-10.4097 -6.4307 2.5119 6.09
-10.3536 -6.2715 6.3665 23.32
-8.0183 -4.6509 8.9940 40.52
-10.3952 -5.8961 3.6795 11.78
-10.3411 -5.7290 7.6730 28.99
-6.0046 -3.0841 8.0767 46.26
-10.3832 -5.3847 4.8394 17.44
-10.2272 -5.1622 9.0126 34.67
-5.7363 -2.6454 9.0286 51.93
-10.3435 -4.8743 6.0318 23.17
-8.5438 -3.8535 9.0207 40.39
-10.4027 -6.0356 3.6910 11.76
-10.3159 -5.8472 7.7019 29.02
-6.7408 -3.5820 9.0066 46.28
-10.3686 -5.4846 5.2864 19.39
-9.4995 -4.8656 9.0109 36.62
-10.3798 -5.1151 2.7982 7.87
-10.3447 -4.9823 6.5043 25.08
-7.9774 -3.6524 9.0226 42.31
-10.3562 -4.6349 3.9124 13.56
-10.3165 -4.4955 7.8023 30.78
-6.7222 -2.7120 9.0311 48.00
-10.3574 -5.6087 5.3069 19.40
-9.4359 -4.9430 9.0121 36.67
-10.3908 -5.2473 2.8075 7.87
-10.3356 -5.0994 6.5264 25.08
-7.9311 -3.7278 9.0175 42.32
-10.3965 -4.7725 3.9320 13.55
-10.3068 -4.6088 7.8275 30.79
-6.6766 -2.7678 9.0212 48.04
-8.8387 -3.6141 4.4795 19.23
-9.9956 -4.0005 9.0223 36.48
-10.3820 -5.3766 2.8169 7.88
-9.8325 -4.9563 6.2888 25.09
-7.8966 -3.7986 9.0255 42.34
-10.3674 -4.8790 3.9446 13.58
-10.3196 -4.7297 7.8666 30.79
-6.6558 -2.8330 9.0393 48.07
-8.8623 -3.7273 4.5105 19.27
-9.9659 -4.1052 9.0353 36.49
-10.3944 -4.0795 2.7041 7.69
-9.7852 -3.7244 5.9953 24.97
-8.0234 -2.8924 8.7489 42.19
-10.3976 -5.0209 3.9649 13.58
-10.3166 -4.8483 7.9054 30.83
-6.6057 -2.8854 9.0103 48.05
-10.3394 -4.5149 5.0963 19.27
-9.9120 -4.1899 9.0314 36.51
-8.8595 -3.5300 2.4943 7.75
-9.4122 -3.6727 5.8248 24.96
-8.1090 -3.0141 8.8616 42.19
-10.3671 -3.7418 3.8060 13.45
-9.4173 -3.2737 6.9992 30.67
-6.9567 -2.2388 9.0445 47.88
-10.3547 -4.6426 5.1218 19.28
-9.8437 -4.2676 9.0203 36.55
-8.8718 -3.6351 2.5010 7.75
-10.3306 -4.1715 6.3096 24.96
-7.6369 -2.8930 8.9285 44.13
-9.7787 -3.6032 4.0225 15.34
-10.3100 -3.7006 8.0775 32.58
-6.4908 -2.1261 9.0325 49.82
-10.3188 -3.3848 5.3100 21.03
-9.4737 -2.9809 8.8736 38.28
-10.1648 -4.3113 3.0740 9.69
-8.8750 -3.6321 5.9806 26.91
-7.4378 -2.8900 8.7603 44.17
-9.7635 -3.7048 4.0309 15.35
-10.3040 -3.8129 8.1093 32.61
-6.4689 -2.1887 9.0378 49.83
-10.3492 -3.5101 5.3415 21.05
-8.8566 -2.8625 8.3870 38.30
-8.8431 -2.6824 2.7344 9.52
-9.6462 -2.8571 6.1732 26.75
-8.0603 -2.2394 9.0587 43.98
-9.3283 -3.6298 3.9164 15.37
-10.3025 -3.9247 8.1344 32.61
-6.4473 -2.2510 9.0466 49.85
-10.3467 -3.6137 5.3559 21.06
-8.7381 -2.9108 8.3144 38.31
-8.8711 -2.7834 2.7497 9.55
-10.1157 -3.1151 6.4351 26.73
-8.0232 -2.3131 9.0530 44.00
-10.0578 -2.7848 4.0002 15.23
-10.2724 -2.7512 7.8274 32.45
-6.7000 -1.6127 9.0486 49.69
-10.3393 -3.7296 5.3749 21.08
-9.2807 -3.2081 8.8013 38.32
-8.8508 -2.8728 2.7528 9.56
-9.8519 -3.1248 6.3232 26.79
-7.9925 -2.3860 9.0486 44.01
-10.1162 -2.9066 4.0238 15.23
-10.1929 -2.8271 7.7964 32.46
-6.6955 -1.6740 9.0649 49.70
-10.3170 -2.5590 5.1911 20.92
-9.9829 -2.3654 9.0867 38.17
-8.8650 -2.9710 2.7627 9.57
-9.6354 -3.1561 6.2248 26.79
-7.9753 -2.4610 9.0672 44.05
-10.1413 -3.0203 4.0415 15.24
-9.8374 -2.8236 7.5880 32.50
-6.6419 -1.7278 9.0256 49.71
-10.3273 -2.6707 5.2103 20.94
-9.9428 -2.4543 9.0786 38.18
-9.5620 -2.1651 2.8066 9.40
-10.3144 -2.2620 6.3910 26.64
-8.2567 -1.6640 9.0673 43.87
-10.0441 -3.0935 4.0264 15.26
-9.7204 -2.8874 7.5286 32.49
-6.6493 -1.7990 9.0642 49.74
-10.2957 -2.7607 5.2095 20.94
-9.9113 -2.5434 9.0762 38.19
-9.2240 -2.1720 2.7542 9.41
-10.2923 -2.3608 6.3885 26.62
-8.2444 -1.7424 9.0760 43.88
-10.3362 -2.0632 4.0025 15.12
-10.2808 -1.9597 7.6822 32.34
-6.8614 -1.1423 9.0755 49.58
-10.0462 -2.7974 5.1274 20.97
-9.8852 -2.6379 9.0804 38.20
-8.8962 -2.1789 2.7070 9.44
-10.3056 -2.4619 6.4150 26.65
-8.1923 -1.8138 9.0495 43.90
-10.3521 -2.1690 4.0150 15.13
-10.3171 -2.0637 7.7221 32.35
-6.8496 -1.2018 9.0745 49.58
-10.2977 -1.7636 5.0930 20.81
-10.2095 -1.6484 9.1080 38.06
-8.8668 -2.2599 2.7078 9.46
-10.3236 -2.5745 6.4430 26.67
-8.1868 -1.8917 9.0741 43.94
-10.3411 -2.2702 4.0167 15.12
-10.2808 -2.1597 7.7217 32.38
-6.8371 -1.2675 9.0827 49.60
-10.3332 -1.8755 5.1183 20.83
-10.2027 -1.7458 9.1161 38.05
-9.7065 -1.4623 2.7873 9.29
-10.2801 -1.4758 6.2720 26.53
-8.4402 -1.0781 9.1060 43.76
-10.3367 -2.3721 4.0259 15.14
-10.2831 -2.2621 7.7373 32.38
-6.8045 -1.3283 9.0667 49.62
-10.2996 -1.9640 5.1138 20.83
-10.1688 -1.8358 9.1114 38.08
-9.5459 -1.5262 2.7705 9.34
-10.2812 -1.5766 6.2782 26.51
-8.4022 -1.1556 9.0845 43.77
-10.3105 -1.2808 3.9374 15.01
-10.2663 -1.1895 7.5636 32.23
-6.9660 -0.6561 9.0775 49.48
-10.3001 -2.0720 5.1280 20.86
-10.1357 -1.9297 9.1042 38.09
-9.7458 -1.6606 2.8062 9.33
-10.3279 -1.6793 6.3214 26.57
-8.3934 -1.2345 9.0943 43.79
-10.3297 -1.3828 3.9449 15.00
-10.2721 -1.2835 7.5788 32.24
-6.9698 -0.7178 9.0926 49.48
-10.3031 -0.9970 5.0295 20.70
-10.2516 -0.8989 9.0276 37.95
-9.4539 -1.6963 2.7622 9.34
-10.2900 -1.7764 6.3112 26.56
-8.3740 -1.3097 9.0996 43.83
-10.3260 -1.4827 3.9498 15.01
-10.2820 -1.3860 7.6028 32.28
-6.9391 -0.7813 9.0703 49.49
-10.3210 -1.1015 5.0446 20.72
-10.2278 -0.9929 9.0163 37.95
-9.7524 -0.7466 2.7640 9.20
-10.2882 -0.7180 6.2062 26.42
-8.5320 -0.4724 9.0993 43.65
-10.3401 -1.5848 3.9617 15.03
-10.2850 -1.4852 7.6135 32.27
-6.6881 -0.8107 8.7899 49.51
-10.2890 -1.1902 5.0381 20.72
-6.7387 -0.6523 6.2892 37.98
-9.7390 -0.8369 2.7660 9.22
-10.2733 -0.8153 6.1995 26.40
-8.5262 -0.5547 9.1069 43.68
-10.3320 -0.5224 3.9024 14.91
-10.2553 -0.4378 7.4860 32.12
-7.0299 -0.1623 9.0753 49.37
-10.2921 -1.2956 5.0498 20.75
-6.7217 -0.7141 6.2832 37.98
-9.7260 -0.9313 2.7667 9.23
-10.3124 -0.9115 6.2357 26.46
-8.5024 -0.6326 9.0926 43.68
-10.2968 -0.6173 3.8932 14.90
-10.2760 -0.5308 7.5058 32.14
-7.0293 -0.2231 9.0798 49.38
-10.3061 -0.2431 4.9884 20.60
-10.2334 -0.1540 8.9458 37.85
-9.7497 -1.0264 2.7743 9.24
-10.2725 -1.0087 6.2206 26.46
-8.4926 -0.7095 9.1016 43.72
-10.3038 -0.7162 3.8987 14.91
-10.2797 -0.6303 7.5208 32.17
-7.0182 -0.2897 9.0748 49.39
-10.2995 -0.3437 4.9911 20.62
-10.2488 -0.2499 8.9643 37.86
-10.3182 -0.0447 2.8310 9.10
-10.2499 0.0311 6.1471 26.32
-8.6103 0.1391 9.1241 43.55
-10.3169 -0.8150 3.9080 14.93
-10.2714 -0.7264 7.5195 32.17
-7.0152 -0.3563 9.0823 49.41
-10.3114 -0.4359 4.9985 20.62
-6.6989 -0.1672 6.2059 37.87
-10.3211 -0.1410 2.8346 9.12
-10.2733 -0.0668 6.1557 26.30
-8.5904 0.0564 9.1123 43.58
-10.3005 0.2309 3.8696 14.81
-10.2428 0.3049 7.4443 32.03
-7.1007 0.3368 9.1252 49.28
-10.2857 -0.5377 4.9962 20.64
-10.2475 -0.4412 8.9760 37.88
-10.3349 -0.2422 2.8385 9.12
-10.2788 -0.1581 6.1714 26.36
-8.5737 -0.0232 9.0991 43.58
-10.3184 0.1341 3.8725 14.80
-10.2635 0.2139 7.4596 32.04
-7.0846 0.2753 9.1063 49.28
-10.2850 0.5055 4.9607 20.50
-10.2229 0.5841 8.9147 37.75
-10.3160 -0.3381 2.8380 9.13
-10.2870 -0.2588 6.1764 26.35
-8.5860 -0.1014 9.1236 43.62
-10.2831 0.0367 3.8647 14.81
-10.2579 0.1155 7.4638 32.07
-7.0722 0.2076 9.0938 49.29
-8.7865 0.3667 4.4020 20.52
-10.2364 0.4895 8.9260 37.77
-10.3125 0.7082 2.8124 8.99
-10.2619 0.7758 6.1419 26.23
-8.6448 0.7580 9.1519 43.46
-10.3098 -0.0604 3.8755 14.83
-10.2464 0.0198 7.4559 32.07
-7.0793 0.1407 9.1071 49.31
-8.7662 0.2890 4.3945 20.52
-10.2427 0.3963 8.9309 37.77
-10.3294 0.6126 2.8156 9.00
-10.2709 0.6784 6.1396 26.21
-8.6299 0.6734 9.1350 43.47
-10.2908 0.9818 3.8587 14.72
-10.2384 1.0474 7.4437 31.93
-7.0791 0.8380 9.1122 49.18
-8.7705 0.2019 4.3998 20.55
-10.2175 0.2987 8.9126 37.78
-8.8045 0.4631 2.8694 10.93
-10.2392 0.5920 6.5479 28.15
-8.0785 0.5774 9.1290 45.42
-10.2726 0.8850 4.2182 16.66
-10.2210 0.9604 7.8985 33.84
-6.6459 0.7445 9.1242 51.11
-10.2579 1.2566 5.3451 22.35
-9.8410 1.2920 9.1661 39.58
-8.7958 0.3800 2.8630 10.91
-10.2714 0.4961 6.5686 28.17
-8.0674 0.5048 9.1168 45.43
-10.2986 0.7897 4.2201 16.64
-10.2288 0.8658 7.9053 33.87
-6.6259 0.6831 9.0947 51.12
-10.2712 1.1619 5.3466 22.36
-9.8501 1.2010 9.1681 39.59
-8.7975 1.2737 2.8647 10.83
-10.2375 1.5332 6.5752 28.07
-8.0635 1.3051 9.1493 45.28
-10.2717 0.6972 4.2161 16.67
-10.2187 0.7744 7.9056 33.91
-6.6425 0.6270 9.1120 51.13
-10.2868 1.0706 5.3493 22.35
-9.8562 1.1111 9.1683 39.60
-8.7797 1.1829 2.8575 10.82
-10.2529 1.4363 6.5710 28.05
-7.5501 1.1696 9.1391 47.24
-8.8109 1.5204 4.1006 18.45
-10.2150 1.8226 8.4459 35.69
-10.3103 0.9056 2.4666 7.05
-10.2540 0.9744 5.7266 24.26
-9.2271 0.9715 9.1593 41.52
-8.6071 1.0898 3.1197 12.77
-10.2543 1.3501 7.0085 29.98
-7.5558 1.0999 9.1415 47.26
-8.7907 1.4305 4.0940 18.48
-10.2133 1.7194 8.4343 35.69
-10.2992 1.9677 2.4574 6.91
-10.2538 2.0225 5.7730 24.18
-9.1405 1.8922 9.1716 41.42
-8.5945 1.0048 3.1145 12.77
-10.2386 1.2519 7.0001 30.01
-6.6375 0.9176 8.1317 47.26
-8.7900 1.3464 4.0887 18.47
-10.2358 1.6281 8.4449 35.71
-10.3342 1.8779 2.4691 6.96
-10.2705 1.9291 5.7710 24.17
-9.1668 1.8091 9.1789 41.41
-8.5764 1.8857 3.1270 12.67
-10.2487 2.3038 7.0769 29.90
-7.4812 1.7793 9.1517 47.12
-8.7924 1.2611 4.0879 18.48
-10.2370 1.5291 8.4313 35.69
-10.3055 1.7681 2.4602 6.94
-10.2545 1.8303 5.7563 24.17
-9.1484 1.7156 9.1558 41.44
-8.5852 1.8100 3.1238 12.66
-10.2334 2.2055 7.0538 29.89
-7.4961 1.7095 9.1561 47.14
-8.7754 2.1662 4.1148 18.35
-10.2113 2.5820 8.5300 35.60
-10.2918 1.6706 2.4557 6.94
-10.2381 1.7292 5.7465 24.20
-9.1634 1.6319 9.1639 41.46
-8.6012 1.7298 3.1257 12.67
-10.2363 2.0985 7.0412 29.88
-7.4944 1.6373 9.1430 47.15
-8.7542 2.0775 4.1058 18.38
-10.1917 2.4802 8.4968 35.59
-10.3099 2.7632 2.4667 6.84
-10.2384 2.8082 5.8246 24.09
-9.0276 2.5493 9.1767 41.31
-8.5880 1.6403 3.1244 12.71
-10.2269 2.0066 7.0395 29.93
-7.5096 1.5681 9.1495 47.17
-8.7628 1.9935 4.1053 18.39
-10.2128 2.3846 8.4996 35.60
-10.2698 2.6477 2.4599 6.85
-10.2516 2.7045 5.8193 24.09
-9.0438 2.4632 9.1783 41.33
-10.0740 2.9842 3.4912 12.55
-9.4149 2.8462 6.6686 29.80
-7.3543 2.3023 9.1451 47.05
-8.7791 1.9122 4.1047 18.39
-10.2184 2.2860 8.4946 35.63
-10.2918 2.5473 2.4627 6.86
-10.2371 2.6012 5.8060 24.11
-9.0538 2.3761 9.1746 41.36
-8.5685 2.4624 3.1424 12.59
-9.5624 2.7977 6.7429 29.81
-7.3619 2.2337 9.1305 47.04
-8.7627 2.8452 4.1599 18.29
-10.1797 3.3663 8.6381 35.51
-10.3024 2.4517 2.4610 6.86
-10.2549 2.5040 5.8011 24.10
-9.0682 2.2917 9.1766 41.39
-8.5664 2.3758 3.1346 12.57
-9.9285 2.7945 6.9458 29.81
-7.4141 2.1756 9.1717 47.06
-8.7702 2.7603 4.1594 18.32
-9.3824 3.0142 8.0322 35.56
-10.2915 3.5779 2.4796 6.77
-10.2107 3.6103 5.9029 24.02
-8.4678 3.0584 8.8232 41.24
-8.5580 2.2839 3.1360 12.63
-10.2481 2.7887 7.1239 29.82
-7.4096 2.1005 9.1553 47.10
-8.7326 2.6596 4.1374 18.32
-8.9496 2.7865 7.6934 35.58
-10.2912 3.4678 2.4765 6.78
-10.2395 3.5083 5.8982 24.01
-8.6799 3.0432 9.0007 41.26
-10.2613 3.8676 3.5830 12.50
-10.2095 3.9018 7.2745 29.73
-6.9262 2.7167 8.8374 46.98
-10.0500 2.9562 4.9603 20.21
-9.2694 2.8015 8.3983 37.49
-9.9825 3.2686 2.7783 8.68
-10.2286 3.4064 6.3069 25.94
-8.0126 2.7400 8.8729 43.24
-10.2469 3.7556 3.9417 14.40
-10.1929 3.7975 7.7284 31.67
-6.7656 2.5909 9.1457 48.90
-10.2553 4.1680 5.1601 20.13
-9.9754 4.1298 9.2090 37.35
-10.0740 3.1950 2.7967 8.72
-10.2504 3.3075 6.3044 25.95
-8.2047 2.7193 9.0332 43.22
-10.2491 3.6518 3.9390 14.43
-10.2105 3.7012 7.7259 31.70
-6.7932 2.5354 9.1568 48.92
-10.2436 4.0577 5.1475 20.16
-10.0276 4.0369 9.2296 37.39
-10.2741 4.4427 2.8739 8.63
-9.7165 4.2533 6.2079 25.88
-8.0918 3.5959 9.1994 43.11
-10.2707 3.5457 3.9338 14.42
-10.2002 3.5905 7.6915 31.68
-6.8022 2.4682 9.1424 48.92
-10.2263 3.9468 5.1222 20.14
-10.0815 3.9469 9.2445 37.40
-10.2893 4.3348 2.8725 8.65
-10.2135 4.3493 6.4437 25.86
-8.1040 3.5192 9.1873 43.14
-10.2370 4.7353 4.0251 14.35
-10.1912 4.7737 7.9406 31.60
-6.3730 3.0382 8.9186 48.85
-10.2325 3.8313 5.1105 20.14
-10.0868 3.8497 9.2325 37.43
-10.2813 4.2142 2.8663 8.66
-10.2267 4.2468 6.4395 25.90
-8.1280 3.4376 9.1811 43.15
-9.7267 4.3895 3.8743 14.37
-10.2041 4.6617 7.9254 31.62
-6.4466 3.0002 8.9736 48.84
-8.7393 4.3129 4.6653 20.08
-9.7121 4.8620 9.2471 37.32
-10.2944 4.1082 2.8626 8.66
-10.2224 4.1332 6.4123 25.88
-8.1626 3.3627 9.1861 43.15
-10.2823 4.5279 4.0172 14.37
-10.1804 4.5420 7.8860 31.64
-6.4919 2.9544 9.0024 48.86
-8.9168 4.3028 4.7258 20.10
-9.7272 4.7511 9.2308 37.35
-10.2333 5.3402 2.9192 8.59
-9.3040 4.8991 6.1514 25.83
-7.8224 4.1618 9.1896 43.06
-10.2465 4.3920 3.9932 14.36
-10.2089 4.4412 7.8708 31.61
-6.4997 2.8867 8.9788 48.86
-10.2193 4.8197 5.2323 20.08
-9.8145 4.6780 9.2586 37.33
-10.2386 5.2207 2.9072 8.57
-9.2144 4.7356 6.0752 25.82
-7.8676 4.1004 9.2017 43.06
-10.2359 5.6711 4.1238 14.31
-10.1928 5.7023 8.1903 31.55
-6.3617 3.5969 9.1835 48.78
-10.2180 4.6939 5.2159 20.09
-9.8332 4.5839 9.2543 37.37
-8.7484 4.3538 2.6465 8.56
-9.3591 4.7043 6.1361 25.85
-7.9309 4.0373 9.2185 43.03
-10.2303 5.5426 4.1026 14.29
-10.1801 5.5681 8.1382 31.53
-6.3834 3.5314 9.1707 48.79
-10.2076 5.9938 5.4192 20.03
-9.3803 5.5684 9.2698 37.27
-10.2514 4.9835 2.9004 8.61
-8.7237 4.2833 5.7661 25.83
-7.9478 3.9532 9.2133 43.09
-10.2175 5.4166 4.0931 14.33
-10.1859 5.4543 8.1222 31.59
-6.4105 3.4755 9.1623 48.78
-10.2269 5.8833 5.4092 20.05
-9.4139 5.4645 9.2587 37.29
-10.2561 6.3440 2.9826 8.52
-8.7653 5.4544 6.0467 25.77
-7.5372 4.7220 9.2072 43.00
-10.2417 5.3004 4.0878 14.34
-10.1928 5.3363 8.0850 31.56
-6.4318 3.4116 9.1586 48.81
-10.2216 5.7604 5.3889 20.07
-9.4540 5.3676 9.2464 37.29
-10.2370 6.1993 2.9708 8.53
-10.1663 6.2021 7.3006 27.70
-7.0983 4.3658 9.2048 44.94
-9.1051 5.9538 4.2816 16.16
-10.1294 6.6705 9.0059 33.41
-5.6938 3.7717 9.1529 50.67
-10.2331 5.6388 5.8013 21.96
-8.6541 4.8133 9.0301 39.21
-9.1902 5.4410 3.1342 10.45
-10.1718 6.0749 7.2681 27.70
-7.1374 4.2988 9.1999 44.93
-9.0160 5.7660 4.2306 16.16
-10.1423 6.5457 8.9665 33.41
-5.7497 3.7300 9.1721 50.64
-10.1878 7.0349 6.0690 21.90
-8.3580 5.8041 9.2385 39.15
-8.7527 5.0728 3.0315 10.46
-10.1643 5.9441 7.2263 27.68
-7.1637 4.2239 9.1854 44.93
-9.1146 5.7128 4.2493 16.18
-10.1554 6.4203 8.9333 33.42
-5.7602 3.6692 9.1550 50.69
-10.1879 6.8933 6.0431 21.93
-8.3975 5.7131 9.2243 39.16
-9.0939 6.5803 3.2270 10.41
-10.1521 7.3924 7.6339 27.66
-6.7333 4.9180 9.1970 44.88
-9.3093 5.7156 4.3033 16.21
-10.1632 6.2954 8.8936 33.42
-5.8115 3.6257 9.1758 50.67
-10.1941 6.7672 6.0113 21.91
-8.4723 5.6529 9.2434 39.15
-9.2584 6.5677 3.2502 10.41
-10.1809 7.2717 7.6052 27.65
-6.7763 4.8562 9.1993 44.89
-8.7201 6.6517 4.3079 16.16
-9.9896 7.6657 9.3035 33.38
-5.4395 4.1730 9.1798 50.64
-10.1942 6.6235 5.9846 21.93
-8.5340 5.5781 9.2527 39.15
-8.7918 6.1082 3.1383 10.45
-10.1640 7.1156 7.5486 27.64
-6.8251 4.7957 9.1977 44.87
-8.7077 6.5038 4.2720 16.12
-10.0786 7.5878 9.3229 33.39
-5.4742 4.1168 9.1635 50.61
-10.1746 8.1806 6.3382 21.89
-7.4400 5.9916 9.2513 41.03
-10.2303 6.9812 3.8682 12.37
-10.1650 6.9848 8.0412 29.60
-6.4211 4.4271 9.1854 46.84
-10.1874 7.4804 5.2412 18.07
-9.4116 6.9498 9.2805 35.32
-10.2187 8.0275 2.6796 6.55
-10.1664 8.0225 7.2984 25.70
-7.0002 5.5351 9.2278 42.96
-9.6012 8.0922 4.3222 14.21
-10.1165 8.5716 9.1368 31.46
-5.5877 4.7110 9.1686 48.69
-10.1859 7.3372 5.6646 19.96
-8.6123 6.2391 9.0578 37.24
-9.6263 7.4162 2.9822 8.45
-10.1877 7.8906 7.2677 25.70
-7.0414 5.4590 9.2180 42.97
-10.1868 8.4340 5.4274 18.04
-9.0198 7.4941 9.2928 35.29
-10.0433 8.8897 2.7190 6.51
-8.6620 7.6804 6.1874 23.80
-7.1416 6.3312 9.2427 41.01
-10.2047 7.7189 3.9536 12.34
-10.1462 7.7187 8.2721 29.57
-6.2007 4.7168 9.1730 46.82
-10.1937 8.2784 5.3981 18.05
-9.0938 7.4133 9.3004 35.30
-9.6889 8.4058 2.6570 6.53
-10.0691 8.7796 8.0421 27.61
-6.3052 5.4822 9.2141 44.86
-9.8613 9.1872 5.0258 16.11
-9.2302 8.6097 9.3220 33.36
-5.0260 4.6525 9.1763 50.62
-10.1619 8.1046 6.3138 21.88
-7.9683 6.3647 9.2467 39.11
-8.7470 7.4368 3.2745 10.41
-10.1345 8.6696 8.0275 27.60
-6.3349 5.4050 9.1793 44.83
-9.9609 9.0931 5.0228 16.09
-9.2896 8.5062 9.3045 33.36
-5.0775 4.6109 9.1744 50.58
-10.1533 9.9391 6.7969 21.86
-7.3033 7.1296 9.2576 39.09
-8.7588 7.3085 3.2540 10.37
-10.1436 8.5159 7.9841 27.62
-6.4103 5.3671 9.2174 44.86
-9.8742 8.8468 4.9705 16.15
-8.5992 7.7221 9.1746 35.29
-8.7303 8.3464 2.5690 6.52
-9.4956 9.1148 6.8802 23.77
-6.8950 6.5979 9.2439 41.01
-10.1936 10.4741 4.3302 12.25
-8.8474 9.0786 8.2186 29.50
-5.4889 5.5870 9.2132 46.75
-10.0318 8.8239 5.4686 18.03
-8.6187 7.5953 9.1191 35.27
-10.2204 9.6046 2.7956 6.53
-9.3579 8.8158 6.7435 23.76
-6.9383 6.5171 9.2274 41.03
-10.1745 10.2595 4.3008 12.28
-8.8562 8.9256 8.1601 29.50
-5.5333 5.5339 9.2058 46.75
-10.1586 10.9571 5.9870 18.03
-7.9857 8.5925 9.2926 35.25
-10.0192 9.2419 2.7507 6.54
-9.4993 8.7833 6.7846 23.78
-7.0134 6.4689 9.2356 40.99
-10.1733 10.0648 4.2712 12.28
-6.6434 6.5220 6.3085 29.49
-5.5721 5.4718 9.1912 46.77
-10.1492 10.7453 5.9296 18.01
-8.0898 8.5499 9.3157 35.23
-10.1869 11.5500 2.9468 6.51
-10.1021 11.4712 7.8173 23.76
-6.3509 7.1394 9.2542 40.98
-8.6391 8.3555 3.7774 12.30
-9.1004 8.8379 8.2312 29.54
-5.6278 5.4259 9.2015 46.78
-10.1205 10.5119 5.8624 17.99
-8.1529 8.4567 9.2986 35.24
-10.1892 11.3275 2.9275 6.50
-10.1162 11.2597 7.7496 23.75
-6.4127 7.0750 9.2525 41.00
-9.5412 11.3648 4.3786 12.24
-9.4736 11.2782 9.3796 29.49
-5.0677 5.9387 9.1934 46.74
-10.1660 10.3627 5.8426 18.01
-8.2237 8.3726 9.2945 35.25
-10.1788 11.0934 2.9089 6.51
-10.1142 11.0490 7.6834 23.77
-6.4661 7.0022 9.2408 41.01
-9.5531 11.1637 4.3534 12.27
-9.5930 11.2153 9.3971 29.49
-5.1294 5.9054 9.2053 46.73
-10.1175 12.6736 6.3954 18.00
-6.5729 8.1549 8.4058 35.23
-10.1909 10.9041 2.8900 6.50
-10.1103 10.8362 7.6112 23.76
-6.5276 6.9409 9.2426 41.03
-9.5987 11.0033 4.3328 12.27
-9.6846 11.0923 9.3765 29.49
-5.1756 5.8497 9.1941 46.74
-10.1292 12.4490 6.3478 18.02
-7.1851 8.7713 9.0147 35.23
-10.1653 13.4201 2.5537 4.59
-10.1017 13.3246 7.8025 21.83
-6.1998 8.0765 9.2486 39.08
-10.1753 11.4438 3.9644 10.35
-6.4798 7.2255 6.1295 27.57
-5.5815 6.2009 9.2092 44.84
-10.1317 12.2122 5.7070 16.07
-8.0845 9.7060 9.3315 33.33
-4.4248 5.2211 9.1759 50.58
-10.1159 13.0848 7.1089 19.92
-6.2922 8.0367 9.2728 39.10
-8.7114 12.0827 3.3877 8.42
-10.0683 13.9939 9.3678 25.67
-5.2738 7.1773 9.2263 42.91
-10.1461 11.9907 5.1089 14.15
-8.5686 10.1118 9.1396 31.44
-4.7679 5.5338 9.1749 48.66
-10.1062 12.8305 7.0314 19.91
-6.3683 7.9842 9.2693 39.07
-8.8647 12.0532 3.3960 8.42
-10.0568 13.6810 9.2361 25.65
-5.3407 7.1404 9.2367 42.92
-10.1253 14.8457 5.0624 12.25
-7.7235 11.2327 9.3758 31.43
-4.2010 5.9556 9.1743 48.66
-9.6363 11.9673 6.6766 19.90
-6.8845 8.4930 9.2863 37.18
-10.1500 13.5425 3.1227 6.51
-10.0827 13.4598 8.4976 23.76
-5.7775 7.5880 9.2567 41.01
-8.6026 12.3049 3.9132 10.35
-9.1507 13.0943 9.4175 27.59
-4.8393 6.7768 9.2092 44.83
-9.8249 15.1841 5.7232 14.18
-7.4125 11.3570 9.3368 31.43
-4.0658 6.0598 9.1902 48.66
-10.1309 13.2531 6.5490 18.00
-6.9917 9.0664 9.0967 35.23
-10.1539 14.2798 2.6105 4.60
-10.0949 14.2026 8.0943 21.85
-5.9378 8.2168 9.2226 39.10
-9.8201 14.8837 3.8235 8.42
-9.6114 14.5132 9.4602 25.69
-4.9887 7.3719 9.2358 42.94
-10.0880 16.5017 5.3646 12.25
-7.7307 12.5151 9.3859 29.50
-4.1758 6.5749 9.2013 46.75
-10.0953 13.9082 6.0918 16.07
-6.5565 8.9306 8.3131 33.32
-4.0930 5.4634 9.1669 50.59
-9.9858 14.8161 7.5900 19.91
-5.9742 8.7063 9.0102 37.17
-10.1298 16.2180 3.3759 6.51
-9.2572 14.7596 8.7740 23.77
-5.1360 8.0080 9.2479 41.01
-10.0798 17.4500 4.8545 10.35
-8.0398 13.7904 9.4301 27.62
-4.2754 7.1264 9.2075 44.84
-10.1137 14.6839 5.6489 14.16
-7.7571 11.1904 9.3619 31.41
-4.2250 5.9435 9.1777 48.66
-9.4774 14.8062 6.8518 18.02
-6.3746 9.8306 9.2975 35.24
-10.1216 17.1495 2.8027 4.59
-8.7943 14.8091 8.0240 21.86
-5.2797 8.7072 9.2692 39.10
-9.7263 17.8629 3.5178 6.52
-9.1394 16.7097 9.4972 23.78
-4.6623 8.2687 9.2361 41.00
-9.9030 15.1804 4.4816 10.34
-8.5255 13.0010 9.1992 27.59
-4.6536 6.9250 9.2290 44.83
-10.0841 16.7027 6.0843 14.18
-7.0533 11.5423 9.3266 31.46
-3.8776 6.1550 9.1736 48.68
-10.0396 17.9788 7.8380 18.03
-5.7900 10.1621 9.3065 35.29
-9.2685 18.0775 2.1664 2.69
-9.2519 17.9522 8.4546 19.94
-5.0702 9.6038 9.2583 37.19
-10.1208 16.4128 3.3996 6.53
-9.1249 14.7325 8.7335 23.77
-5.0941 8.0371 9.2426 40.98
-10.1148 17.7349 4.8993 10.34
-7.9461 13.8065 9.4090 27.60
-4.2367 7.1450 9.2169 44.88
-9.4580 18.0012 5.5929 12.28
-6.8958 12.9408 9.3789 29.54
-3.7498 6.7948 9.1889 46.77
-8.6991 17.9909 6.2223 14.22
-5.9877 12.1672 9.3584 31.46
-3.3138 6.4573 9.1848 48.71
-10.0506 17.2112 7.6180 18.02
-5.3103 8.8853 8.3434 35.26
-9.7091 18.0783 2.1909 2.73
-9.6715 17.9683 8.5242 19.93
-5.2807 9.5504 9.2982 37.20
-8.9225 18.0589 2.8297 4.61
-8.9151 17.9556 9.1668 21.87
-4.4660 8.7000 8.9584 39.12
-8.0838 17.8677 3.4595 6.58
-7.4074 16.2433 8.9873 23.81
-4.0524 8.5638 9.2400 41.02
-9.9189 18.0307 4.9379 10.36
-7.7217 13.8947 9.3939 27.61
-4.1249 7.1863 9.1924 44.85
-9.1333 18.0373 5.5668 12.28
-6.7146 13.0410 9.3777 29.52
-3.6571 6.8584 9.2043 46.77
-8.3866 18.0302 6.1891 14.19
-5.7957 12.2227 9.3379 31.45
-3.2265 6.5120 9.1959 48.70
-6.9377 16.2997 6.2801 16.14
-5.0091 11.4987 9.3226 33.39
-2.8128 6.1391 9.1447 50.65
-9.3660 18.0232 7.7502 18.03
-5.4763 10.3030 9.2811 35.26
-8.5963 18.0911 2.1737 2.74
-8.5415 17.9107 8.3283 19.94
-4.8094 9.7771 9.2945 37.20
-7.8521 18.0831 2.8025 4.63
-7.8247 17.9002 8.9746 21.90
-4.0963 9.0230 9.0765 39.13
-7.1123 18.0548 2.7891 4.66
-7.1218 17.9284 8.8800 21.90
-3.7320 9.0028 8.9546 39.15
-8.6906 17.8300 3.4745 6.55
-7.3325 14.8971 8.4315 23.80
-4.2970 8.4639 9.2461 41.01
-8.0264 17.9965 4.1294 8.49
-7.1162 15.7919 9.4404 25.71
-3.7552 8.0027 9.2276 43.01
-7.3225 18.0271 4.7545 10.41
-6.0491 14.6721 9.4108 27.66
-3.2717 7.5730 9.1906 44.89
-6.6034 17.9938 4.7055 10.42
-5.4983 14.7152 9.3314 27.66
-3.0194 7.6711 9.1975 44.91
-8.2544 18.0135 5.5030 12.34
-6.1684 13.2547 9.3715 29.57
-3.3900 6.9804 9.2102 46.81
-7.4972 17.9533 6.0961 14.23
-5.3017 12.4244 9.3488 31.50
-2.9708 6.6221 9.2007 48.72
-6.8174 18.0100 6.0460 14.23
-4.8720 12.5562 9.3281 31.50
-2.7473 6.6888 9.1812 48.74
-6.1105 17.9655 5.9939 14.28
-4.4524 12.7417 9.3424 31.48
-2.5262 6.7773 9.1967 48.75
-7.0016 16.2416 6.2662 16.13
-5.0506 11.4774 9.3161 33.37
-2.8482 6.1431 9.1548 50.61
-7.0315 18.0283 6.7529 16.14
-4.6452 11.5920 9.2972 33.41
-2.6552 6.2500 9.1983 50.65
-6.2547 17.8082 6.6492 16.23
-4.2592 11.7601 9.3211 33.43
-2.4344 6.2874 9.1596 50.69
-5.6249 17.9583 6.6239 16.19
-3.8490 11.8316 9.2906 33.45
-2.2197 6.3471 9.1443 50.68
-7.2181 18.0033 6.7664 16.14
-4.7718 11.5963 9.3232 33.38
-2.7062 6.2139 9.1721 50.62
-6.5058 17.9663 6.6887 16.15
-4.3648 11.7048 9.3075 33.42
-2.4936 6.2698 9.1557 50.66
-5.8129 17.9515 6.6543 16.24
-3.9700 11.8492 9.3195 33.43
-2.2820 6.3290 9.1527 50.70
-5.1416 17.9465 6.5874 16.21
-3.5601 11.9174 9.2965 33.46
-2.0744 6.4126 9.1749 50.69
-6.6994 17.9705 6.7094 16.15
-4.4763 11.6707 9.3042 33.40
-2.5549 6.2614 9.1637 50.63
-5.9479 17.7659 6.5872 16.16
-4.0698 11.7749 9.2932 33.43
-2.3477 6.3318 9.1730 50.67
-5.3279 17.9433 6.6171 16.26
-3.6710 11.9043 9.3041 33.45
-2.1367 6.3939 9.1805 50.72
-4.6651 17.9561 5.9067 14.32
-3.4955 12.9584 9.3274 31.54
-2.0255 6.8788 9.1524 48.77
-6.2120 18.0145 6.0047 14.25
-4.4914 12.6773 9.3332 31.54
-2.5418 6.7394 9.1629 48.76
-5.5311 18.0270 5.9712 14.29
-4.0531 12.7814 9.3182 31.56
-2.3198 6.8168 9.1720 48.77
-4.8498 17.9898 5.2764 12.41
-3.8938 14.0096 9.3671 29.62
-2.2088 7.3309 9.1580 46.88
-4.1934 18.0036 4.6111 10.50
-3.5200 14.6640 9.0445 27.74
-2.0722 7.9023 9.1775 45.00
-5.6872 17.9858 4.6642 10.46
-4.7404 14.6737 9.1987 27.70
-2.6729 7.7708 9.1874 44.93
-5.0309 17.9868 4.6335 10.46
-4.2140 14.6990 9.1449 27.73
-2.4197 7.8631 9.2099 44.95
-4.3761 18.0223 3.9984 8.60
-3.7102 14.8680 8.5295 25.80
-2.2828 8.4717 9.2177 43.06
-3.6603 17.7955 3.3331 6.69
-3.7553 17.8541 9.2354 23.94
-2.0312 8.7606 8.9033 41.16
-5.1528 17.8121 3.3574 6.64
-5.2305 17.8998 9.3712 23.85
-2.7079 8.6585 8.9440 41.12
-4.5311 17.9821 2.7479 4.75
-4.5679 17.8834 8.5841 21.97
-2.6462 9.6732 9.2337 39.23
-3.8285 17.7711 2.1163 2.84
-3.9342 17.9515 7.8675 20.08
-2.4577 10.4478 9.2578 37.36
-3.2404 18.0628 1.5240 0.94
-3.2885 17.9044 7.1514 18.22
-2.2308 11.2811 9.2709 35.46
-4.7064 18.0756 0.9000 -1.01
-4.7537 17.9592 6.5626 16.21
-3.3120 11.9928 9.2994 33.45
-1.9478 6.4388 9.1690 50.71
-4.0896 17.9468 5.8781 14.34
-3.1040 13.0112 9.3252 31.61
-1.8270 6.9446 9.1835 48.81
-3.4388 17.9254 5.2146 12.46
-2.8386 14.1444 9.3304 29.68
-1.6778 7.4512 9.1725 46.93
-2.8076 17.9826 4.5805 10.55
-2.4124 14.7224 8.9884 27.80
-1.4973 8.0041 9.1857 45.06
-4.2553 17.9767 3.9697 8.55
-3.6247 14.8555 8.5321 25.86
-1.7652 6.4648 7.2858 43.07
-3.5657 17.7964 3.3238 6.67
-3.6650 17.8849 9.2260 23.90
-1.9787 8.7318 8.8763 41.19
-2.9636 18.0261 2.7395 4.79
-3.0269 17.8991 8.4957 22.04
-1.6898 8.8540 8.4360 39.29
-2.3159 17.9969 1.5336 0.98
-2.3859 17.9078 7.1245 18.26
-1.6773 11.3466 9.2713 35.50
-3.7506 18.0172 0.9158 -0.98
-3.8100 17.9037 6.4989 16.24
-1.7333 7.2266 6.0024 33.49
-1.6371 6.4981 9.1573 50.72
-3.1692 17.9419 5.8462 14.38
-2.4556 13.0797 9.3031 31.64
-1.4883 6.9792 9.1569 48.85
-2.5332 17.9498 5.2032 12.50
-2.1406 14.2373 9.3345 29.72
-1.3142 7.4731 9.1437 46.97
-1.8907 17.9658 3.9639 8.70
-1.8825 16.8437 9.3710 25.91
-1.1506 8.5173 9.1188 43.18
-3.2878 17.7712 3.3278 6.71
-3.3742 17.8878 9.2119 23.92
-1.7299 8.1161 8.3073 41.19
-2.6851 18.0184 2.7468 4.82
-2.7394 17.8810 8.4735 22.05
-1.5495 8.8170 8.3942 39.31
-2.0320 18.0622 1.5401 1.00
-2.1109 17.8745 7.7670 20.16
-1.4260 10.5387 9.2259 37.44
-1.3878 18.0531 0.9429 -0.90
-1.4748 17.8914 6.4503 16.37
-1.1789 12.2293 9.2788 33.62
-0.8249 6.5919 9.1579 50.83
-2.8988 17.9590 5.8363 14.37
-2.2537 13.0922 9.2962 31.66
-1.3854 6.9937 9.1603 48.87
-2.2527 17.9536 4.5695 10.57
-1.9768 14.7849 9.0052 27.84
-1.2601 8.0267 9.1768 45.06
-1.5930 17.7513 3.3312 6.80
-1.6982 17.8706 9.1489 24.02
-1.0478 8.9033 8.9311 41.25
-0.9672 18.0190 2.1541 2.97
-1.0659 17.8593 7.7523 20.21
-0.8170 10.5476 9.2057 37.47
-2.3722 18.0295 0.9378 -0.92
-2.4488 17.9152 6.4599 16.30
-1.8212 12.2035 9.2813 33.55
-1.1454 6.3954 8.9470 50.78
-1.8079 17.9358 5.1891 12.52
-1.5677 14.2430 9.3183 29.77
-1.0165 7.4467 9.0917 47.02
-1.1740 17.9569 3.9678 8.74
-1.0922 14.8239 8.3751 25.94
-0.7940 8.0539 9.1720 45.10
-0.5259 17.7519 3.3382 6.84
-0.6319 17.8159 9.1273 24.09
-0.5301 8.9025 8.9172 41.30
-1.9443 18.0281 2.1496 2.94
-2.0178 17.9012 7.7783 20.17
-1.3731 10.5591 9.2376 37.44
-1.2981 18.0020 0.9475 -0.89
-1.3815 17.8897 6.4395 16.35
-1.0835 11.9004 9.0548 33.62
-0.7922 6.5744 9.1408 50.86
-0.7430 17.9690 5.2073 12.59
-0.7344 14.2514 9.3074 29.81
-0.5930 7.5262 9.1569 47.05
-0.1026 17.9623 3.9829 8.80
-0.2194 16.8064 9.3506 26.00
-0.3255 8.6141 9.1955 43.28
-1.5031 17.9941 2.7451 4.85
-1.5765 17.8639 8.4344 22.09
-1.0445 9.6065 9.0044 39.35
-0.8582 18.0089 1.5556 1.06
-0.9473 17.8978 7.1025 18.31
-0.7768 11.3508 9.2428 35.57
-0.2145 17.9760 0.3798 -2.72
-0.3047 17.9078 5.8282 14.53
-0.3951 13.1485 9.2738 31.76
-0.4126 7.0483 9.1587 48.99
0.3291 17.9220 4.5911 10.72
0.1381 14.8804 9.0484 27.96
-0.1389 8.0348 9.1720 45.22
-1.0539 17.7910 3.3306 6.80
-1.1378 17.8308 9.1178 24.03
-0.7787 8.9029 8.9248 41.29
-0.4146 17.9836 2.1721 3.04
-0.5161 17.8436 7.7535 20.25
-0.5018 10.5444 9.2070 37.51
0.2257 18.0263 0.9833 -0.78
0.1245 17.9018 6.4873 16.50
-0.0924 12.1597 9.2360 33.70
-0.2598 6.5566 9.1254 50.96
0.7749 17.9452 5.2176 12.62
0.4492 14.1253 9.2730 29.90
0.0255 7.4918 9.1499 47.16
-0.6218 17.9076 3.9581 8.75
-0.6946 16.7739 9.3444 26.02
-0.5665 8.6013 9.1823 43.26
0.0161 17.9729 2.7733 4.96
-0.0774 17.8513 8.4441 22.18
-0.2546 9.8578 9.2121 39.44
0.6674 17.9578 1.5827 1.15
0.5498 17.8883 7.1267 18.38
0.1522 11.3007 9.2192 35.61
1.3109 17.9755 0.4080 -2.62
1.1980 17.8994 5.8624 14.59
0.7001 13.0592 9.2626 31.83
0.1567 6.9940 9.1327 49.06
-0.1802 17.9246 4.5838 10.70
-0.2878 14.8461 9.0197 27.94
-0.3621 8.0408 9.1631 45.17
0.4485 17.7659 3.3508 6.87
0.3406 17.8334 9.1433 24.11
-0.0538 8.8711 8.9135 41.39
1.0989 17.9620 2.1902 3.09
0.9883 17.8695 7.8092 20.33
0.3715 10.4954 9.2121 37.61
1.7658 17.9996 0.9992 -0.72
1.6363 17.9109 6.5366 16.55
0.9016 12.0501 9.2327 33.80
0.2735 6.5247 9.1311 51.00
0.2472 17.8920 5.2103 12.65
0.0439 14.1678 9.2855 29.89
-0.1932 7.4941 9.1351 47.12
0.8956 17.9499 3.9995 8.84
0.7066 16.7045 9.3330 26.05
0.1345 8.5758 9.1789 43.31
1.5362 17.9466 2.8005 5.03
1.4090 17.8147 8.4977 22.28
0.5497 9.7613 9.1864 39.52
2.1871 17.9747 1.6140 1.23
2.0619 17.8771 7.2040 18.48
1.0779 11.1318 9.1890 35.73
0.7860 17.9975 0.3976 -2.65
0.6744 17.8907 5.8397 14.56
0.3247 13.0822 9.2676 31.84
-0.0373 7.0082 9.1366 49.06
1.3182 17.9067 4.6183 10.77
0.9269 14.6367 8.9679 28.04
0.2891 7.9816 9.1494 45.25
1.9509 17.7620 3.4090 7.01
1.8313 17.7861 9.2206 24.23
0.6592 8.6911 8.8187 41.46
2.6340 17.9426 2.2300 3.19
2.4848 17.8365 7.8943 20.43
1.2266 10.3911 9.2243 37.68
1.2357 18.0357 1.0000 -0.72
1.1079 17.8762 6.4927 16.50
0.5669 12.1053 9.2322 33.74
0.0889 6.5440 9.1280 50.97
1.7581 17.9041 5.2612 12.72
1.2131 14.0148 9.2682 29.97
0.4187 7.4406 9.1414 47.22
2.4106 17.9322 4.0608 8.96
1.8360 14.7849 8.4891 26.15
0.8256 8.4538 9.1514 43.40
3.0744 17.9279 2.8534 5.14
2.9335 17.8169 8.6181 22.37
1.3460 9.6129 9.1761 39.61
1.6720 18.0046 1.6174 1.25
1.5375 17.8548 7.1716 18.47
0.7678 11.2524 9.2398 35.70
2.3239 17.9844 0.4102 -2.59
2.1905 17.8456 5.9058 14.67
1.3921 12.8898 9.2365 31.94
0.5250 6.9181 9.1080 49.14
2.8528 17.8880 4.6920 10.89
2.1714 14.6467 9.0879 28.13
0.9354 7.8648 9.1316 45.34
3.5396 17.9278 3.4897 7.09
3.2428 17.1703 9.0921 24.34
1.3818 8.6347 8.8916 41.55
2.1038 17.9658 2.2235 3.18
1.9718 17.8315 7.8566 20.40
0.9308 10.3996 9.1953 37.67
2.7725 18.0151 1.0198 -0.65
2.6287 17.8712 6.5767 16.59
1.5528 11.9096 9.2119 33.85
0.6112 6.4535 9.1163 51.09
3.2990 17.8868 5.3513 12.84
2.3504 13.7411 9.2380 30.05
1.0183 7.3432 9.1510 47.30
3.9760 17.8935 4.1352 9.06
3.3978 16.0355 9.2728 26.26
1.5057 8.2731 9.1318 43.53
2.5383 17.9238 2.8300 5.09
2.4107 17.8258 8.5717 22.33
0.9384 8.7234 8.3891 39.59
3.2186 17.9873 1.6400 1.30
3.0718 17.8666 7.2798 18.56
1.6759 11.0004 9.1843 35.81
3.8779 17.9049 0.4421 -2.46
3.7527 17.8858 6.0279 14.79
2.4384 12.6350 9.2183 32.02
1.0785 6.7999 9.1048 49.24
4.4311 17.8884 4.7881 10.98
3.4425 14.5975 9.2364 28.22
1.5637 7.7009 9.1346 45.48
2.9866 17.9273 3.4648 7.06
2.8539 17.8214 9.3209 24.27
1.1338 8.6448 8.8571 41.53
3.6747 17.9726 2.2760 3.29
3.5096 17.8347 7.9903 20.50
1.7666 10.1853 9.1634 37.76
4.3533 17.9603 1.0608 -0.51
3.7335 16.0350 6.1638 16.77
2.5172 11.6435 9.1957 33.96
1.1256 6.3293 9.1180 51.22
4.8731 17.8605 6.1206 14.86
3.1400 12.2990 9.1376 32.07
1.4661 6.7056 9.1193 49.30
3.4265 17.8998 4.7264 10.92
2.6293 14.6288 9.1347 28.16
1.1628 7.8012 9.1229 45.39
4.0980 17.8935 3.5049 7.11
3.8639 17.5099 9.3011 24.34
1.6469 8.6309 8.9563 41.62
4.7703 17.8906 2.9194 5.24
4.5803 17.7190 8.7768 22.49
2.0591 8.9733 8.8184 39.74
5.4754 17.9333 2.3297 3.38
5.2645 17.7688 8.1776 20.62
2.6794 9.8985 9.1543 37.87
3.9935 17.9702 1.0525 -0.54
3.4197 16.1001 6.1324 16.68
2.2976 11.7041 9.1891 33.92
1.0139 6.3819 9.1323 51.15
4.5154 17.8584 5.4312 12.91
3.1595 13.2711 9.1085 30.15
1.4693 7.1997 9.1295 47.40
5.1899 17.8287 4.8408 11.05
3.9973 14.3800 9.2259 28.29
1.8642 7.6171 9.1361 45.49
5.8834 17.8148 4.2536 9.19
4.7311 14.9173 8.9675 26.39
2.2864 8.0177 9.1306 43.66
4.4016 17.9177 2.9042 5.22
4.2464 17.8147 8.7650 22.46
1.8887 9.0013 8.7990 39.71
5.1014 17.9435 2.3268 3.39
4.9100 17.7984 8.1421 20.60
2.2021 8.9669 8.8527 39.76
5.7731 17.9180 2.3411 3.40
5.5819 17.7763 8.2253 20.64
2.5060 8.8386 8.3379 37.91
6.4936 17.9469 1.7330 1.52
6.2869 17.7975 7.6382 18.80
3.4130 10.3843 9.1462 36.03
4.9540 17.9722 1.0712 -0.48
4.2436 16.0048 6.1871 16.74
2.8558 11.5175 9.1781 33.98
1.3077 6.2690 9.0978 51.21
5.4546 17.8185 6.1691 14.90
3.5268 12.2665 9.2141 32.15
1.6571 6.6273 9.1092 49.36
6.1601 17.8279 5.5842 13.04
4.2746 13.0067 9.1843 30.25
2.0406 7.0017 9.1264 47.49
6.8869 17.8542 5.6474 13.03
4.7080 12.8082 9.1823 30.30
2.2628 6.8683 9.0900 47.56
5.3142 17.8528 4.8523 11.05
4.0752 14.3352 9.2166 28.29
1.8991 7.5844 9.1209 45.52
6.0332 17.9052 4.2715 9.18
4.8269 14.8983 8.9733 26.39
2.3261 7.9962 9.1180 43.64
6.7066 17.8582 4.3270 9.25
5.2864 14.5900 8.9275 26.45
2.5839 7.8796 9.1085 43.69
7.4360 17.8564 4.3882 9.29
5.8528 14.5746 9.0437 26.50
2.8414 7.7509 9.1046 43.77
5.8378 17.8820 3.6144 7.25
5.3532 16.8632 9.2543 24.47
2.4528 8.5804 9.1351 41.73
6.5390 17.8698 3.6503 7.27
5.9001 16.6171 9.2470 24.50
2.7298 8.4648 9.1340 41.78
7.2723 17.9166 3.7229 7.37
6.4239 16.3021 9.2308 24.58
3.0069 8.3354 9.1229 41.81
7.9966 17.8472 3.7646 7.40
6.9524 15.9756 9.2143 24.65
3.2866 8.2125 9.1331 41.86
6.3628 17.9033 3.0023 5.35
6.1672 17.7724 9.0360 22.59
2.7741 8.7980 8.8853 39.84
7.0831 17.9105 3.0524 5.42
6.8712 17.7666 9.1609 22.64
3.0347 8.6044 8.8257 39.90
7.7962 17.8537 3.0838 5.45
7.5259 17.6390 9.2415 22.70
3.3781 8.6107 8.9516 39.94
8.5595 17.8768 3.8128 7.44
7.3200 15.7377 9.2012 24.68
3.4697 8.0871 9.1068 41.89
6.8460 17.8668 3.6811 7.32
6.1462 16.4751 9.2383 24.54
2.8563 8.4055 9.1274 41.79
7.6008 17.9137 3.7319 7.34
6.6805 16.2100 9.2347 24.58
3.0949 8.2013 9.0535 41.85
8.2895 17.8420 4.4664 9.36
6.5441 14.5382 9.1887 26.55
3.0922 7.5179 9.0050 43.80
9.0252 17.7970 5.2126 11.29
6.4025 13.0940 9.1529 28.54
3.0886 6.9103 9.0002 45.79
7.3229 17.8185 5.0318 11.19
3.1257 8.2820 6.0037 28.43
2.6044 7.2860 9.1095 45.66
8.0562 17.8323 5.1079 11.23
3.3587 8.0682 5.9601 28.49
2.8406 7.1710 9.1091 45.70
8.7952 17.8098 5.8912 13.22
3.2998 7.3023 5.9295 30.43
2.6141 6.1660 9.0756 49.58
9.4877 17.7583 8.1585 18.99
4.8299 9.6002 9.1071 36.24
8.0036 17.9502 1.7994 1.67
7.7570 17.8033 7.8672 18.89
4.1120 10.0715 9.1494 36.12
8.7243 17.8960 2.4905 3.63
8.4724 17.7684 8.7196 20.84
3.9464 8.9120 8.8624 38.10
9.3660 17.6678 3.1744 5.56
8.7193 16.8285 9.2010 22.81
4.0679 8.4453 9.1074 40.05
9.6233 16.8070 4.4633 9.48
7.6573 13.7921 9.1627 26.68
3.7324 7.2580 9.1049 43.95
8.4029 17.8296 5.1492 11.26
6.0473 13.3323 9.1712 28.50
2.9331 7.0881 9.0781 45.73
9.1429 17.8159 5.9326 13.22
5.9465 12.0902 9.1533 30.46
2.9261 6.5271 9.0833 47.71
9.6510 17.3748 7.3665 17.15
4.9864 9.5534 9.1311 36.23
9.5882 15.7851 3.0603 5.66
8.6586 14.5802 8.3983 22.89
4.5269 8.1221 9.0838 40.13
8.9867 17.8271 3.8435 7.47
7.6389 15.5508 9.1884 24.68
3.6171 7.9683 9.0835 41.94
9.6359 17.6383 5.2589 11.34
6.7695 12.8520 9.1517 28.60
3.3174 6.8504 9.0606 45.81
9.6319 16.3482 6.4039 15.24
6.0697 10.7864 9.1164 32.47
3.0101 5.8590 9.0062 49.69
9.2097 14.6353 7.8839 21.02
5.0823 8.5437 9.0935 38.27
9.4172 17.5391 3.1798 5.60
8.8033 16.7495 9.2069 22.86
4.1160 8.4170 9.1078 40.06
9.6245 16.5865 4.4197 9.44
7.7230 13.7103 9.1435 26.68
3.7578 7.2137 9.0752 43.93
9.6137 15.4450 6.2061 15.28
6.3264 10.6133 9.1199 32.51
3.0864 5.6702 8.8715 49.73
9.6786 14.5603 8.6555 22.97
4.9081 7.8568 9.0902 40.21
9.6169 16.9556 4.4797 9.47
7.5831 13.7820 9.1488 26.71
3.7050 7.2749 9.0985 43.92
9.6251 15.7698 5.6130 13.33
6.7656 11.4982 9.1258 30.58
3.3747 6.2416 9.0787 47.82
9.5452 14.6122 7.2908 19.12
5.4196 8.7490 8.8259 36.34
9.5902 13.5002 4.0463 9.63
7.4963 10.9259 9.1168 30.68
3.7721 5.9454 9.0747 47.93
8.8437 14.9192 6.5818 17.13
5.6767 10.0171 9.1178 34.37
2.8323 5.5147 9.0647 51.60
9.2666 14.5442 8.5418 22.94
4.7654 7.9715 9.1007 40.20
9.5951 13.8101 4.6656 11.52
6.8031 10.2160 9.1018 32.59
3.4491 5.6304 9.0866 49.80
9.0700 12.3966 9.0406 26.87
4.2028 6.2137 9.0638 46.06
9.0055 14.3719 6.4787 17.17
5.9202 9.8636 9.1281 34.41
2.9546 5.4195 9.0519 51.64
8.6512 12.9771 9.1256 26.79
4.2522 6.8600 9.0705 44.05
10.9005 15.0104 9.1412 23.04
5.1738 7.5919 9.0561 40.28
9.5971 12.2313 4.9706 13.48
6.6321 8.8460 8.8968 34.59
3.4560 5.0168 9.0402 51.80
9.1633 13.9535 8.9844 24.87
4.5129 7.3554 9.0640 42.13
9.5972 13.4315 5.7811 15.37
5.8230 8.5855 8.9260 36.45
9.5614 12.4023 3.9148 9.70
6.5654 8.9257 8.9065 34.57
3.4066 5.0562 9.0496 51.83
9.6230 11.8551 9.0295 26.95
4.8148 6.3414 9.0430 44.22
11.8068 16.8381 9.1746 21.08
5.4507 8.2742 9.0970 38.33
9.5589 12.6627 4.4803 11.54
6.4183 8.9184 8.8356 34.56
3.3654 5.0990 9.0456 51.77
8.1191 10.3111 9.0853 30.77
4.1069 5.6380 9.0482 48.01
9.9714 11.6642 9.0911 27.01
4.9709 6.2088 9.0492 44.24
12.1490 16.4354 9.1450 21.12
5.6305 8.0996 9.0791 38.37
9.5558 12.0331 4.3911 11.58
7.9978 10.3786 9.0751 30.79
4.0638 5.6882 9.0561 47.99
9.8748 11.7819 9.0939 26.98
4.9135 6.2662 9.0537 44.24
11.1669 12.3322 9.0770 25.14
5.5191 6.4930 9.0764 42.36
9.5895 12.3558 5.5575 15.41
5.8082 7.9247 9.0658 38.41
9.5619 11.4773 4.8534 13.58
6.8662 8.5925 8.8774 34.64
3.5893 4.8884 9.0319 51.85
8.5444 9.7972 9.0437 30.85
4.3675 5.4025 9.0580 48.09
8.0382 8.6381 8.3499 30.91
4.5114 5.1969 9.0221 48.18
9.6112 11.8734 7.7894 23.15
5.5685 7.2646 9.0655 40.36
9.5686 10.9370 5.2929 15.54
6.7260 8.0310 9.0606 36.57
9.5456 10.1628 4.6414 13.67
6.9368 7.7288 9.0288 36.67
9.5295 9.4870 4.5337 13.71
8.3715 8.5704 9.0482 32.90
4.3108 4.7719 9.0388 50.11
9.0515 10.7424 9.0306 28.91
4.5768 5.8323 9.0243 46.16
9.1698 10.1538 8.8579 28.98
4.7717 5.6539 9.0393 46.22
8.6503 8.9267 7.1264 25.20
5.7102 6.1951 9.0217 42.44
9.3446 8.9083 5.8420 19.51
7.3641 7.2662 9.0370 36.75
9.5354 10.5499 4.1922 11.71
7.3652 8.4712 9.0627 34.70
3.7688 4.7148 9.0373 51.94
8.0753 8.5870 8.3560 30.95
4.5533 5.1827 9.0342 48.15
8.7489 8.5889 7.0653 25.26
5.8533 6.0365 9.0245 42.48
9.4809 8.6052 6.3133 21.48
6.9716 6.5967 9.0162 38.71
9.5405 10.0715 5.1166 15.56
6.4988 7.2178 9.0472 38.57
9.5672 9.4262 5.0199 15.65
8.4164 8.5274 9.0456 32.89
4.3359 4.7437 9.0333 50.10
9.1381 8.5640 8.2718 29.12
5.1827 5.1774 9.0274 46.35
9.6543 8.4316 9.0308 31.07
4.9494 4.6534 9.0006 48.33
8.4030 8.6058 7.4426 27.12
5.3513 5.7911 9.0405 44.37
7.6744 7.3461 5.8637 23.35
6.4057 6.3430 9.0430 40.57
9.5235 8.3629 5.7804 19.58
6.1241 5.7062 9.0267 42.56
11.5426 9.4698 9.0022 27.29
5.8500 5.1176 9.0045 44.53
8.9434 8.6352 6.1446 21.40
6.8138 6.8396 9.0364 38.65
9.5360 8.5276 5.3421 17.67
7.5798 7.0247 9.0478 36.79
9.5225 7.9307 4.7698 15.79
7.2332 6.2933 9.0332 38.76
9.5168 7.4104 5.5914 19.67
6.8851 5.6267 9.0124 40.75
9.4198 8.6154 5.8005 19.54
7.5069 7.1018 9.0374 36.76
9.5021 8.0638 4.7883 15.79
7.1688 6.3669 9.0326 38.77
9.5105 7.5478 5.6159 19.66
6.8395 5.7046 9.0184 40.74
9.5494 7.0683 6.0019 21.64
6.5124 5.0937 8.9872 42.67
11.3234 9.8542 9.0239 27.24
5.7301 5.3253 9.0304 44.48
7.7243 6.3898 6.4707 27.29
5.8882 5.0929 9.0182 44.53
10.1074 7.7064 9.0080 31.17
5.2203 4.2927 9.0077 48.42
9.5402 6.8082 8.9921 33.16
4.9690 3.8396 8.9993 50.38
8.4013 7.1278 9.0225 34.95
4.3504 4.0084 9.0133 52.18
7.9881 6.3468 8.9967 36.90
9.5073 6.7941 5.0328 17.81
7.5941 5.6522 8.9884 38.89
9.5215 6.3265 5.4021 19.79
6.7654 4.7530 9.0236 42.75
11.7227 9.2033 9.0157 27.36
5.9384 4.9821 8.9981 44.56
11.0099 8.0878 8.9860 29.31
5.6662 4.4596 8.9910 46.52
9.6274 6.6440 8.9841 33.18
5.0133 3.7514 8.9852 50.39
8.4451 5.4787 8.9658 37.07
9.5321 7.0904 5.0874 17.78
6.9823 5.4639 8.9999 40.76
9.5257 6.6155 5.8948 21.65
6.1953 4.5801 9.0023 44.68
10.5356 6.8312 8.9676 31.30
5.4838 3.8430 8.9956 48.54
9.5719 5.7937 8.6935 33.29
5.2064 3.4155 8.9962 50.50
8.8117 6.3903 8.9810 35.07
4.5847 3.6164 8.9793 52.30
7.7865 5.3155 8.9929 38.98
9.5190 5.7961 5.7494 21.76
7.9421 5.0143 8.9802 39.01
9.5176 5.3432 5.6786 21.84
7.0205 4.1664 8.9839 42.89
11.2808 7.5954 8.9798 29.38
5.8069 4.2003 8.9781 46.60
9.0588 5.7676 8.9177 35.16
4.7814 3.3181 8.9981 52.37
7.4973 4.5129 8.9896 40.98
8.9881 4.7964 6.2297 25.72
6.6168 3.7330 8.9818 44.86
10.5810 6.7810 8.9822 31.32
5.4922 3.8028 8.9853 48.56
8.5951 5.1977 8.9628 37.10
9.4991 5.1281 5.2145 19.94
7.5611 4.2916 8.9516 41.00
12.0032 5.9618 8.9468 29.57
6.2454 3.3543 8.9907 46.80
9.5358 5.7952 7.6248 29.43
5.9994 3.8849 8.9893 46.66
10.0842 5.6752 8.9590 33.32
5.2869 3.2327 8.9823 50.54
8.2324 4.3508 8.9667 39.13
9.5056 4.4234 5.5402 21.96
5.4831 2.8022 8.0145 46.84
10.0344 5.7723 8.9539 33.29
5.2658 3.2914 8.9999 50.56
8.8190 4.7330 8.9690 37.18
9.5165 4.5299 5.1437 20.02
7.2208 3.6543 8.9667 43.00
11.2978 4.9416 8.9352 31.56
5.7750 2.7651 8.7892 48.82
9.4270 5.1468 8.9628 35.27
4.7703 2.8612 8.7237 52.50
7.7167 3.9597 8.9584 41.05
9.4988 4.2574 5.9349 23.90
6.0645 2.9512 8.6533 46.87
9.0267 3.7739 8.8656 37.35
9.5099 4.7673 5.1695 19.98
7.1621 3.8099 8.9719 42.97
10.3775 4.8327 8.9260 33.44
5.2139 2.6676 8.6258 50.66
7.9020 3.4624 8.9617 41.16
11.4662 4.3291 8.9204 31.64
6.0274 2.5011 8.9664 48.90
8.9404 4.3370 8.9465 37.26
9.5156 4.0772 5.4951 21.98
6.0047 2.7904 8.0567 44.97
9.8326 3.8955 8.9201 35.45
5.1900 2.2803 8.9552 52.68
7.3395 2.7219 8.7848 43.15
11.2813 4.9928 8.9407 31.57
5.7892 2.8040 8.8170 48.80
8.5019 3.5288 8.9451 39.30
9.4727 3.4022 5.8160 24.01
6.4923 2.5417 8.9492 46.99
9.1208 2.9691 7.3043 31.71
6.1184 2.1705 8.9631 48.97
8.4931 3.6307 8.9557 39.25
9.5225 3.5303 5.8504 23.99
6.0309 2.4607 8.9481 48.87
9.9750 3.3676 8.9166 35.53
5.2819 1.9954 8.9642 52.76
9.1107 2.7480 8.7215 37.51
9.4746 3.6089 5.4309 22.07
6.7599 2.7768 8.7749 45.05
8.3669 2.9481 7.2818 33.61
5.6749 2.1752 8.9708 50.82
8.3228 2.6127 7.6406 35.57
5.2990 1.8442 8.9364 52.80
8.1800 2.2894 8.9344 41.38
11.5050 4.0657 8.9034 31.68
6.0545 2.3615 8.9436 48.90
8.6593 2.7942 7.4463 33.65
5.6973 2.0142 8.9466 50.86
9.1424 2.5897 8.2110 35.60
5.3436 1.7020 8.9532 52.84
7.6479 1.9542 8.9127 43.31
9.0052 2.9541 6.3697 27.88
7.0353 2.4632 8.9571 45.14
9.0208 2.6191 6.7640 29.86
6.5976 2.0702 8.9354 47.10
10.1344 2.5657 8.9074 35.64
3.0822 0.9885 5.8342 52.88
7.7078 1.7547 8.9349 43.34
8.7476 2.6289 6.1991 27.92
7.0718 2.2705 8.9466 45.17
10.8758 2.8414 8.9019 33.73
5.7759 1.7043 8.9566 50.93
8.2340 1.9364 8.9275 41.44
8.9532 1.6664 6.2286 28.07
6.7225 1.3985 8.9386 47.22
9.2995 2.5841 8.8369 37.53
9.4786 2.1725 5.3124 22.25
7.1527 1.8082 8.9272 45.24
10.1885 2.0238 8.8880 35.71
3.1018 0.8110 5.8212 52.95
8.3006 1.4100 8.9249 41.52
9.0161 2.2027 6.3066 28.03
6.6589 1.7877 8.9363 47.15
9.4639 2.0008 8.8820 37.60
9.4828 1.5639 5.2890 22.34
7.7126 1.4182 8.9059 43.42
11.8677 1.5364 8.8710 31.97
6.2780 0.9870 8.9204 49.23
8.8456 1.9994 8.9260 39.52
9.4676 1.6726 5.6808 24.25
7.1798 1.4187 8.8981 45.31
10.9821 1.5611 8.8690 33.90
5.8501 1.0092 8.9312 51.12
9.5411 1.0546 8.8831 37.76
9.4638 1.7598 5.2919 22.33
7.1911 1.5004 8.9272 45.32
10.9844 1.6818 8.8658 33.85
5.8506 1.0691 8.9319 51.08
9.5353 1.1549 8.8865 37.76
9.4754 0.7128 5.2786 22.48
8.2989 0.7449 8.8883 41.62
8.9516 1.4626 6.2179 28.10
6.7319 1.2465 8.9311 47.26
10.9987 1.3927 8.8618 33.88
5.8685 0.9110 8.9372 51.12
9.5410 0.9031 8.8779 37.78
9.4673 0.4647 5.2773 22.51
8.3090 0.5255 8.8954 41.66
8.9315 1.2221 6.1982 28.14
6.7468 1.0652 8.9229 47.27
11.0228 1.1052 8.8692 33.92
5.8608 0.7505 8.9153 51.15
9.5582 0.6527 8.8932 37.83
9.4600 0.2173 5.2787 22.54
8.2945 0.3054 8.8853 41.69
8.9426 0.9867 6.1983 28.17
7.2259 0.9194 8.9083 45.43
11.8476 0.8480 8.8525 32.07
6.3078 0.6104 8.9245 49.28
10.2188 0.4064 8.8512 35.92
3.1267 0.2806 5.8081 53.16
8.2883 0.0861 8.8874 41.72
8.9280 0.7501 6.1878 28.21
7.2606 0.7283 8.9298 45.44
11.8248 0.5383 8.8394 32.10
6.3016 0.4404 8.9152 49.31
10.2326 0.1387 8.8680 35.95
3.1252 0.1924 5.8086 53.19
8.8532 -0.1601 8.8716 39.84
9.4470 0.5176 5.6571 24.42
7.7497 0.5501 8.8957 43.57
7.5067 0.1937 5.7741 30.21
6.7481 0.2655 8.9108 47.46
9.4822 -0.1242 7.8467 34.07
5.8771 0.0571 8.9379 51.29
8.2359 -0.3500 8.8704 41.79
8.9602 0.2820 6.2163 28.31
7.2510 0.3407 8.9181 45.51
11.8208 -0.0778 8.8534 32.17
6.2910 0.1019 8.9133 49.38
8.8496 -0.3102 8.8755 39.85
7.5085 -0.5574 5.8122 30.31
6.6902 -0.4092 8.8978 47.56
10.2108 0.0775 8.8569 35.97
3.1133 0.1720 5.7942 53.21
7.7286 -0.1485 8.8938 43.65
10.8826 -0.7342 8.8412 34.16
5.8387 -0.2584 8.9324 51.38
8.1836 -0.7839 8.8725 41.85
9.4963 -0.2078 6.5143 28.34
7.2205 -0.0449 8.9044 45.57
10.1456 -0.5560 8.8467 36.04
3.1122 -0.0363 5.8082 53.26
7.6397 -0.6332 8.8729 43.77
10.0313 -1.2892 8.8411 36.12
3.0718 -0.2763 5.8041 53.38
7.7105 -0.2713 8.8939 43.70
10.8933 -0.9033 8.8524 34.14
5.8302 -0.3573 8.9292 51.38
7.6125 -0.8358 8.8698 43.78
9.9851 -1.5512 8.8444 36.15
3.0738 -0.3654 5.8281 53.41
7.6732 -0.4742 8.8791 43.73
10.8145 -1.1821 8.8277 34.17
5.7997 -0.5133 8.9180 51.41
7.5748 -1.0367 8.8679 43.81
9.8988 -1.8055 8.8226 36.18
3.0451 -0.4499 5.8132 53.44
7.6547 -0.6822 8.8857 43.75
10.0235 -1.3527 8.8411 36.12
3.0770 -0.2991 5.8142 53.38
7.0446 -1.1417 8.8859 45.75
8.9840 -1.8686 8.6868 38.13
9.4483 -1.2139 5.7375 24.62
6.6366 -0.7340 8.8909 47.61
8.6579 -1.3650 8.8561 40.01
11.3833 -2.3033 8.7951 32.37
6.1055 -1.1308 8.9094 49.61
7.4168 -1.7129 8.8698 43.90
9.9565 -1.5077 8.8221 36.16
3.0686 -0.3521 5.8147 53.39
7.0212 -1.2556 8.8830 45.75
8.5226 -1.9052 8.8416 40.04
10.3959 -2.7730 8.8129 34.37
3.1943 -0.7705 5.7837 51.56
7.5286 -1.2836 8.8706 43.83
9.8273 -2.1263 8.8282 36.21
3.0352 -0.5596 5.8350 53.48
6.4309 -1.5657 8.8776 47.75
8.9192 -2.6084 8.7983 38.19
9.4359 -1.9774 5.8108 24.70
6.5263 -1.2614 8.8871 47.69
7.9394 -1.8960 8.8699 41.99
11.1307 -3.1795 8.7965 32.44
5.9461 -1.6104 8.8797 49.69
9.3258 -3.0088 8.6625 36.27
5.1070 -1.5693 8.9095 53.54
6.4733 -1.4332 8.8778 47.71
7.8470 -2.0963 8.8418 42.01
9.4215 -2.9695 6.7967 28.61
6.7752 -2.0572 8.8725 45.88
8.4528 -2.9936 6.7207 30.57
5.8326 -1.9956 8.9036 49.75
7.3662 -1.8737 8.8625 43.91
10.2972 -3.1053 8.8135 34.38
3.1589 -0.8769 5.7839 51.61
9.2360 -3.1485 8.6416 36.30
5.0834 -1.6546 8.9185 53.55
7.5686 -2.8676 8.8425 42.10
11.1403 -3.2513 8.8117 32.43
5.9508 -1.6477 8.8938 49.68
9.0805 -2.9929 8.5014 36.32
5.0812 -1.5930 8.8914 53.56
8.0916 -2.9795 8.7911 40.18
11.4631 -4.7648 8.7698 30.61
6.0862 -2.4665 8.8608 47.87
9.3638 -2.9912 8.1807 34.38
5.5034 -1.6764 8.9148 51.63
8.4081 -3.0176 8.0400 36.32
5.0289 -1.7301 8.8901 53.58
7.0376 -2.7890 8.8694 44.03
9.7437 -4.3354 8.7894 34.50
5.2374 -2.2757 8.8900 51.72
8.5905 -2.9853 8.1628 36.34
5.0515 -1.6782 8.8914 53.57
7.0655 -2.7139 8.8632 44.01
9.8309 -4.2587 8.8039 34.44
5.2453 -2.2125 8.8667 51.72
6.6568 -3.1469 8.6843 44.08
11.6163 -4.4197 8.7796 30.61
6.1703 -2.2742 8.8638 47.85
7.9064 -3.3081 8.2580 38.29
9.4259 -4.4214 5.7847 22.98
6.4042 -2.9346 8.8678 45.99
8.8756 -4.5179 8.8160 36.39
4.7499 -2.3753 8.9062 53.66
7.0057 -2.8242 8.8531 44.02
9.7320 -4.3995 8.7952 34.49
5.2209 -2.3027 8.8839 51.72
7.2585 -3.5801 8.8529 42.13
10.8616 -5.9156 8.7648 30.68
5.5106 -2.9658 8.5388 47.95
8.5013 -3.7226 8.8239 38.30
11.1199 -5.4046 8.7604 30.67
5.9186 -2.8247 8.8642 47.92
8.7761 -4.6510 8.8062 36.43
4.7066 -2.4522 8.9081 53.69
6.5180 -3.7523 8.8464 44.12
9.6630 -4.5650 8.8066 34.51
5.1888 -2.3969 8.8960 51.71
7.6912 -3.9605 8.8457 40.28
10.7411 -6.0786 8.7568 30.71
5.5075 -3.0809 8.5997 47.96
7.8840 -4.8336 8.8187 38.38
11.9249 -6.0481 8.7458 28.74
6.0364 -3.0105 8.5702 46.03
9.3184 -5.1355 8.7822 34.54
5.0023 -2.7186 8.8825 51.77
6.9136 -4.1310 8.8292 42.18
9.4173 -6.1521 7.1054 26.91
6.2895 -4.0866 8.8365 44.16
10.1121 -5.4461 8.7856 32.59
5.4060 -2.8709 8.8874 49.86
7.4454 -4.3514 8.8307 40.32
10.4014 -6.6290 8.7652 30.75
5.2730 -3.3396 8.5292 47.99
8.1806 -5.6356 8.8155 36.47
4.2939 -2.9517 8.7868 53.74
6.5412 -3.7250 8.8523 44.11
8.9539 -5.5701 8.7246 34.57
4.7709 -2.9441 8.7788 51.80
7.1599 -4.8237 8.8408 40.33
11.6148 -8.4693 8.6985 26.93
6.0703 -4.4264 8.8526 44.18
8.9584 -5.4545 8.6799 34.55
4.5392 -2.7320 8.9021 53.71
7.7228 -5.0870 8.8219 38.40
8.9161 -6.3912 6.0446 23.09
6.5696 -4.6802 8.8485 42.22
9.7499 -7.5052 8.7472 30.76
5.1608 -3.9795 8.8410 48.03
9.4497 -6.0969 8.6441 32.64
4.9566 -3.1799 8.6217 49.91
7.5836 -5.2896 8.8240 38.41
11.5072 -8.6765 8.7215 26.95
5.9819 -4.5138 8.8333 44.18
8.8511 -7.1968 8.7654 32.71
4.7207 -3.8551 8.8711 49.95
7.6305 -5.2064 8.8209 38.43
8.8869 -6.5795 6.0832 23.09
6.4811 -4.7830 8.8497 42.26
9.6417 -7.6748 8.7696 30.80
5.1190 -4.0816 8.8752 48.04
7.7762 -6.6809 8.0242 32.72
4.6230 -3.9907 8.8858 49.96
8.0294 -5.8053 8.8115 36.52
4.0786 -2.9451 8.5445 53.75
6.3389 -4.9461 8.8377 42.28
10.1974 -8.5627 8.7433 28.85
5.3672 -4.5222 8.8683 46.13
9.8655 -8.9084 8.7400 28.89
5.1966 -4.7269 8.8667 46.11
8.4598 -6.4640 8.7998 34.60
4.2883 -3.2823 8.5255 51.85
6.6384 -5.4689 8.8246 40.39
11.7257 -10.3695 8.6980 25.06
6.0189 -5.3459 8.8379 42.26
9.3909 -8.9527 7.4358 25.03
5.8041 -5.5619 8.8365 42.30
9.5929 -7.7265 8.7655 30.80
5.0944 -4.1131 8.8705 48.02
8.6182 -7.4833 8.7713 32.72
4.6064 -4.0206 8.8920 49.96
8.3627 -7.8117 8.7884 32.72
4.4437 -4.1901 8.8852 49.98
8.0558 -8.0958 8.7765 32.74
4.2772 -4.3528 8.8769 49.98
8.1075 -6.9018 8.8032 34.62
4.3209 -3.6971 8.8907 51.87
7.8430 -7.1794 8.7985 34.64
4.1828 -3.8609 8.8946 51.88
7.5587 -7.4511 8.7747 34.62
4.0178 -4.0083 8.8739 51.90
7.2711 -7.7075 8.7784 34.68
3.8801 -4.1781 8.9032 51.90
7.3601 -6.6129 8.8064 36.56
3.4552 -3.1413 8.0512 53.79
7.1101 -6.8757 8.7964 36.54
3.7785 -3.6937 8.8905 53.81
6.8696 -7.1466 8.8135 36.56
3.6433 -3.8466 8.9063 53.82
6.6087 -7.3966 8.8092 36.54
3.4897 -3.9825 8.8938 53.81
7.1852 -6.8081 8.8093 36.57
3.8253 -3.6602 8.9032 53.80
6.9159 -7.0520 8.7858 36.55
3.6802 -3.8021 8.8984 53.82
6.6714 -7.3189 8.8092 36.58
3.5376 -3.9482 8.9025 53.80
6.4062 -7.5638 8.8025 36.54
3.3832 -4.0831 8.9001 53.81
7.0102 -7.0037 8.8105 36.55
3.7192 -3.7614 8.8966 53.81
6.7338 -7.2400 8.7951 36.56
3.5590 -3.8872 8.8667 53.82
6.4715 -7.4884 8.8044 36.58
3.4318 -4.0484 8.9070 53.81
6.6561 -8.2785 8.7922 34.69
3.5189 -4.4782 8.8839 51.91
7.3180 -7.6998 8.7882 34.65
3.8931 -4.1535 8.8866 51.88
7.0479 -7.9709 8.7976 34.65
3.7372 -4.3003 8.8918 51.90
6.7618 -8.2411 8.8094 34.66
3.5762 -4.4512 8.9020 51.90
6.8445 -8.9782 8.6853 32.76
3.6451 -4.8945 8.8604 50.00
7.6259 -8.4396 8.7378 32.72
4.0597 -4.5624 8.8748 49.98
7.3350 -8.7439 8.7688 32.75
3.9012 -4.7334 8.9029 49.99
7.2598 -9.3131 8.4611 30.85
3.9875 -5.2112 8.8708 48.07
7.8298 -10.7970 8.7587 28.91
4.0559 -5.7234 8.8360 46.13
7.9675 -9.2960 8.1556 28.89
4.5401 -5.3634 8.8684 46.16
8.9941 -11.2597 8.7317 27.02
4.6501 -5.9192 8.8597 44.26
9.1885 -12.3720 8.5829 25.09
4.7481 -6.5077 8.8359 42.32
8.5025 -12.3562 7.7693 23.16
4.8453 -7.1729 8.8477 40.41
9.3952 -11.4978 7.1287 21.28
5.8152 -7.1959 8.8323 38.50
9.3608 -12.3299 6.7594 19.32
5.9586 -7.9460 8.8173 36.56
3.0437 -4.1725 8.7045 53.83
6.0872 -8.7454 8.7909 34.63
3.2088 -4.7446 8.9130 51.91
5.9139 -9.1843 8.4406 32.75
3.2477 -5.1975 8.8749 49.99
7.5170 -9.7481 8.7590 30.84
3.9540 -5.2332 8.8662 48.06
7.7393 -10.8078 8.7341 28.91
4.0407 -5.7709 8.8749 46.16
7.9863 -12.0261 8.7317 27.00
4.0933 -6.3195 8.8436 44.24
7.5725 -12.3390 7.5388 23.15
4.4464 -7.4035 8.8214 40.40
9.0762 -12.3551 7.2958 21.22
5.4215 -7.4894 8.8214 38.50
8.3915 -12.3387 6.5600 19.32
5.5332 -8.2536 8.8140 36.56
2.8984 -4.4634 8.9072 53.83
6.0616 -9.7378 8.7874 32.74
3.1701 -5.2635 8.8897 49.99
6.6619 -11.5514 8.7440 28.90
3.4413 -6.1678 8.8638 46.12
8.2301 -11.8490 8.7275 27.00
4.2325 -6.2433 8.8587 44.23
7.9375 -12.3441 8.2361 25.10
4.2907 -6.8405 8.8438 42.32
7.3148 -12.3459 6.9161 21.24
4.6586 -8.0154 8.8287 38.51
6.7169 -12.3408 5.7112 17.38
4.8049 -8.9627 8.4529 34.67
2.6232 -5.1051 8.8951 51.89
5.9139 -9.0963 8.3864 32.72
3.2722 -5.1774 8.8667 49.98
6.8986 -11.4241 8.7533 28.91
3.5738 -6.0979 8.8827 46.16
6.8791 -12.3556 7.9735 25.07
3.8714 -7.1376 8.8614 42.27
6.3093 -12.3369 6.1753 19.30
4.4687 -8.9043 8.8048 36.52
2.3026 -4.8353 8.9101 53.79
6.0023 -9.7664 8.7770 32.72
3.1382 -5.2773 8.8782 49.97
6.6087 -11.6171 8.7602 28.90
3.4106 -6.1954 8.8807 46.15
6.4470 -12.3281 7.8619 25.07
3.6809 -7.2400 8.8569 42.27
5.9019 -12.3226 6.1036 19.30
4.1915 -8.9357 8.7301 36.51
2.1705 -4.8990 8.9042 53.78
5.7408 -9.9147 8.7684 32.72
2.9559 -5.2976 8.7885 49.99
6.3178 -11.8104 8.7668 28.88
3.2407 -6.2810 8.8639 46.13
6.0444 -12.3259 7.2041 23.12
3.4854 -7.3327 8.8473 42.26
5.5130 -12.3247 6.0428 19.29
3.9043 -8.9339 8.6347 36.50
2.0399 -4.9659 8.9079 53.77
5.4912 -10.0834 8.7797 32.71
2.8587 -5.4608 8.8970 49.98
6.1973 -12.3405 8.3914 26.97
3.2065 -6.6246 8.6477 44.21
5.6541 -12.3130 6.5917 21.23
3.8004 -8.4923 8.8312 38.48
5.1257 -12.2957 4.4877 13.51
4.7421 -11.4857 8.7758 30.76
2.4072 -6.1641 8.8667 48.03
6.3753 -12.3412 7.8450 25.05
3.3017 -6.6384 8.2168 42.28
5.8039 -12.3028 6.0791 19.28
4.1217 -8.9369 8.7130 36.53
2.1369 -4.8996 8.8883 53.80
4.8522 -11.4311 8.7833 30.80
2.4780 -6.1479 8.8828 48.04
4.7478 -12.3263 6.9662 23.09
2.9495 -7.9628 8.6523 40.35
5.9758 -12.3308 5.6012 17.39
4.4013 -9.2680 8.4951 34.62
2.3698 -5.2389 8.8924 51.88
3.0765 -7.2375 5.7058 28.87
2.7455 -6.5663 8.8973 46.12
4.8887 -12.2993 6.4602 21.21
3.3574 -8.7060 8.8383 38.46
4.3902 -12.2907 4.4146 13.48
4.1490 -11.7477 8.7816 30.74
2.0882 -6.3268 8.8971 48.01
5.5724 -12.3276 7.6663 25.03
3.2457 -7.4546 8.8543 42.27
5.0403 -12.2969 5.4562 17.34
4.0132 -9.9817 8.8284 34.62
2.0379 -5.4049 8.9003 51.85
4.5149 -12.3306 8.0240 26.94
2.5016 -7.1975 8.8676 44.17
4.0269 -12.3025 5.3395 17.33
2.8885 -9.1168 7.9891 34.61
1.6280 -5.5612 8.8939 51.82
3.2602 -7.9522 5.7266 26.95
2.8391 -7.0685 8.8792 44.19
4.6675 -12.3002 5.9091 19.25
3.3474 -9.0902 8.5778 36.50
1.7430 -5.0952 8.9098 53.76
4.1436 -12.3041 7.9421 26.92
2.3200 -7.2922 8.8899 44.16
3.6665 -12.2717 5.2913 17.31
3.0122 -10.3401 8.8136 34.59
1.4809 -5.6153 8.8979 51.81
3.0383 -8.0131 5.7092 26.94
2.6475 -7.1321 8.8615 44.18
4.3035 -12.3048 5.8554 19.22
3.1094 -9.1690 8.5766 36.52
1.6000 -5.1359 8.8940 53.77
3.7970 -12.3232 7.8986 26.94
2.1244 -7.3439 8.8721 44.14
3.3274 -12.2745 5.2597 17.31
2.7472 -10.4468 8.8265 34.57
1.3378 -5.6741 8.9064 51.76
4.4330 -12.3170 8.0007 26.93
2.4642 -7.2203 8.8735 44.17
3.9503 -12.2873 5.3238 17.31
3.2148 -10.2632 8.8110 34.61
1.6036 -5.5863 8.9153 51.82
3.4437 -12.2887 7.2720 24.96
2.0857 -7.9135 8.8544 42.21
2.9908 -12.2365 4.2876 13.43
2.9218 -12.1841 8.7999 30.71
1.4080 -6.5506 8.8957 47.96
4.0703 -12.2659 6.3162 21.14
2.8524 -8.9123 8.8449 38.45
3.6019 -12.2697 3.8926 11.57
3.5727 -12.3175 8.4083 28.81
1.8538 -6.9008 8.8713 46.03
3.1233 -12.2862 5.2375 17.27
2.5913 -10.5344 8.8421 34.53
1.2464 -5.7046 8.9159 51.77
2.6384 -12.2957 6.6660 23.04
1.7306 -8.6543 8.8752 40.25
3.7359 -12.2688 4.3558 13.48
3.6043 -11.9995 8.8147 30.73
1.7777 -6.4349 8.8903 47.98
3.2495 -12.2895 5.7387 19.23
2.4882 -9.7745 8.8486 36.48
1.1948 -5.3152 8.9400 53.69
2.7616 -12.2810 7.1762 24.92
1.6770 -8.0634 8.8811 42.18
2.3368 -12.2600 3.8107 11.51
2.2916 -12.3222 8.2135 28.74
1.1679 -7.1224 8.9058 45.98
3.3834 -12.2942 5.7518 19.22
2.5885 -9.7535 8.8462 36.45
1.2456 -5.2795 8.9124 53.70
2.9017 -12.3110 7.2138 24.95
1.7585 -8.0438 8.8820 42.18
2.4663 -12.2763 3.8204 11.52
2.4173 -12.2952 8.2133 28.74
1.2419 -7.1085 8.9090 45.99
1.9980 -12.2501 4.6764 15.30
1.8132 -11.5789 8.8347 32.55
0.8076 -6.2392 8.9039 49.81
3.0387 -12.2857 6.1942 21.10
2.0881 -8.9072 8.6519 38.40
2.5979 -12.2603 3.3825 9.60
2.5604 -12.3021 7.6880 26.83
1.4280 -7.5845 8.8981 44.06
2.1352 -12.2720 4.2450 13.41
2.0857 -12.3284 8.7575 30.66
0.9589 -6.6764 8.9097 47.90
1.6744 -12.2464 4.6559 15.28
1.5105 -11.6119 8.8179 32.53
0.6453 -6.2881 8.9253 49.79
2.7002 -12.2761 6.1599 21.10
1.8428 -8.9134 8.6012 38.37
2.2303 -12.0547 2.9008 7.65
2.2292 -12.2859 7.1229 24.92
1.3368 -8.1499 8.8828 42.14
1.8122 -12.2641 3.7839 11.48
1.7605 -12.2992 8.1369 28.71
0.8662 -7.1812 8.9018 45.95
1.3667 -12.2811 4.2041 13.36
1.3026 -12.3025 8.6579 30.62
0.5349 -6.7483 8.9110 47.88
2.3658 -12.2568 5.1723 17.27
1.9780 -10.6823 8.8390 34.51
0.9064 -5.7940 8.9184 51.74
1.9158 -12.2869 6.0908 21.06
1.2686 -8.9635 8.5317 38.31
1.5054 -12.2306 2.4783 5.71
1.4528 -12.2698 6.5373 22.95
0.9167 -8.8299 8.8784 40.18
1.0396 -12.0436 2.8619 7.59
1.0034 -12.2724 7.0135 24.86
0.5271 -8.2996 8.8957 42.09
2.0660 -12.2707 3.7884 11.45
2.0088 -12.2686 8.1444 28.71
1.0070 -7.1489 8.9006 45.98
1.6070 -12.2279 4.2017 13.36
1.5583 -12.3027 8.6816 30.63
0.6728 -6.7399 8.9174 47.86
1.1575 -12.2429 4.6334 15.27
1.0373 -11.7274 8.8422 32.50
0.3729 -6.3259 8.9235 49.77
0.7211 -12.2640 4.6163 15.22
0.6115 -11.7893 8.8460 32.47
0.1443 -6.3485 8.9152 49.73
1.7127 -12.2407 5.5783 19.12
1.1504 -9.0869 8.1152 36.38
0.5304 -5.4460 8.9134 53.64
1.2704 -12.2889 6.0442 21.02
0.7907 -8.9551 8.4606 38.27
0.8790 -12.2209 2.0421 3.76
0.8184 -12.2404 5.9976 20.98
0.4693 -8.9607 8.4303 38.23
0.4381 -12.2061 2.0315 3.72
0.3764 -12.2597 5.9777 20.92
0.1505 -9.2283 8.6189 38.21
1.4298 -12.2210 2.4726 5.70
1.3798 -12.2554 6.5277 22.95
0.8659 -8.8459 8.8888 40.19
0.9668 -12.0350 2.8549 7.57
0.9355 -12.2911 7.0142 24.84
0.4806 -8.3135 8.8967 42.06
0.5339 -12.0162 2.8492 7.58
0.4905 -12.2643 6.9707 24.79
0.1803 -8.3522 8.9042 42.04
0.1117 -12.0226 2.8339 7.52
0.0523 -12.2713 6.9656 24.79
-0.1244 -8.3670 8.9029 42.02
1.1078 -12.2227 3.3109 9.50
1.0533 -12.2966 7.5355 26.74
0.5030 -7.7501 8.8960 44.00
0.6668 -12.2169 3.2985 9.48
0.6116 -12.2861 7.4999 26.71
0.2209 -7.7942 8.9000 43.94
0.2302 -12.2208 3.2923 9.47
0.1655 -12.2633 7.4824 26.73
-0.0622 -7.8141 8.9034 43.93
-0.1951 -12.0272 2.8284 7.49
-0.2631 -12.2750 6.9585 24.77
-0.3428 -8.3828 8.9089 42.00
0.7785 -12.0298 2.8598 7.61
0.7404 -12.2638 6.9902 24.83
0.3523 -8.3387 8.9046 42.04
0.3471 -12.0077 2.8380 7.54
0.2990 -12.2681 6.9660 24.78
0.0465 -8.3665 8.9050 42.01
-0.0807 -12.0081 2.8344 7.53
-0.1410 -12.2623 6.9461 24.74
-0.2561 -8.3783 8.9025 41.99
-0.4996 -12.2201 2.4353 5.58
-0.5723 -12.2570 6.4444 22.81
-0.5681 -8.8877 8.8313 40.07
0.4847 -12.2164 2.4504 5.64
0.4259 -12.2560 6.4780 22.91
0.1711 -8.9022 8.8651 40.12
0.0612 -12.2288 2.4462 5.63
-0.0169 -12.2541 6.4463 22.82
-0.1562 -8.8674 8.8140 40.07
-0.3697 -12.2261 2.0183 3.66
-0.4410 -12.2619 5.9632 20.89
-0.4694 -9.2291 8.5918 38.14
-0.7988 -12.1948 1.5900 1.69
-0.8663 -12.2685 5.4991 18.97
-0.8515 -10.3155 8.8967 36.20
-0.6689 -5.5672 8.9504 53.43
0.1250 -12.2138 5.4888 19.01
-0.0086 -10.2654 8.8668 36.25
-0.1993 -5.5453 8.9245 53.50
-0.2982 -12.2468 5.0339 17.07
-0.3743 -11.0555 8.8809 34.34
-0.4004 -5.9739 8.9410 51.55
-0.7293 -12.2453 4.5797 15.13
-0.7924 -11.9043 8.8709 32.36
-0.6358 -6.3951 8.9341 49.62
-1.1516 -12.2091 4.1264 13.18
-1.2417 -12.2674 8.5405 30.43
-0.8990 -6.8343 8.9217 47.67
-0.1577 -12.2101 3.6969 11.30
-0.2298 -12.2794 7.9906 28.55
-0.3223 -7.3167 8.9087 45.81
-0.5831 -12.2317 3.2738 9.39
-0.6539 -12.2741 7.4531 26.61
-0.5979 -7.8527 8.9185 43.85
-1.0004 -12.0071 2.8200 7.46
-1.0864 -12.2534 6.9325 24.66
-0.9148 -8.4091 8.9285 41.91
-1.4306 -12.2015 1.9963 3.55
-1.5124 -12.2365 5.9569 20.81
-1.2907 -9.2226 8.5990 38.03
-0.4245 -12.1995 1.6046 1.75
-0.5018 -12.2487 5.4868 18.96
-0.5417 -10.3083 8.8883 36.22
-0.4949 -5.5683 8.9443 53.45
-0.9253 -12.2356 5.0231 17.02
-0.9466 -11.0581 8.8802 34.28
-0.7174 -5.9781 8.9482 51.50
-1.3549 -12.2083 4.5673 15.08
-1.4113 -11.9301 8.8971 32.31
-0.9727 -6.3741 8.9248 49.57
-1.7739 -12.2013 3.6912 11.21
-1.8718 -12.2758 8.0084 28.44
-1.3052 -7.2441 8.8660 45.67
-0.7708 -12.2252 3.2677 9.36
-0.8479 -12.2433 7.4432 26.62
-0.7219 -7.8405 8.9136 43.85
-1.1875 -12.0195 2.8082 7.39
-1.2763 -12.2298 6.9257 24.65
-1.0501 -8.4075 8.9299 41.88
-1.6173 -12.2004 1.9978 3.55
-1.7045 -12.2636 5.9667 20.78
-1.3989 -8.9460 8.3920 38.03
-2.0417 -12.2055 1.1594 -0.31
-2.1207 -12.2200 5.0306 16.92
-2.0338 -11.0269 8.9095 34.19
-1.3066 -5.8789 8.8756 51.37
-1.1128 -12.2221 4.5685 15.09
-1.1739 -11.9146 8.8841 32.34
-0.8418 -6.3887 8.9229 49.55
-1.5358 -12.2258 3.6907 11.21
-1.6207 -12.2562 7.9927 28.47
-1.1573 -7.2486 8.8583 45.70
-1.9293 -12.0169 2.8146 7.37
-2.0343 -12.2112 6.9350 24.58
-1.5758 -8.3813 8.9456 41.82
-2.3777 -12.1947 1.9880 3.48
-2.4695 -12.2299 5.9706 20.68
-1.9733 -8.9498 8.4471 37.97
-1.3561 -12.1899 1.1630 -0.29
-1.4432 -12.2399 5.0296 17.00
-1.4131 -11.0596 8.8862 34.22
-0.9747 -5.9578 8.9426 51.47
-1.8559 -12.2360 4.1299 13.09
-1.9482 -12.2755 8.5678 30.36
-1.2949 -6.7660 8.8744 47.59
-2.2813 -12.2172 3.2679 9.26
-2.3680 -12.2210 7.4838 26.51
-1.7083 -7.8062 8.9518 43.72
-2.6992 -12.1700 2.4092 5.38
-2.8065 -12.2603 6.4981 22.61
-2.2073 -8.8657 8.9220 39.87
-1.6692 -12.1753 1.5828 1.65
-1.7659 -12.2690 5.4963 18.85
-1.6137 -10.2927 8.9042 36.11
-1.0860 -5.5337 8.9444 53.37
-2.1804 -12.2116 4.5783 15.01
-2.2242 -11.8626 8.8988 32.24
-1.4119 -6.3498 8.9398 49.47
-2.6150 -12.2368 3.7049 11.13
-1.9050 -8.1043 5.7636 28.35
-1.8143 -7.2492 8.9371 45.59
-2.9946 -12.0090 2.8099 7.25
-3.1340 -12.2192 7.0104 24.50
-2.3161 -8.2635 8.9472 41.75
-2.0045 -12.1763 1.9825 3.48
-2.0834 -12.2119 5.9588 20.75
-1.6846 -8.9188 8.3983 38.02
-2.4264 -12.1991 1.1472 -0.36
-2.5106 -12.2211 5.0395 16.88
-2.3859 -10.9991 8.9174 34.14
-1.5093 -5.9169 8.9627 51.35
-2.9431 -12.2211 4.1491 13.01
-1.9918 -7.4717 5.7796 30.25
-1.8683 -6.5705 8.7548 47.49
-3.3712 -12.1904 3.2680 9.12
-3.4926 -12.2652 7.5776 26.36
-2.3982 -7.6747 8.9453 43.62
-2.3317 -12.1869 2.4124 5.42
-2.4211 -12.2298 6.4701 22.66
-1.9243 -8.8711 8.8885 39.89
-2.7498 -12.1804 1.5521 1.49
-2.8474 -12.2170 5.5071 18.73
-2.5164 -10.1770 8.9087 36.03
-1.5915 -5.4947 8.9854 53.27
-3.2801 -12.2065 4.6075 14.90
-3.2643 -11.7419 8.9218 32.13
-1.9862 -6.2710 8.9682 49.39
-3.7239 -12.2192 3.7280 11.03
-3.8393 -12.2494 8.1545 28.25
-2.4616 -7.1300 8.9462 45.47
-2.6210 -11.9964 2.8101 7.30
-2.7485 -12.2179 6.9798 24.53
-2.0552 -8.2952 8.9312 41.77
-3.0948 -12.2000 2.4096 5.34
-3.2050 -12.2259 6.5091 22.57
-2.3659 -8.2645 8.9481 41.71
-3.5425 -12.1798 1.9775 3.37
-3.6481 -12.2139 6.0398 20.60
-2.9115 -9.1729 8.7478 37.84
-3.9868 -12.1708 1.1152 -0.49
-4.0949 -12.2196 5.1164 16.73
-3.7494 -10.7516 8.9379 34.00
-2.2557 -5.7623 8.9656 51.18
-3.0170 -12.2174 4.1483 12.99
-2.0482 -7.5259 5.8163 30.24
-1.9516 -6.7437 8.9578 47.48
-3.4492 -12.1991 3.2733 9.13
-3.5526 -12.2372 7.5686 26.35
-2.4448 -7.6757 8.9476 43.58
-3.8853 -12.1717 2.4069 5.26
-3.9966 -12.2098 6.5661 22.49
-3.0454 -8.7309 8.9460 39.71
-4.3425 -12.1783 1.5328 1.35
-4.4458 -12.2091 5.6130 18.60
-3.7943 -9.9630 8.9461 35.81
-2.2788 -5.3131 8.9557 53.07
-3.3538 -12.2021 4.6067 14.88
-3.3365 -11.7272 8.9246 32.13
-2.0237 -6.2661 8.9696 49.37
-3.7983 -12.2002 3.7199 10.99
-3.9115 -12.2383 8.1618 28.26
-2.5067 -7.1253 8.9572 45.48
-4.2339 -12.1583 2.8381 7.11
-4.3609 -12.2424 7.1294 24.36
-3.1023 -8.1107 8.9709 41.60
-4.6936 -12.1623 1.9645 3.23
-4.8166 -12.2061 6.1325 20.45
-3.6879 -8.8508 8.6699 37.74
-3.5978 -12.1866 1.1140 -0.50
-3.7043 -12.2055 5.0889 16.77
-3.4193 -10.8185 8.9245 34.02
-2.0764 -5.8046 8.9659 51.24
-4.1418 -12.2015 4.1863 12.89
-4.2590 -12.2274 8.7716 30.14
-2.5599 -6.6218 8.9732 47.34
-4.6039 -12.2055 3.3063 9.03
-4.7179 -12.2215 7.7153 26.29
-3.1208 -7.4854 8.9470 43.49
-5.0602 -12.1795 2.4179 5.15
-5.1901 -12.2244 6.7095 22.40
-3.8226 -8.5013 8.9520 39.60
-3.9368 -12.1915 1.5477 1.43
-4.0497 -12.2150 5.5877 18.65
-3.1695 -9.0180 8.1731 35.87
-2.1166 -5.3795 8.9819 53.12
-4.5075 -12.2294 4.6787 14.79
-4.3796 -11.5087 8.9482 32.01
-2.5796 -6.1188 8.9664 49.25
-4.9522 -12.1656 3.7611 10.90
-5.1004 -12.2511 8.3325 28.12
-3.1344 -6.9330 8.9518 45.36
-5.3571 -12.0046 2.8441 7.01
-5.5655 -12.2234 7.2903 24.27
-3.8109 -7.8516 8.9567 41.50
-4.3049 -12.2057 1.9653 3.26
-4.3981 -12.2040 6.1004 20.53
-3.4511 -9.0574 8.7730 37.79
-4.7382 -12.1480 1.0921 -0.59
-4.8659 -12.2212 5.1703 16.65
-4.3767 -10.5895 8.9482 33.91
-2.5950 -5.6599 8.9734 51.12
-5.3295 -12.1915 4.2482 12.78
-5.4482 -12.1728 8.9419 30.02
-3.1410 -6.4207 8.9706 47.25
-5.8043 -12.1694 3.3349 8.88
-5.9556 -12.2189 7.8937 26.12
-3.7977 -7.2733 8.9783 43.37
-4.6512 -12.1769 2.4087 5.17
-4.7695 -12.2175 6.6572 22.44
-3.5607 -8.6065 8.9736 39.67
-5.1041 -12.1616 1.5156 1.25
-5.2301 -12.1953 5.6730 18.50
-4.3662 -9.7610 8.9512 35.80
-2.5975 -5.2167 8.9812 53.03
-5.7062 -12.1797 4.7477 14.66
-5.3895 -11.1910 8.9592 31.89
-3.1205 -5.9081 8.9527 49.15
-6.1969 -12.1709 3.8288 10.79
-6.3653 -12.2394 8.5622 28.01
-3.7616 -6.7153 8.9750 45.23
-4.9342 -11.9766 2.8403 7.09
-5.1301 -12.2073 7.2177 24.30
-3.5733 -7.9675 8.9734 41.52
-5.4890 -12.1682 1.9677 3.18
-5.6038 -12.1919 6.2249 20.41
-4.2676 -8.8237 8.7966 37.66
-5.9680 -12.1579 1.0618 -0.70
-6.0997 -12.1952 5.2700 16.51
-5.3304 -10.2949 8.9756 33.76
-3.1072 -5.4750 8.9888 51.00
-6.6074 -12.1976 4.3331 12.63
-6.5312 -11.7750 8.9640 29.90
-3.7157 -6.1830 8.9793 47.14
-5.3763 -12.1732 3.3192 8.93
-5.5178 -12.2259 7.8235 26.16
-3.5639 -7.3517 8.9659 43.41
-5.8546 -12.1625 2.4259 5.08
-6.0254 -12.2429 6.8144 22.26
-4.3195 -8.3211 8.9591 39.52
-6.3403 -12.1280 1.5060 1.17
-6.5060 -12.2045 5.8342 18.43
-5.1015 -9.1701 8.7443 35.65
-3.0677 -5.0223 8.9814 52.90
-7.0293 -12.1837 5.3745 16.45
-5.9728 -10.0099 8.9845 33.70
-3.4487 -5.3019 8.9825 50.94
-5.7710 -12.1692 4.2699 12.72
-5.8476 -12.0572 8.9590 29.97
-3.3597 -6.3584 8.9945 47.21
-6.2667 -12.1667 3.3569 8.85
-6.4079 -12.2028 7.9674 26.07
-4.0365 -7.1833 8.9814 43.30
-6.6811 -11.9440 2.8819 6.90
-6.9470 -12.2051 7.5034 24.11
-4.5551 -7.5476 8.9660 41.35
-7.3200 -12.1298 2.4477 4.94
-7.5056 -12.2099 7.0515 22.16
-5.1584 -7.9745 9.0045 39.41
-6.0538 -12.1567 1.5162 1.22
-6.2106 -12.2155 5.7922 18.43
-4.8706 -9.1780 8.6845 35.68
-2.9615 -5.0769 8.9913 52.94
-6.7315 -12.2141 5.3439 16.46
-5.7658 -10.1093 8.9923 33.75
-3.3373 -5.3599 8.9825 50.96
-7.2680 -12.1906 4.8943 14.51
-6.5622 -10.7100 8.9799 31.74
-3.7528 -5.6421 8.9817 49.00
-7.8207 -12.1773 4.4321 12.52
-7.4707 -11.3553 8.9870 29.79
-4.2230 -5.9592 9.0180 47.03
-6.5126 -12.1942 3.3753 8.84
-6.6732 -12.2478 8.0459 26.07
-4.1559 -7.1381 8.9951 43.30
-6.9258 -11.9578 2.8790 6.83
-7.1853 -12.1912 7.5493 24.11
-4.6973 -7.5201 8.9987 41.32
-7.6022 -12.1812 2.4546 4.90
-7.7464 -12.1835 7.0841 22.13
-5.2799 -7.9046 8.9900 39.35
-8.1709 -12.1573 1.9691 2.91
-8.3574 -12.2140 6.6459 20.17
-5.9369 -8.3031 8.9893 37.39
-6.8079 -12.1222 1.5049 1.15
-6.9888 -12.2017 5.8856 18.35
-5.4435 -9.1269 8.8164 35.59
-3.2323 -4.9486 8.9816 52.83
-7.5230 -12.1759 5.4300 16.40
-6.2959 -9.8502 8.9887 33.66
-3.6367 -5.2355 9.0152 50.88
-8.1028 -12.1753 4.9813 14.44
-7.1321 -10.4249 8.9900 31.66
-4.0581 -5.4829 8.9931 48.92
-8.6836 -12.1533 4.5105 12.44
-8.0964 -11.0568 9.0128 29.70
-4.5275 -5.7523 9.0001 46.96
-7.3177 -12.1695 3.8977 10.67
-7.4971 -12.2275 8.8004 27.88
-4.2851 -6.5059 9.0194 45.13
-7.8654 -12.1404 3.4390 8.72
-8.0646 -12.2289 8.3275 25.92
-4.7871 -6.8087 8.9894 43.16
-8.3422 -11.9632 2.9477 6.75
-8.6640 -12.2210 7.8600 23.95
-5.3637 -7.1522 9.0036 41.20
-8.9443 -11.9420 2.9659 6.68
-9.2854 -12.1868 7.9988 23.93
-5.6173 -6.9672 8.9943 41.17
-7.6899 -12.1639 2.4542 4.89
-7.8437 -12.1881 7.1127 22.15
-5.3283 -7.8799 8.9954 39.36
-8.2611 -12.1453 1.9647 2.89
-8.4396 -12.2077 6.6559 20.15
-5.9876 -8.2782 8.9965 37.39
-8.8866 -12.1599 1.9781 2.87
-9.0766 -12.2017 6.7676 20.09
-6.2981 -8.1083 9.0105 37.34
-9.5256 -12.1290 1.9718 2.78
-9.7463 -12.1955 6.8989 20.05
-6.6064 -7.9100 9.0125 37.27
-8.0705 -12.1632 1.4896 1.04
-8.2364 -12.1794 6.0578 18.24
-6.2051 -8.8207 8.8839 35.49
-3.6373 -4.7468 9.0072 52.71
-8.8805 -12.2090 6.1615 18.16
-6.6133 -8.7456 8.9949 35.46
-3.8122 -4.6292 9.0078 52.69
-9.5235 -12.1891 6.2809 18.17
-6.9483 -8.5458 8.9979 35.38
-3.9897 -4.5142 9.0113 52.63
-10.1924 -12.1678 6.3901 18.10
-7.2619 -8.3342 9.0074 35.34
-4.1587 -4.3937 9.0050 52.54
-8.6939 -12.2075 5.5987 16.32
-6.7606 -9.1648 8.7372 33.53
-4.0079 -5.0280 9.0245 50.77
-9.3076 -12.1836 5.6722 16.23
-7.1660 -9.0488 8.8281 33.52
-4.1867 -4.8974 9.0147 50.73
-9.9692 -12.1579 5.7647 16.17
-7.5055 -8.8271 8.8207 33.42
-4.3656 -4.7610 9.0014 50.66
-10.3702 -11.7837 5.7447 16.14
-8.0350 -8.8259 9.0276 33.36
-4.5521 -4.6343 9.0114 50.58
-9.1272 -12.1665 5.6503 16.28
-7.0957 -9.1381 8.8403 33.49
-4.1382 -4.9325 9.0161 50.74
-9.8056 -12.2003 5.7549 16.20
-7.3654 -8.8340 8.7792 33.46
-4.3138 -4.7982 9.0005 50.67
-10.3554 -12.0068 5.7890 16.13
-7.8788 -8.8192 8.9616 33.38
-4.4902 -4.6586 8.9934 50.62
-10.3497 -11.1485 6.1454 18.02
-7.7417 -8.0402 9.0340 35.21
-4.3920 -4.2021 8.9987 52.46
-9.6247 -12.1839 6.2899 18.14
-7.0134 -8.5314 9.0160 35.37
-4.0217 -4.5012 9.0137 52.59
-10.3222 -12.1825 6.4108 18.07
-7.3214 -8.3114 9.0167 35.32
-4.1980 -4.3829 9.0279 52.54
-10.3451 -11.3685 6.1992 18.03
-7.6476 -8.0938 9.0312 35.26
-4.3510 -4.2444 9.0157 52.51
-10.3690 -10.5881 6.5462 19.87
-7.4431 -7.2995 9.0369 37.12
-9.9281 -12.1296 1.9821 2.77
-10.1369 -12.1756 6.9699 20.01
-6.7772 -7.7860 9.0130 37.24
-10.4144 -11.8682 1.9728 2.72
-10.3525 -11.5705 6.8389 19.98
-7.0715 -7.5756 9.0199 37.19
-10.3912 -10.9964 2.4379 4.61
-10.3039 -10.6986 7.1297 21.81
-6.9107 -6.8629 9.0397 39.04
-10.3817 -10.2123 2.8551 6.43
-9.4665 -9.1042 6.9333 23.66
-6.7304 -6.1855 9.0468 40.91
-10.2050 -11.8026 3.0155 6.58
-10.3185 -11.7402 8.0881 23.82
-6.1140 -6.5760 8.9629 41.04
-10.3755 -11.1595 3.4680 8.42
-6.7857 -6.9856 5.8593 25.67
-6.0218 -5.9973 9.0321 42.91
-10.3766 -10.3801 3.8677 10.27
-6.6867 -6.3957 5.9943 27.54
-5.8553 -5.3907 9.0155 44.80
-10.3614 -9.6286 4.2426 12.14
-10.0359 -9.1364 8.7999 29.38
-5.6966 -4.8482 9.0094 46.63
-10.3519 -11.2990 4.5377 12.26
-9.4945 -10.1285 9.0356 29.53
-5.2691 -5.2493 9.0225 46.74
-10.3718 -10.5346 4.9235 14.14
-6.7334 -6.5193 7.3038 33.27
-4.8407 -4.4126 9.0357 50.51
-10.3616 -9.7665 5.7899 17.91
-8.3067 -7.5712 9.0526 35.14
-4.7031 -3.9547 9.0370 52.39
-10.0502 -8.7900 5.9752 19.75
-8.0306 -6.7802 9.0486 37.00
-10.3884 -10.8753 2.4218 4.57
-10.3151 -10.5908 7.0963 21.79
-6.9384 -6.8051 9.0201 39.03
-10.3899 -10.1019 2.8428 6.41
-9.4187 -8.9538 6.8768 23.68
-6.7590 -6.1487 9.0303 40.87
-10.0545 -9.0766 3.1772 8.27
-9.9003 -8.7630 7.4799 25.52
-6.5720 -5.5287 9.0506 42.77
-10.3648 -8.7102 3.6289 10.16
-10.3182 -8.5036 8.0814 27.38
-6.3671 -4.9434 9.0440 44.63
-10.3785 -10.2269 4.3491 12.18
-9.1515 -8.7945 8.3287 29.44
-5.5370 -4.9938 9.0032 46.66
-10.3397 -9.4808 4.7084 14.05
-9.7036 -8.6903 9.0621 31.27
-5.4112 -4.5132 9.0434 48.50
-10.2648 -8.7454 5.0257 15.88
-9.3303 -7.7460 9.0569 33.14
-5.2367 -4.0301 9.0353 50.37
-10.3327 -8.1609 5.8823 19.67
-8.3851 -6.3959 9.0409 36.92
-10.4040 -9.8351 2.3426 4.49
-9.8496 -9.1102 6.5214 21.71
-7.3138 -6.4939 9.0350 38.95
-10.1554 -8.9049 2.7111 6.33
-10.2130 -8.7981 7.0599 23.60
-7.0923 -5.8374 9.0361 40.79
-10.3614 -8.4431 3.5890 10.13
-10.3059 -8.2297 7.9841 27.38
-6.4430 -4.8524 9.0464 44.64
-10.3775 -7.8270 4.4091 13.91
-10.2817 -7.5917 8.8473 31.11
-5.8492 -4.0201 9.0345 48.37
-10.1305 -8.9708 5.0559 15.94
-9.1860 -7.9248 9.0740 33.17
-5.1526 -4.1206 9.0401 50.41
-10.3159 -8.4750 5.9650 19.73
-8.2416 -6.5397 9.0353 36.95
-10.3473 -8.0248 2.6472 6.26
-10.3211 -7.8563 6.7992 23.49
-7.4650 -5.4290 9.0434 40.73
-10.3655 -7.4457 3.4560 10.03
-10.3031 -7.2521 7.6392 27.27
-6.7737 -4.5013 9.0579 44.50
-10.3513 -8.7472 4.0942 12.06
-10.2987 -8.5344 8.6640 29.32
-5.9687 -4.6334 9.0508 46.54
-10.3579 -8.1184 4.9210 15.84
-9.6721 -7.3931 9.0561 33.06
-5.4082 -3.8305 9.0260 50.31
-10.3157 -7.4765 5.7111 19.61
-8.6747 -6.0873 9.0501 36.85
-10.3586 -7.0801 2.5596 6.14
-10.3209 -6.9171 6.5262 23.38
-7.8203 -5.0174 9.0518 40.63
-10.3492 -8.3369 3.5759 10.13
-10.2940 -8.1223 7.9374 27.36
-6.4925 -4.8387 9.0651 44.60
-10.3358 -7.7048 4.3775 13.89
-10.2997 -7.5148 8.8265 31.10
-5.8915 -4.0048 9.0517 48.33
-10.3305 -7.1226 5.1703 17.66
-9.4755 -6.3514 9.0669 34.89
-5.1553 -3.1687 8.7899 52.14
-10.3248 -6.5647 5.9626 21.44
-8.5015 -5.2049 9.0635 38.67
-10.1692 -7.7802 3.0403 8.16
-10.2991 -7.7339 7.2713 25.40
-7.0387 -5.0195 9.0432 42.63
-10.3703 -7.3444 3.8749 11.92
-10.3208 -7.1556 8.1382 29.14
-6.3785 -4.1547 9.0426 46.39
-10.3424 -6.7669 4.6478 15.68
-10.2768 -6.5721 9.0185 32.94
-5.1373 -2.9991 8.1435 50.17
-10.3263 -6.2234 5.4245 19.47
-9.2460 -5.3979 9.0755 36.72
-10.3592 -7.5387 2.6041 6.21
-9.7757 -6.9675 6.3663 23.45
-7.6559 -5.2301 9.0550 40.67
-10.3542 -6.9594 3.3932 9.98
-10.2823 -6.7729 7.4667 27.19
-6.9463 -4.3263 9.0836 44.45
-10.3607 -6.4240 4.1649 13.74
-10.2935 -6.2386 8.3509 31.00
-6.2596 -3.5390 9.0708 48.23
-10.3353 -5.8811 5.3543 19.43
-9.3992 -5.1821 9.0786 36.68
-10.3656 -7.1505 2.5704 6.17
-10.3086 -6.9821 6.5462 23.41
-7.8035 -5.0542 9.0593 40.63
-10.3641 -6.5938 3.3477 9.93
-10.2902 -6.4130 7.3643 27.19
-7.0491 -4.1537 9.0655 44.41
-10.3328 -6.0418 4.5163 15.60
-10.2986 -5.8809 8.7660 32.86
-5.8403 -3.0744 8.8865 50.09
-10.2912 -5.5032 5.7044 21.31
-8.7268 -4.4896 8.8897 38.55
-10.3475 -6.7466 2.9445 8.03
-10.3048 -6.5826 6.9197 25.28
-7.4370 -4.5169 9.0411 42.51
-10.3585 -6.2184 3.7178 11.82
-10.2936 -6.0416 7.7458 29.02
-6.7309 -3.7140 9.0657 46.27
-10.3316 -5.6864 4.8845 17.50
-10.1457 -5.4373 9.0717 34.73
-5.6744 -2.7829 9.0546 51.98
-10.2959 -5.1662 6.0721 23.18
-8.4876 -4.0795 9.0734 40.42
-10.3277 -6.3587 3.3179 9.93
-10.3232 -6.2163 7.3151 27.15
-7.1132 -4.0528 9.0615 44.39
-10.3421 -5.8340 4.4895 15.60
-10.2825 -5.6604 8.6800 32.84
-5.9034 -2.9964 8.8992 50.06
-10.3236 -5.3167 5.6718 21.28
-8.7909 -4.3621 8.8756 38.51
-10.1338 -4.8538 3.1226 9.75
-10.3020 -4.8242 6.9105 26.98
-6.7381 -2.9425 8.1752 44.22
-10.3371 -5.9627 4.5102 15.62
-10.2805 -5.7886 8.7229 32.85
-5.8634 -3.0432 8.8907 50.08
-10.3310 -5.4531 5.7053 21.30
-8.7404 -4.4370 8.8754 38.54
-10.1345 -4.9803 3.1335 9.76
-10.3087 -4.9510 6.9521 27.01
-6.6565 -2.9828 8.1324 44.27
-10.3245 -4.6012 4.2916 15.45
-10.2893 -4.4638 8.2821 32.68
-6.3514 -2.5340 9.0884 49.91
-10.3154 -5.5691 5.7225 21.30
-8.7250 -4.5329 8.9044 38.55
-10.1257 -5.0902 3.1439 9.77
-10.2862 -5.0610 6.9702 27.02
-6.6234 -3.0427 8.1243 44.25
-10.3151 -4.7198 4.3002 15.43
-10.3006 -4.5896 8.3281 32.70
-5.9070 -2.3859 9.0605 51.86
-8.8575 -3.6060 5.2030 23.06
-7.7330 -3.0088 8.0740 40.30
-10.3276 -5.3092 3.5894 11.70
-10.2933 -5.1711 7.4895 28.96
-6.7335 -3.1614 8.7620 46.17
-10.3065 -4.8232 4.7237 17.38
-10.2762 -4.6826 8.8817 34.64
-5.8911 -2.4403 9.0695 51.86
-8.7800 -3.6575 5.5589 25.00
-7.9360 -3.1691 8.7849 42.24
-10.3500 -4.0222 3.8317 13.47
-10.2671 -3.8772 7.6016 30.68
-6.8991 -2.4058 9.0706 47.96
-10.3195 -4.9401 5.1669 19.33
-9.7958 -4.5448 9.0791 36.56
-10.3588 -4.5992 2.7406 7.75
-10.2870 -4.4469 6.3563 25.02
-8.1875 -3.3704 9.0739 42.27
-10.3248 -4.1257 3.8345 13.46
-10.2925 -3.9874 8.1455 32.62
-6.4432 -2.2855 9.0564 49.85
-10.2959 -3.6646 5.3485 21.08
-8.7687 -2.9736 8.3558 38.31
-10.1601 -4.6155 3.1026 9.73
-10.2965 -4.5630 6.8443 26.95
-7.4993 -3.1321 8.9161 44.19
-8.8759 -3.5972 3.8034 15.40
-10.2875 -4.0960 8.1700 32.62
-6.4345 -2.3500 9.0798 49.87
-10.2891 -3.7705 5.3616 21.08
-8.4123 -2.9361 8.0818 38.31
-8.8483 -2.9242 2.7553 9.56
-9.6265 -3.1111 6.2109 26.78
-8.0101 -2.4325 9.0834 44.03
-8.8164 -3.6692 3.7990 15.42
-10.2741 -4.2038 8.1973 32.65
-6.4016 -2.4035 9.0734 49.88
-9.8112 -3.6942 5.1842 21.10
-8.3437 -2.9961 8.0545 38.34
-8.8315 -3.0162 2.7589 9.56
-10.3089 -3.4605 6.6034 26.82
-7.9923 -2.5131 9.1052 44.08
-10.1125 -3.0721 4.0421 15.25
-9.8902 -2.8981 7.6305 32.48
-6.6725 -1.7737 9.0774 49.72
-10.3104 -4.0062 5.4083 21.10
-9.5426 -3.5667 9.1051 38.35
-8.8060 -3.0951 2.7615 9.58
-9.7833 -3.3740 6.3411 26.83
-7.9673 -2.5872 9.0999 44.05
-10.3028 -3.2455 4.1031 15.24
-9.2191 -2.7820 7.2056 32.50
-6.6501 -1.8346 9.0768 49.73
-10.0872 -2.7650 5.1372 20.96
-9.9347 -2.6059 9.1091 38.20
-8.8485 -3.2141 2.7806 9.61
-9.7185 -3.4541 6.3262 26.83
-7.9180 -2.6564 9.0841 44.08
-10.3216 -3.3589 4.1269 15.28
-9.8099 -3.0758 7.6223 32.50
-6.6386 -1.8974 9.0908 49.75
-10.0922 -2.8674 5.1511 20.96
-9.9169 -2.7067 9.1178 38.20
-9.6459 -2.4368 2.8386 9.44
-10.2998 -2.5252 6.4228 26.66
-8.2319 -1.8637 9.1026 43.92
-10.3357 -3.4724 4.1438 15.30
-9.6881 -3.1350 7.5684 32.53
-6.6128 -1.9544 9.0881 49.77
-10.0857 -2.9739 5.1655 20.99
-9.8651 -2.7885 9.1045 38.22
-9.3161 -2.4440 2.7870 9.45
-10.2871 -2.6271 6.4387 26.70
-8.1913 -1.9381 9.0956 43.96
-10.3229 -2.3256 4.0190 15.14
-10.2546 -2.2114 7.7090 32.37
-6.8291 -1.3020 9.0839 49.61
-10.0778 -3.0732 5.1744 20.99
-9.5645 -2.7923 8.8821 38.23
-10.0611 -2.7469 3.2728 11.37
-10.2644 -2.7089 6.8726 28.58
-7.6561 -1.8610 9.0751 45.84
-10.3289 -2.4245 4.4044 17.07
-10.2538 -2.3003 8.2169 34.30
-6.3753 -1.2484 9.0753 51.56
-10.2697 -2.0116 5.5030 22.75
-9.5251 -1.7454 9.1259 40.00
-10.1155 -2.8637 3.2927 11.38
-10.1336 -2.7757 6.8286 28.64
-7.6487 -1.9322 9.0945 45.86
-10.3115 -2.5219 4.4119 17.09
-10.2692 -2.4099 8.2521 34.33
-6.3678 -1.3045 9.0807 51.55
-10.3184 -2.1229 5.5385 22.78
-9.4822 -1.8254 9.1106 40.02
-10.1498 -1.7850 3.2179 11.23
-9.7553 -1.6260 6.4419 28.47
-7.8668 -1.1709 9.0998 45.72
-9.7687 -2.4772 4.2476 17.10
-10.2549 -2.5025 8.2608 34.33
-6.3428 -1.3616 9.0695 51.56
-10.3151 -2.2262 5.5533 22.81
-9.4780 -1.9257 9.1176 39.99
-10.3299 -1.9113 3.6192 13.16
-10.3027 -1.8128 7.2082 30.41
-7.3283 -1.1361 9.0608 47.65
-9.1341 -1.3253 4.2823 18.85
-10.2566 -1.4134 8.5731 36.10
-10.3331 -2.4139 2.5858 7.48
-10.2774 -2.3105 5.9573 24.73
-8.7137 -1.8182 8.9936 41.96
-10.2802 -2.0045 3.6170 13.18
-10.2966 -1.9136 7.2122 30.40
-7.3388 -1.2070 9.0813 47.63
-9.3346 -1.4443 4.3606 18.87
-10.2485 -1.5113 8.5810 36.11
-10.3094 -1.3136 2.5267 7.33
-10.2878 -1.2307 5.8316 24.56
-9.0216 -0.9631 9.0863 41.81
-10.2969 -2.1081 3.6259 13.18
-10.2682 -2.0053 7.2160 30.43
-7.3311 -1.2790 9.0939 47.65
-9.1817 -1.5076 4.3138 18.87
-10.2501 -1.6094 8.5991 36.13
-10.3021 -1.4148 2.5273 7.33
-10.2903 -1.3302 5.8446 24.58
-9.0278 -1.0483 9.1085 41.83
-10.3124 -1.0363 3.5640 13.06
-10.2965 -0.9496 7.0936 30.27
-7.4822 -0.5477 9.1114 47.55
-9.0554 -1.5757 4.2813 18.90
-10.2351 -1.7071 8.6040 36.14
-10.3422 -1.5242 2.5365 7.34
-10.2949 -1.4259 5.8580 24.60
-8.9998 -1.1305 9.0998 41.85
-10.3135 -1.1345 3.5655 13.05
-10.2804 -1.0435 7.0996 30.31
-7.4592 -0.6176 9.0920 47.54
-9.5312 -0.6878 4.3700 18.74
-6.7356 -0.3735 5.9141 35.99
-10.3213 -1.6214 2.5424 7.37
-10.3093 -1.5359 5.8757 24.62
-8.7598 -1.1746 8.8940 41.85
-10.3266 -1.2374 3.5762 13.07
-10.2544 -1.1394 7.0889 30.30
-7.4433 -0.6838 9.0893 47.57
-9.5285 -0.7730 4.3757 18.76
-6.7357 -0.4363 5.9194 36.00
-10.3324 -0.5533 2.5015 7.23
-10.2923 -0.4758 5.7773 24.45
-9.1515 -0.3162 9.1216 41.70
-10.3043 -1.3316 3.5740 13.07
-10.2655 -1.2358 7.1098 30.33
-7.4545 -0.7584 9.1048 47.54
-9.2742 -0.8368 4.2927 18.77
-6.7156 -0.4962 5.9120 36.02
-10.3442 -0.6551 2.5025 7.22
-10.2914 -0.5732 5.7852 24.48
-9.1252 -0.3989 9.1089 41.73
-10.2926 -0.2786 3.5265 12.96
-10.2756 -0.1984 7.0261 30.17
-7.5479 -0.0154 9.1203 47.45
-9.4499 -0.9497 4.3620 18.80
-6.7102 -0.5590 5.9146 36.03
-10.3299 -0.7550 2.5035 7.23
-10.3043 -0.6676 5.7989 24.50
-9.1322 -0.4853 9.1259 41.75
-10.3021 -0.3756 3.5281 12.95
-10.2548 -0.2919 7.0249 30.20
-7.5325 -0.0871 9.1035 47.44
-9.6139 0.0049 4.3674 18.64
-6.8324 0.1061 5.9517 35.90
-10.3573 -0.8566 2.5145 7.27
-10.2943 -0.7723 5.8013 24.51
-9.1201 -0.5657 9.1213 41.75
-10.3107 -0.4757 3.5358 12.97
-10.2454 -0.3890 7.0180 30.19
-7.5450 -0.1558 9.1143 47.42
-9.3880 -0.0750 4.2955 18.66
-6.8461 0.0426 5.9633 35.90
-10.3247 0.2021 2.4799 7.13
-10.2928 0.2722 5.7483 24.35
-9.1923 0.3419 9.1216 41.61
-10.2974 -0.5705 3.5339 12.97
-10.2713 -0.4839 7.0447 30.22
-7.5179 -0.2272 9.0937 47.44
-9.5955 -0.1716 4.3670 18.67
-6.8334 -0.0195 5.9581 35.92
-10.3112 0.1021 2.4837 7.16
-10.2843 0.1752 5.7492 24.38
-9.1859 0.2575 9.1210 41.63
-10.3099 0.4723 3.5117 12.86
-10.2501 0.5450 6.9899 30.07
-7.5487 0.5205 9.1031 47.35
-9.5846 -0.2650 4.3701 18.70
-6.8214 -0.0828 5.9525 35.93
-10.3305 0.0016 2.4807 7.13
-10.2716 0.0826 5.7479 24.40
-9.1821 0.1715 9.1226 41.65
-8.8097 0.3420 3.1671 12.85
-10.2657 0.4514 7.0056 30.11
-7.5586 0.4487 9.1077 47.34
-8.7665 0.6528 4.0706 18.55
-6.8733 0.5952 5.9756 35.80
-10.3732 -0.0975 2.4924 7.17
-10.2559 -0.0215 5.7440 24.41
-9.1762 0.0903 9.1179 41.65
-10.2955 0.2763 3.5113 12.88
-10.2736 0.3541 7.0093 30.11
-7.5533 0.3804 9.1013 47.35
-8.7861 0.5759 4.0791 18.57
-6.8740 0.5314 5.9743 35.81
-10.3378 0.9584 2.4689 7.04
-10.2963 1.0213 5.7472 24.26
-9.2008 1.0041 9.1380 41.51
-10.3110 0.1812 3.5128 12.87
-10.2427 0.2606 6.9938 30.12
-7.5661 0.3079 9.1103 47.34
-8.7858 0.4923 4.0781 18.57
-6.8553 0.4678 5.9612 35.82
-10.3336 0.8574 2.4715 7.06
-10.2769 0.9222 5.7380 24.28
-9.2017 0.9193 9.1381 41.54
-10.3168 1.2280 3.5085 12.77
-10.2481 1.2909 7.0009 29.98
-7.5261 1.0567 9.1051 47.26
-8.7836 0.4066 4.0812 18.60
-6.8447 0.4034 5.9531 35.83
-10.3067 0.7549 2.4631 7.04
-10.2892 0.8300 5.7465 24.31
-9.1753 0.8307 9.1136 41.55
-8.5751 0.9601 3.1081 12.76
-10.2566 1.1968 7.0082 30.02
-7.5419 0.9859 9.1101 47.25
-8.7890 1.2958 4.0842 18.46
-6.8420 1.0845 5.9747 35.71
-10.3273 0.6580 2.4709 7.07
-10.2554 0.7231 5.7307 24.32
-9.2042 0.7512 9.1344 41.56
-10.2838 1.0274 3.4988 12.78
-10.2655 1.0994 7.0031 30.00
-7.5581 0.9188 9.1135 47.23
-8.7897 1.2167 4.0842 18.48
-6.8486 1.0210 5.9741 35.72
-10.3149 1.7233 2.8076 8.87
-10.2544 1.7783 6.1663 26.10
-8.5471 1.5796 9.1263 43.36
-10.2845 0.9399 3.8536 14.70
-10.2381 1.0118 7.4430 31.94
-7.0681 0.8141 9.0958 49.18
-10.2515 1.3049 4.9519 20.41
-6.7309 0.9505 6.2225 37.65
-8.7838 1.4019 2.8600 10.79
-10.2457 1.6869 6.5795 28.02
-7.9975 1.4150 9.1074 45.31
-10.2980 2.0022 4.2362 16.50
-10.2390 2.0692 7.9882 33.75
-6.5557 1.4238 9.1020 50.99
-10.2832 1.2116 5.3523 22.35
-9.7953 1.2477 9.1234 39.57
-8.8005 1.3233 2.8618 10.80
-10.2645 1.5943 6.5811 28.01
-8.0094 1.3397 9.0975 45.27
-10.2789 1.8996 4.2281 16.51
-10.2405 1.9673 7.9748 33.75
-6.5625 1.3652 9.1016 51.01
-10.2773 2.2808 5.3900 22.21
-9.6933 2.2320 9.1434 39.46
-8.7976 1.2398 2.8603 10.80
-10.2385 1.4924 6.5686 28.05
-8.0406 1.2679 9.1219 45.29
-10.3042 1.8064 4.2279 16.49
-10.2264 1.8655 7.9596 33.77
-6.5726 1.3062 9.0926 50.98
-10.2942 2.1836 5.3914 22.22
-9.7076 2.1418 9.1377 39.45
-8.8034 2.1569 2.8754 10.69
-9.7090 2.4283 6.3536 27.92
-7.9281 2.0701 9.1388 45.18
-10.2756 1.7059 4.2207 16.53
-10.2186 1.7689 7.9383 33.75
-6.5669 1.2420 9.0802 51.01
-10.2844 2.0833 5.3848 22.25
-9.7223 2.0477 9.1441 39.49
-8.8094 2.0750 2.8765 10.72
-10.2582 2.4610 6.6501 27.96
-7.9273 1.9897 9.1227 45.20
-9.6787 2.6267 4.0878 16.44
-10.1898 2.8292 8.0409 33.64
-6.4650 1.8849 9.1048 50.91
-10.2787 1.9812 5.3757 22.25
-9.7497 1.9610 9.1548 39.50
-8.8075 1.9786 2.8749 10.73
-10.2405 2.3536 6.6287 27.96
-7.9522 1.9166 9.1290 45.19
-9.6969 2.5334 4.0879 16.45
-10.2306 2.7402 8.0584 33.66
-6.4798 1.8263 9.1053 50.91
-10.0578 3.0101 5.3602 22.13
-9.2469 2.8367 8.8916 39.38
-8.8008 1.8961 2.8685 10.72
-10.2628 2.2606 6.6325 27.97
-7.9478 1.8374 9.1104 45.20
-9.7294 2.4471 4.0879 16.43
-10.2224 2.6349 8.0430 33.69
-6.4809 1.7650 9.0846 50.91
-9.9680 2.8820 5.3136 22.15
-9.4662 2.8117 9.0649 39.40
-8.8000 2.8427 2.8950 10.60
-9.6672 3.1713 6.4233 27.84
-7.7691 2.6268 9.1221 45.11
-9.7085 2.3490 4.0811 16.47
-10.2355 2.5399 8.0307 33.67
-6.4947 1.7044 9.0895 50.93
-10.1851 2.8425 5.3996 22.17
-9.5779 2.7449 9.1412 39.42
-8.7893 2.7528 2.8940 10.64
-9.9855 3.1723 6.5928 27.88
-7.7812 2.5489 9.1143 45.13
-9.6430 3.3817 4.1295 16.37
-10.2377 3.6512 8.2155 33.57
-6.3197 2.3302 9.0829 50.84
-10.2531 2.7569 5.4181 22.17
-9.6019 2.6577 9.1432 39.42
-8.7874 2.6526 2.8908 10.66
-10.0645 3.0916 6.6248 27.90
-7.8072 2.4765 9.1148 45.12
-9.6882 3.2948 4.1355 16.38
-9.1173 3.1635 7.4127 33.59
-6.3405 2.2736 9.0926 50.87
-10.2869 3.9062 5.5495 22.06
-9.3528 3.6156 9.1615 39.31
-8.7946 2.5708 2.8883 10.66
-9.5446 2.8405 6.3218 27.90
-7.8284 2.4032 9.1192 45.14
-9.6788 3.1935 4.1166 16.34
-9.4039 3.1627 7.5995 33.62
-6.3720 2.2215 9.0970 50.83
-10.2542 3.7840 5.5227 22.08
-9.3618 3.5246 9.1413 39.31
-8.7884 3.5580 2.9299 10.56
-10.2366 4.1928 6.8806 27.80
-7.4374 3.1148 8.9608 45.03
-9.7129 3.1075 4.1239 16.37
-9.5166 3.1050 7.6569 33.61
-6.3766 2.1573 9.0880 50.87
-10.2441 3.6739 5.5089 22.10
-8.1839 2.9976 8.0957 39.35
-8.7916 3.4681 2.9277 10.58
-10.2504 4.0882 6.8708 27.82
-7.4525 3.0386 8.9535 45.06
-9.4573 4.1063 4.1424 16.30
-10.2219 4.4963 8.4017 33.53
-6.1728 2.7765 9.1044 50.78
-10.2517 3.5676 5.4981 22.10
-9.4257 3.3498 9.1534 39.35
-8.7899 3.3626 2.9228 10.59
-10.2417 3.9718 6.8441 27.82
-7.4775 2.9674 8.9475 45.05
-9.6618 4.0865 4.1981 16.32
-10.2328 4.3902 8.3799 33.53
-6.1712 2.7098 9.0777 50.81
-10.2545 4.7678 5.6605 22.01
-9.0874 4.2808 9.1565 39.25
-8.7874 3.2734 2.9142 10.58
-9.6593 3.6475 6.4984 27.83
-7.3798 2.8501 8.8165 45.06
-9.4686 3.9039 4.1218 16.30
-10.2190 4.2704 8.3476 33.55
-6.2151 2.6639 9.0947 50.77
-9.6390 4.3725 5.3691 22.02
-9.1090 4.1934 9.1431 39.25
-8.8016 4.3282 2.9808 10.50
-10.2455 5.0869 7.0647 27.74
-7.3456 3.7037 9.1080 44.98
-9.6451 3.8744 4.1663 16.30
-10.2254 4.1651 8.3186 33.53
-6.2245 2.6002 9.0815 50.79
-9.6870 4.2876 5.3776 22.04
-9.1539 4.1087 9.1575 39.28
-9.3541 4.4958 3.0900 10.52
-10.2255 4.9640 7.5104 29.68
-6.0878 3.0006 8.1259 46.94
-10.2630 5.3821 4.9168 18.16
-10.1849 5.3947 9.1766 35.40
-10.2812 4.3871 2.5005 6.70
-10.2422 4.4233 6.0285 23.94
-8.5702 3.7649 9.1204 41.18
-10.2793 4.8114 3.6561 12.44
-10.2379 4.8525 7.4829 29.65
-6.1721 2.9753 8.1896 46.91
-10.2590 5.2450 4.8917 18.15
-10.2175 5.2911 9.1494 35.35
-10.2948 5.6783 2.5533 6.63
-9.6501 5.3724 5.9594 23.85
-8.1987 4.6082 9.1462 41.14
-10.3046 4.7086 3.6552 12.46
-10.2346 4.7343 7.4613 29.68
-6.7121 3.1586 8.8017 46.94
-8.7834 4.3958 4.3379 18.17
-10.2009 5.1589 9.1089 35.40
-10.2897 5.5506 2.5499 6.65
-9.6651 5.2585 5.9536 23.91
-8.2239 4.5289 9.1300 41.13
-10.2655 6.0088 3.7608 12.37
-10.2079 6.0291 7.7675 29.59
-6.6270 3.9474 9.0961 46.86
-8.7799 4.2901 4.3247 18.18
-10.2029 5.0424 9.0831 35.43
-10.2779 5.4205 2.5441 6.66
-9.7299 5.1755 5.9608 23.90
-8.2561 4.4454 9.1291 41.17
-10.2640 5.8800 3.7510 12.39
-10.2168 5.9050 7.7447 29.63
-6.6827 3.8974 9.1167 46.84
-10.2277 6.3497 5.4912 20.03
-9.1297 5.7128 9.1617 37.26
-9.6876 5.0032 2.8213 8.59
-9.0920 4.7391 6.0215 25.81
-7.7635 4.0919 9.1211 43.10
-10.2724 5.7589 4.1436 14.31
-10.2128 5.7887 8.7623 33.46
-5.2443 3.0038 8.1930 50.68
-10.2509 6.2360 5.9216 21.93
-8.5661 5.2549 9.1370 39.16
-8.9064 5.8103 3.1170 10.40
-10.2134 6.7106 7.4569 27.67
-6.8575 4.5351 9.0849 44.90
-9.0473 4.9730 4.1282 16.20
-10.2016 5.6611 8.7071 33.44
-5.6847 3.1889 8.7778 50.70
-10.2376 6.0994 5.8936 21.95
-8.6161 5.1732 9.1475 39.20
-8.9493 5.7242 3.1211 10.44
-10.2324 6.5879 7.4266 27.65
-6.9255 4.4867 9.1206 44.92
-10.2602 7.0829 5.1893 18.09
-9.4821 6.5816 9.1701 35.33
-10.2665 5.9449 2.5632 6.62
-9.6409 5.6242 6.0111 23.85
-8.0873 4.7633 9.1189 41.10
-10.2647 6.4286 4.2229 14.28
-10.2183 6.4586 8.4248 31.49
-6.1060 3.8793 9.0846 48.73
-10.2577 6.9360 5.6116 20.00
-8.6645 5.8939 8.9340 37.23
-8.7857 6.3585 2.7986 8.51
-10.2250 7.4476 7.1592 25.72
-7.1209 5.1969 9.1321 42.99
-10.2801 6.3106 4.2097 14.28
-10.1944 6.3072 8.3709 31.52
-6.1334 3.8212 9.0835 48.76
-10.2392 6.7785 5.5735 20.00
-8.7205 5.8166 8.9453 37.26
-8.7929 6.2313 2.7868 8.50
-10.2453 7.3076 7.1223 25.70
-7.1346 5.1060 9.1055 43.03
-9.3796 7.1525 4.1329 14.23
-10.1682 7.8018 8.8652 31.46
-5.7486 4.4081 9.0948 48.70
-10.2746 6.6701 5.5585 19.98
-9.0090 5.8893 9.1485 37.23
-8.8503 6.1464 2.7885 8.51
-10.2144 7.1464 7.0684 25.71
-7.1861 5.0482 9.0999 42.99
-9.5511 7.1446 4.1645 14.22
-10.1865 7.6698 8.8307 31.48
-5.7831 4.3545 9.0945 48.72
-10.2257 8.2190 5.8735 19.97
-8.3732 6.7479 9.1394 37.20
-9.1180 6.2116 2.8272 8.51
-10.2365 7.0220 7.0491 25.74
-7.2325 4.9786 9.1088 43.03
-10.2368 7.5156 4.8004 16.12
-9.9486 7.3422 9.1588 33.40
-5.4523 4.0260 9.0758 50.61
-9.6483 7.6040 6.0247 21.87
-7.8847 6.2340 9.1284 39.11
-10.2668 8.6605 3.6194 10.35
-10.2013 8.6333 8.0387 27.59
-6.2883 5.3135 9.0922 44.86
-10.2644 7.3929 4.7966 16.17
-10.0266 7.2607 9.1599 33.37
-5.5023 3.9852 9.1016 50.64
-8.7466 6.7513 5.9523 23.80
-7.4270 5.7587 9.1231 41.06
-10.2599 8.4827 4.0588 12.31
-10.1981 8.4695 8.5528 29.54
-5.9622 4.9348 9.1068 46.76
-9.9758 8.8534 5.4619 18.03
-8.5714 7.6144 9.1008 35.26
-10.2886 7.7728 2.6692 6.55
-8.8157 6.6801 5.9548 23.79
-7.4863 5.6981 9.1257 41.04
-10.2646 8.3191 4.0365 12.31
-10.2004 8.3105 8.4876 29.51
-5.9811 4.8623 9.0771 46.78
-9.6479 8.3795 5.2773 18.02
-8.6196 7.5153 9.0824 35.27
-10.2693 9.5428 2.7949 6.53
-9.4895 8.8416 6.7929 23.76
-6.8812 6.3932 9.1230 41.05
-10.2602 8.1594 4.0103 12.29
-10.2105 8.1598 8.4461 29.54
-6.0441 4.8209 9.1034 46.79
-9.7026 8.2814 5.2730 18.04
-8.6608 7.4056 9.0600 35.29
-10.0783 9.1868 2.7511 6.54
-9.6545 8.8218 6.8487 23.79
-6.9479 6.3439 9.1275 41.02
-9.7283 9.4989 4.1099 12.26
-9.3137 9.1174 8.4255 29.53
-5.5368 5.3760 9.0839 46.74
-10.2270 8.5656 5.4592 18.02
-8.6551 7.2628 8.9879 35.28
-10.0583 8.9953 2.7367 6.54
-9.8740 8.8540 6.9240 23.77
-6.9997 6.2707 9.1210 41.03
-8.7378 8.3574 3.7892 12.29
-9.3982 9.0275 8.4229 29.52
-5.5839 5.3222 9.0808 46.74
-10.2442 10.5379 5.9020 18.02
-8.0465 8.2551 9.1455 35.24
-10.0946 8.8622 2.7254 6.53
-10.0351 8.8384 6.9689 23.76
-7.0436 6.1970 9.1001 41.01
-8.8007 8.2552 3.7776 12.26
-9.4028 8.8631 8.3644 29.54
-5.6225 5.2655 9.0814 46.79
-10.2079 10.2811 5.8308 18.00
-8.1156 8.1730 9.1402 35.25
-9.6704 10.4113 2.8142 6.52
-10.1876 11.0050 7.6842 23.74
-6.4097 6.8648 9.1254 41.04
-9.9805 9.2075 4.1152 12.30
-9.5594 8.8436 8.4157 29.52
-5.6972 5.2371 9.1096 46.76
-10.2150 10.1109 5.7968 18.02
-8.2034 8.1043 9.1496 35.25
-10.2681 10.8573 2.8977 6.52
-10.1996 10.8018 7.6317 23.78
-6.4656 6.8052 9.1114 41.00
-9.2029 10.4094 4.1737 12.24
-9.4861 10.7553 9.1674 29.51
-5.1341 5.7361 9.0694 46.72
-10.2157 9.9173 5.7479 18.00
-8.2763 8.0268 9.1500 35.26
-10.2796 10.6644 2.8846 6.53
-10.2009 10.5979 7.5618 23.76
-6.5301 6.7440 9.1141 41.02
-9.2048 10.2147 4.1494 12.27
-9.6095 10.6894 9.1838 29.51
-5.2034 5.7071 9.0958 46.73
-10.1989 12.1706 6.2871 18.01
-7.4266 8.8036 9.1424 35.23
-10.2572 10.4455 2.8599 6.51
-10.2208 10.4280 7.5081 23.74
-6.5943 6.6895 9.1118 40.99
-9.3722 10.2002 4.1663 12.25
-9.7164 10.6067 9.1791 29.48
-5.2363 5.6422 9.0707 46.74
-10.2222 11.9400 6.2307 18.00
-7.4937 8.7175 9.1282 35.24
-8.8133 11.0081 2.8018 6.52
-10.1675 12.7501 8.2637 23.74
-5.5274 6.8204 9.1060 42.93
-10.2523 10.9760 4.9408 14.18
-8.5656 9.1568 8.6930 31.42
-4.9802 5.2601 9.0997 48.66
-9.6732 11.0750 6.4414 19.92
-7.0664 8.0541 9.1166 37.18
-10.2470 12.5981 3.5839 8.42
-6.5198 7.9297 6.0047 25.64
-5.5933 6.7721 9.1018 42.90
-10.2328 13.4962 4.8394 12.26
-8.6096 11.3186 9.0945 29.48
-4.7249 6.0898 9.0955 46.74
-10.2442 11.5279 6.1322 17.99
-7.6624 8.5813 9.1349 35.25
-9.2571 11.1317 2.8456 6.52
-10.1739 12.2584 8.0990 23.75
-5.6525 6.7229 9.1054 42.92
-10.2044 13.2051 5.3613 14.16
-8.1477 10.4952 9.1555 31.42
-4.4804 5.6584 9.0802 48.65
-10.1941 14.1658 7.4453 19.93
-6.3050 8.6470 9.1108 37.16
-8.7457 10.3124 3.1914 8.46
-6.5808 7.7107 5.9470 25.66
-5.7167 6.6688 9.1075 42.93
-9.7076 12.2881 5.1062 14.18
-6.6358 8.3365 7.5444 31.40
-4.5385 5.6185 9.0798 48.63
-10.1993 13.8859 7.3609 19.92
-6.3970 8.6031 9.1220 37.15
-10.0463 14.7130 3.2286 6.52
-10.1400 14.8484 9.0059 23.74
-5.0065 7.1590 9.0774 42.93
-10.2317 12.7235 5.2692 14.16
-7.3154 9.0328 8.1371 31.41
-4.5911 5.5819 9.0913 48.66
-10.2033 13.6266 6.6611 18.01
-6.4769 8.5463 9.1307 37.18
-10.0582 14.4315 3.2017 6.52
-10.1603 14.5643 8.9166 23.77
-5.4112 7.6172 9.0906 41.00
-10.2133 15.8178 4.6036 10.33
-8.4516 12.9981 9.1682 27.57
-4.5395 6.8185 9.0809 44.84
-10.2242 13.3794 5.3993 14.16
-8.0925 10.5343 9.1534 31.41
-4.1765 5.3084 9.0746 50.59
-10.1881 14.3090 7.4829 19.92
-6.2635 8.6880 9.1204 37.17
-10.0195 15.1688 3.2703 6.52
-9.8215 14.8379 8.9369 23.78
-5.2260 7.7390 9.0902 41.00
-10.1895 16.6806 4.7368 10.33
-8.1122 13.1643 9.1505 27.57
-4.3835 6.9333 9.0977 44.84
-10.2037 14.0716 6.1515 16.08
-6.6388 9.0409 8.9469 35.27
-10.0528 14.9022 2.6459 4.59
-10.0125 14.8389 8.2749 21.82
-5.6565 8.2276 9.0965 39.08
-10.2261 16.3731 4.0488 8.44
-8.9295 14.2109 9.1456 25.65
-4.7306 7.3433 9.0964 42.98
-10.1879 17.6234 5.5886 12.26
-7.1838 12.2830 9.1268 29.53
-3.9597 6.5648 9.0718 46.74
-10.2037 14.8329 6.3398 16.11
-6.3885 9.1505 8.9044 35.25
-10.2431 16.0421 2.7341 4.60
-9.7081 15.1768 8.3347 21.85
-5.4613 8.3640 9.1078 39.10
-10.2230 17.3185 4.1710 8.45
-8.5487 14.3690 9.1189 25.65
-4.5545 7.4515 9.0898 42.95
-9.8120 18.0200 4.9197 10.34
-7.4437 13.5069 9.1454 27.60
-4.0390 7.1087 9.0800 44.84
-9.9116 15.1860 5.7347 14.18
-7.2777 11.0430 9.1285 31.42
-4.0378 5.9639 9.0805 48.66
-10.1815 16.8553 7.5386 18.02
-5.9922 9.7321 9.1084 35.27
-10.0519 18.0608 2.8674 4.60
-9.8212 17.5690 9.1846 21.85
-4.9580 8.6348 9.0852 39.08
-9.2660 18.0405 3.5165 6.53
-8.4126 16.2851 9.1723 23.75
-4.3824 8.2118 9.0909 41.04
-10.2358 16.6022 4.7329 10.34
-8.1503 13.1105 9.1446 27.59
-4.4108 6.9046 9.0847 44.83
-10.1832 17.8329 6.3517 14.20
-6.6109 11.4196 9.1130 31.41
-3.6829 6.1483 9.0485 48.65
-9.4924 18.0265 7.0327 16.11
-5.7825 10.7654 9.0959 33.38
-3.2709 5.8563 9.0544 50.60
-8.7269 18.0511 7.6755 18.06
-5.0679 10.2057 9.1031 35.30
-10.2308 17.5683 2.8419 4.61
-8.7713 14.9641 8.0690 21.85
-5.1149 8.5349 9.0836 39.10
-9.6885 18.0156 3.5416 6.55
-8.6110 15.8976 9.0685 23.77
-4.5356 8.1385 9.0936 41.03
-8.9142 18.0275 4.1806 8.47
-7.4224 14.8447 9.0859 25.70
-3.9999 7.7281 9.0706 42.94
-8.1673 18.0465 4.8078 10.38
-6.4053 13.9377 9.1182 27.63
-3.5166 7.3573 9.0800 44.87
-9.9260 18.0273 6.3620 14.20
-6.4397 11.5057 9.1169 31.44
-3.6008 6.2147 9.0770 48.68
-9.1430 18.0226 6.9863 16.11
-5.6308 10.8606 9.1051 33.37
-3.1831 5.8971 9.0537 50.61
-8.4066 18.0255 7.6282 18.07
-4.9190 10.2844 9.0956 35.25
-7.6280 18.0650 2.1513 2.74
-7.6668 18.0265 8.2574 19.99
-4.2730 9.7078 9.0865 37.22
-9.3405 18.0339 2.8458 4.62
-9.2669 17.8131 9.1748 21.87
-4.6981 8.7619 9.0882 39.12
-8.5758 18.0170 3.4909 6.56
-7.8971 16.4566 9.1607 23.80
-4.1308 8.3189 9.0813 41.05
-7.8455 18.0475 4.1218 8.48
-6.5385 14.8335 8.9115 25.72
-3.6161 7.8799 9.0555 42.95
-7.1247 18.0777 4.0987 8.52
-5.9630 14.8910 8.8417 25.75
-3.3544 7.9984 9.0779 43.00
-8.7867 18.0223 4.8458 10.37
-6.8105 13.7807 9.1293 27.62
-3.7143 7.2354 9.0505 44.86
-8.0575 18.0134 5.4782 12.32
-5.8835 12.9356 9.1267 29.53
-3.2777 6.9011 9.0787 46.79
-7.3406 18.0557 6.1054 14.23
-5.0380 12.1030 9.1021 31.49
-2.8673 6.5460 9.0789 48.74
-6.6251 18.0240 6.0447 14.26
-4.6193 12.2308 9.0853 31.49
-2.6405 6.5987 9.0424 48.73
-7.5048 16.3275 6.3543 16.15
-5.2030 11.0773 9.1085 33.35
-2.9548 5.9984 9.0491 50.62
-7.5427 18.0336 7.5197 18.07
-4.5049 10.4298 9.0954 35.32
-6.7875 18.0450 1.5014 0.83
-6.8437 18.0172 7.4346 18.07
-4.1436 10.5584 9.0862 35.32
-6.0609 17.9524 1.5012 0.84
-6.1405 18.0439 7.3792 18.10
-3.7817 10.6715 9.0804 35.33
-7.7131 18.0423 2.1555 2.75
-7.7406 17.9923 8.2536 19.98
-4.2959 9.6517 9.0559 37.22
-7.0059 18.0958 2.1479 2.75
-7.0334 18.0077 8.1769 20.01
-3.9763 9.8105 9.0837 37.25
-6.2810 18.0171 2.1366 2.77
-5.7545 16.2998 7.4365 20.02
-3.6387 9.9154 9.0739 37.25
-5.6005 18.0360 2.1320 2.78
-5.6518 17.9856 8.0262 20.06
-2.9866 8.9847 8.2597 37.30
-7.1919 18.0408 2.1499 2.76
-7.2303 18.0061 8.1932 19.99
-4.0673 9.7634 9.0723 37.24
-6.4755 18.0319 2.1406 2.77
-6.5187 17.9734 8.1059 20.03
-3.4457 9.0400 8.9074 39.17
-5.7913 18.0394 2.7675 4.71
-5.8634 18.0349 8.7717 21.94
-3.1227 9.1066 8.8874 39.21
-5.1345 18.0746 2.7603 4.72
-5.1878 18.0187 8.6964 21.96
-2.8062 9.1488 8.8540 39.24
-6.6908 18.0249 2.7757 4.67
-6.7417 18.0491 8.8729 21.90
-3.4830 8.8702 8.7893 39.18
-5.9895 18.0400 2.7625 4.68
-6.0524 18.0143 8.7857 21.94
-3.2212 9.0990 8.8977 39.18
-5.3161 18.0816 2.7647 4.72
-5.3659 17.9870 8.7042 21.97
-2.8932 9.1443 8.8534 39.18
-4.6436 18.0600 2.1312 2.81
-4.7026 18.0047 7.9531 20.09
-2.8019 10.1167 9.0622 37.33
-6.1802 18.0419 2.1420 2.78
-6.2377 18.0390 8.0917 20.02
-3.5909 9.9399 9.0819 37.26
-5.4912 18.0444 2.1360 2.80
-5.5566 18.0293 8.0284 20.05
-2.9330 8.9784 8.2396 37.29
-4.8188 18.0289 1.5064 0.87
-4.8895 18.0408 7.2757 18.14
-1.9636 6.5168 5.8969 35.37
-4.1473 18.0550 0.9021 -1.01
-4.2228 18.0240 6.5660 16.27
-1.8285 6.9797 5.8633 33.53
-1.7420 6.3818 9.0506 50.74
-5.7235 18.0120 6.6452 16.19
-3.8025 11.5290 9.0862 33.44
-2.2187 6.2514 9.0274 50.66
-5.0616 18.0524 6.6177 16.23
-3.3921 11.5896 9.0548 33.45
-2.0131 6.3115 9.0364 50.69
-4.3916 18.0115 5.9071 14.33
-3.2021 12.5724 9.0667 31.58
-1.8986 6.7992 9.0379 48.81
-3.7385 18.0253 5.2467 12.46
-1.8767 8.1531 5.8726 29.67
-1.7602 7.3094 9.0392 46.92
-5.2123 17.9866 5.2896 12.39
-4.0225 13.4499 9.0705 29.60
-2.3186 7.2065 9.0550 46.85
-4.5741 18.0339 4.6294 10.49
-3.8207 14.6661 9.0759 27.73
-2.1890 7.7542 9.0578 44.99
-3.8951 18.0028 3.9849 8.61
-3.5726 16.0282 9.0843 25.86
-2.0395 8.3187 9.0379 43.09
-3.2445 18.0049 3.3557 6.71
-3.2652 17.5937 9.0824 23.94
-1.8176 8.7814 8.8927 41.18
-4.7202 17.9726 2.7423 4.72
-4.7841 18.0053 8.6483 21.96
-2.5938 9.0706 8.7461 39.23
-4.0478 17.9879 2.1320 2.85
-4.1388 18.0462 7.9248 20.10
-2.5027 10.1914 9.0664 37.33
-3.4044 17.9960 1.5183 0.92
-3.4833 18.0103 7.1868 18.19
-1.8053 8.3398 7.5803 37.35
-2.7701 18.0520 1.5310 0.97
-2.6065 16.2967 6.5998 18.24
-1.8004 10.2544 9.0368 37.40
-4.1727 17.7746 1.5102 0.90
-4.3039 18.0198 7.2244 18.14
-1.7661 6.5457 5.8873 35.39
-3.5796 18.0344 0.9192 -0.97
-3.6398 17.9812 6.5240 16.28
-2.5268 11.7341 9.0345 33.50
-1.5561 6.4044 9.0313 50.75
-3.0101 18.0434 5.8680 14.39
-2.2650 12.6998 9.0504 31.63
-1.4037 6.8711 9.0216 48.86
-2.3512 17.9937 4.5746 10.56
-2.0603 14.8011 9.0051 27.80
-1.2889 7.8910 9.0442 45.06
-3.7951 18.0233 3.9816 8.60
-3.4848 16.0464 9.0816 25.85
-1.9900 8.3346 9.0437 43.09
-3.1477 18.0214 3.3500 6.69
-3.1600 17.6191 9.0805 23.93
-1.7716 8.7976 8.9069 41.21
-2.4975 18.0194 2.7484 4.83
-2.5935 18.0335 8.5349 22.07
-1.4710 8.8921 8.4535 39.33
-1.8526 17.9734 1.5412 1.01
-1.9492 18.0206 7.1535 18.28
-1.3656 11.0404 9.0396 35.53
-3.2973 18.0211 0.9141 -0.99
-3.3636 17.9836 6.5082 16.27
-2.3570 11.7742 9.0446 33.52
-1.4612 6.4226 9.0303 50.74
-2.7245 18.0075 5.8426 14.37
-2.0747 12.7258 9.0505 31.64
-1.3013 6.8815 9.0221 48.88
-2.0759 18.0161 4.5789 10.58
-1.8334 14.7796 8.9914 27.83
-1.1440 7.6967 8.8335 45.05
-1.4325 18.0326 3.3617 6.80
-1.5108 17.6771 9.0579 24.03
-0.9577 8.8205 8.8555 41.27
-2.8745 18.0516 2.7453 4.80
-2.9330 17.9825 8.5203 22.03
-1.6534 8.9092 8.4811 39.31
-2.2139 18.0409 1.5339 0.98
-2.2953 18.0080 7.1575 18.27
-1.5857 11.0447 9.0465 35.49
-1.5619 18.0283 0.3473 -2.81
-1.6493 18.0066 5.8406 14.45
-1.3267 12.7847 9.0536 31.70
-0.9074 6.9171 9.0197 48.92
-1.0046 18.0141 4.5809 10.63
-0.9613 14.7857 8.9713 27.86
-0.7149 7.8977 9.0172 45.12
-2.4137 18.0244 3.3512 6.73
-2.4501 17.6110 9.0531 23.99
-1.4190 8.7803 8.8465 41.21
-1.7616 18.0131 2.1484 2.95
-1.8533 17.9920 7.8161 20.20
-1.2380 10.2381 8.9811 37.43
-1.1274 18.0445 0.9578 -0.86
-1.1178 16.1767 5.9462 16.39
-0.9659 11.8843 9.0346 33.60
-0.7225 6.4743 9.0124 50.86
-0.5706 18.0341 5.2262 12.61
-0.5852 13.7645 9.0310 29.82
-0.5166 7.3881 9.0098 47.07
-1.9633 17.9824 3.9617 8.68
-1.7758 15.0903 8.5265 25.93
-1.1523 8.2004 8.8200 43.17
-1.3234 18.0112 2.7492 4.87
-1.4252 18.0226 8.5072 22.13
-0.9599 9.6296 9.0215 39.37
-0.6851 18.0010 1.5548 1.05
-0.7793 17.9986 7.1371 18.32
-0.6623 11.0436 9.0211 35.57
-0.0369 18.0155 0.3750 -2.73
-0.1243 17.9650 5.8512 14.55
-0.2644 12.7715 9.0443 31.78
-0.3453 6.9212 9.0132 48.99
-1.5246 17.9993 4.5871 10.64
-1.3850 14.7777 8.9789 27.86
-0.9352 7.9015 9.0322 45.11
-0.8864 18.0410 3.3616 6.80
-0.9143 16.2958 8.4321 24.04
-0.6951 8.8043 8.8409 41.32
-0.2439 18.0208 2.1690 3.02
-0.3372 17.9736 7.7999 20.25
-0.3920 10.2950 9.0114 37.50
0.4082 18.0071 0.9890 -0.76
0.2969 18.0042 6.5067 16.47
0.0188 11.8530 9.0360 33.71
-0.1964 6.4630 9.0081 50.95
-1.0828 17.9721 5.2023 12.57
-0.9824 13.7805 9.0414 29.80
-0.7250 7.3972 9.0175 47.03
-0.4469 17.9922 3.9724 8.75
-0.5249 16.1102 9.0107 26.00
-0.4829 8.4456 9.0290 43.24
0.2011 17.9978 2.7800 4.97
0.0891 18.0310 8.5272 22.21
-0.1674 9.1799 8.6631 39.47
0.8411 18.0161 1.5823 1.14
0.7293 18.0090 7.1853 18.42
0.2489 10.9590 8.9962 35.68
-0.5491 18.0311 0.3616 -2.77
-0.6558 17.9867 5.8315 14.48
-0.6284 12.7823 9.0383 31.73
-0.5404 6.8967 8.9876 48.99
-0.0232 18.0214 4.6032 10.70
-0.1521 14.8413 9.0170 27.94
-0.2876 7.8797 9.0096 45.20
0.6343 18.0215 3.3952 6.91
0.4956 17.4619 9.0102 24.19
0.0264 8.7866 8.8400 41.38
1.2783 17.9873 2.1971 3.10
1.1681 18.0166 7.8871 20.38
0.4530 10.2106 9.0005 37.62
-0.1262 17.9862 0.9678 -0.83
-0.2197 17.9997 6.4895 16.43
-0.3243 11.8352 9.0111 33.67
-0.3786 6.5023 9.0409 50.89
0.4177 18.0163 5.2365 12.64
0.1600 13.7103 9.0163 29.86
-0.1226 7.3938 9.0322 47.13
1.0733 18.0366 4.0261 8.87
0.7318 14.8852 8.4663 26.11
0.1985 8.3880 9.0031 43.30
1.7181 17.9937 2.8163 5.06
1.6030 18.0011 8.5876 22.30
0.5567 8.8774 8.4724 39.57
0.3212 17.9890 1.5798 1.14
0.2149 18.0126 7.1548 18.35
-0.0635 11.0130 9.0078 35.61
0.9663 17.9744 0.3988 -2.65
0.8559 17.9520 5.8595 14.56
0.4261 12.6728 9.0116 31.83
0.0233 6.8867 9.0038 49.07
1.5110 18.0098 4.6470 10.79
1.0733 14.6925 9.0024 28.03
0.3553 7.8378 9.0187 45.29
2.1631 17.9886 3.4365 7.00
1.9412 17.2877 9.0062 24.23
0.7551 8.7988 8.9270 41.47
0.7527 18.0287 2.1937 3.09
0.6472 18.0139 7.8509 20.32
0.1602 10.2606 9.0100 37.56
1.4041 18.0209 1.0042 -0.71
1.2966 17.9809 6.5418 16.54
0.6567 11.7676 9.0178 33.76
0.1413 6.4268 8.9952 51.00
1.9335 18.0001 5.2878 12.72
1.2859 13.5309 8.9947 29.97
0.4725 7.3210 9.0149 47.20
2.6082 18.0161 4.0740 8.94
2.0331 15.1178 8.6714 26.17
0.8825 8.2787 9.0053 43.44
1.1859 18.0512 2.8025 5.02
1.0862 18.0245 8.5594 22.25
0.3157 9.1219 8.6438 39.52
1.8462 18.0348 1.6055 1.21
1.7258 17.9762 7.2267 18.49
0.8350 10.9198 9.0104 35.71
2.5041 17.9945 0.4152 -2.57
2.3819 17.9665 5.9480 14.69
1.4668 12.5114 9.0076 31.93
0.5786 6.8260 9.0139 49.15
3.0530 17.9898 4.7129 10.87
2.0669 13.3357 8.9730 30.04
0.8896 7.2292 9.0018 47.29
1.6209 17.9863 4.0310 8.89
1.1782 14.8349 8.4672 26.13
0.4507 8.3541 9.0085 43.37
2.2767 17.9996 2.8284 5.08
2.1481 17.9960 8.6270 22.34
0.8201 8.8642 8.4874 39.57
2.9327 17.9830 1.6292 1.27
2.8162 18.0113 7.3058 18.54
1.4650 10.7725 8.9859 35.78
3.6119 17.9874 0.4381 -2.47
3.4993 17.9945 6.0392 14.78
2.1838 12.3253 8.9934 32.01
0.9616 6.7275 8.9866 49.21
2.0644 18.0059 4.6775 10.85
1.5070 14.5769 8.9786 28.07
0.5783 7.7706 8.9810 45.31
2.7172 17.9727 3.4520 7.02
2.4575 17.1230 8.9730 24.25
1.0197 8.7898 8.9667 41.53
3.3902 17.9971 2.2596 3.25
3.2707 18.0074 8.0333 20.50
1.3917 9.0100 8.2040 37.73
4.0802 17.9965 1.0469 -0.56
3.9369 17.9868 6.7334 16.72
2.2725 11.3636 8.9806 33.98
2.6279 18.0539 0.4097 -2.58
2.4901 18.0117 5.9570 14.66
1.5323 12.4785 8.9887 31.91
0.6102 6.8069 9.0022 49.17
3.1478 18.0135 4.7285 10.90
2.3522 14.4012 8.9768 28.13
1.0257 7.7022 9.0003 45.39
3.8366 18.0044 3.5140 7.12
3.0264 15.0126 8.1323 24.39
1.5278 8.7034 8.9867 41.58
4.5251 18.0053 2.2975 3.32
4.3838 18.0012 8.1609 20.59
2.1488 9.8234 8.9742 37.83
3.0474 17.9729 1.0256 -0.63
2.9320 17.9840 6.6377 16.62
1.6728 11.5516 8.9919 33.87
0.6918 6.3384 8.9893 51.09
3.6040 18.0090 5.3942 12.84
2.4562 13.2271 8.9621 30.06
1.0955 7.1607 8.9813 47.33
4.3043 18.0358 4.1766 9.08
3.3496 14.8030 8.6961 26.32
1.5851 8.0930 8.9851 43.54
4.9810 18.0026 3.5759 7.19
4.3939 16.5026 8.9511 24.42
2.0220 8.5515 8.9807 41.66
3.4987 18.0260 2.2693 3.27
3.3637 17.9858 8.0320 20.49
1.4379 9.0028 8.2081 37.74
4.1772 17.9934 1.0567 -0.53
4.0534 18.0031 6.7453 16.72
2.3364 11.3624 8.9773 33.94
1.0460 6.2476 8.9853 51.17
4.7108 17.9484 6.1259 14.84
2.9469 12.0609 8.9661 32.08
1.3714 6.5946 8.9686 49.31
5.4088 17.9700 5.5422 12.99
3.6440 12.8124 8.9451 30.20
1.7362 6.9819 8.9914 47.45
3.9300 18.0124 4.1457 9.04
3.0454 14.7836 8.6396 26.28
1.4384 8.1280 8.9798 43.52
4.5595 17.7925 2.9019 5.23
4.4679 18.0017 8.8761 22.49
1.9216 8.7956 8.6442 39.73
5.3099 18.0134 2.3302 3.37
5.1678 18.0033 8.2535 20.62
2.5247 9.6914 8.9597 37.85
6.0173 18.0078 1.7209 1.50
5.8480 17.9703 7.6298 18.76
3.0516 10.1511 8.8931 36.01
4.4962 17.9871 0.4352 -2.45
4.3510 17.9950 6.0948 14.79
2.7293 12.1702 8.9836 32.04
1.2493 6.6439 8.9864 49.29
5.0265 17.9805 5.5022 12.94
3.4088 12.9353 8.9619 30.16
1.6053 7.0236 8.9907 47.43
5.7453 18.0097 4.9113 11.06
4.1825 13.7655 8.9475 28.31
1.9967 7.3971 8.9781 45.56
6.4543 17.9965 4.3170 9.20
5.0713 14.6881 8.9306 26.43
2.4206 7.7899 8.9760 43.70
4.8888 17.9766 3.5623 7.17
4.3217 16.4881 8.9359 24.42
1.9862 8.5548 8.9710 41.64
5.5291 17.8021 2.9503 5.30
5.3845 17.8414 8.9447 22.56
2.3939 8.8255 8.7930 39.79
6.3009 17.9841 2.3727 3.45
6.1586 18.0014 8.3966 20.69
2.8518 9.1331 8.6401 37.91
7.0263 18.0016 2.4014 3.49
6.8390 17.9476 8.4965 20.76
3.1779 9.0643 8.7014 38.00
5.4255 17.9594 1.7050 1.47
5.2829 17.9824 7.5451 18.68
2.7906 10.3476 8.9502 35.94
6.1320 17.9723 1.0957 -0.39
5.9899 17.9778 6.9519 16.85
3.4042 10.9539 8.9505 34.07
1.6261 6.0484 8.9727 51.30
6.6916 17.9801 7.0432 16.89
3.7656 10.7934 8.9408 34.10
1.8228 5.9647 8.9674 51.35
7.4136 17.9828 7.1506 16.96
4.1197 10.6189 8.9540 34.22
2.0203 5.8817 8.9773 51.42
5.8091 17.9851 6.2385 14.89
3.5944 11.8444 8.9695 32.14
1.7111 6.4698 8.9623 49.39
6.5061 17.9670 6.3132 14.93
3.9779 11.6562 8.9566 32.20
1.9255 6.3826 8.9590 49.44
7.2384 18.0030 6.4236 15.01
4.0304 10.6922 8.9534 34.14
1.9608 5.8987 8.9611 51.39
7.9550 17.9952 7.2350 16.99
4.3607 10.4654 8.9343 34.25
2.1597 5.8193 8.9827 51.45
6.3241 18.0172 6.3048 14.92
3.8712 11.7081 8.9559 32.17
1.8682 6.4238 8.9784 49.43
7.0204 17.9627 6.3754 14.97
4.2578 11.5333 8.9584 32.23
2.0812 6.3324 8.9768 49.47
6.9641 16.2193 5.9676 15.05
4.6194 11.3025 8.9297 32.29
2.2873 6.2393 8.9764 49.51
8.5131 18.0139 7.3203 17.01
4.6142 10.3422 8.9419 34.29
2.2931 5.7440 8.9722 51.48
6.7980 17.9588 7.0464 16.89
3.8264 10.7877 8.9599 34.13
1.8584 5.9614 8.9770 51.34
7.5365 17.9738 7.1624 16.95
4.1780 10.5976 8.9441 34.17
2.0541 5.8836 8.9931 51.41
8.2598 17.9789 8.0000 18.91
4.1763 9.7134 8.9391 36.14
9.1915 17.9502 2.4995 3.61
8.9696 17.8907 8.8658 20.89
4.1069 8.7946 8.8459 38.14
7.4592 17.9930 2.4283 3.54
7.2940 17.9934 8.5781 20.76
3.3586 8.9926 8.7037 38.00
8.2169 17.9904 2.4621 3.58
8.0264 17.9720 8.7107 20.83
3.6350 8.7956 8.6634 38.06
8.9552 17.9451 3.1753 5.55
7.9995 16.4585 8.9110 22.78
3.7587 8.3348 8.9043 40.04
9.5056 17.5882 4.5447 9.42
7.0709 13.5256 8.8903 26.65
3.4804 7.2220 8.9476 43.91
7.9520 18.0005 4.4500 9.31
6.0430 14.1956 8.9286 26.55
2.9327 7.5374 8.9565 43.79
8.6640 17.9643 5.2004 11.27
5.9642 12.8566 8.9200 28.50
2.9427 6.9383 8.9534 45.76
9.4301 17.9618 5.9963 13.23
5.8659 11.6736 8.9145 30.46
2.9319 6.3964 8.9553 47.70
9.5454 16.8230 7.1985 17.14
5.3289 9.8894 8.9291 34.40
2.6765 5.4927 8.9432 51.60
8.3922 17.9879 8.0180 18.89
4.2252 9.6774 8.9312 36.15
9.3560 18.0109 2.5218 3.65
9.0233 17.7530 8.8346 20.90
4.1759 8.8130 8.8809 38.13
9.5178 16.9599 3.8014 7.54
7.9446 14.5601 8.9011 24.81
3.8650 7.6303 8.9352 42.00
9.5100 15.7426 4.9394 11.40
7.0786 12.1229 8.9035 28.63
3.5467 6.5836 8.9567 45.88
9.0293 18.0018 5.9573 13.22
3.2163 7.0402 5.7736 30.45
2.8132 6.4562 8.9475 47.67
9.5411 17.5654 7.3811 17.10
5.1392 9.9990 8.9079 34.32
2.5796 5.5687 8.9563 51.55
8.6552 14.8499 7.8281 20.98
4.6973 8.5549 8.9246 38.21
9.4398 14.7767 4.1772 9.53
8.0115 12.8735 8.8910 26.76
3.9726 6.8820 8.9343 44.03
9.5208 17.8164 5.2844 11.35
6.4371 12.5342 8.9032 28.57
3.1967 6.7788 8.9368 45.81
8.9539 15.5822 6.1118 15.19
5.8184 10.5826 8.9180 32.45
2.9374 5.8551 8.9602 49.69
9.1099 14.7602 7.9049 21.02
4.9109 8.4367 8.9436 38.25
9.5108 14.1113 4.1070 9.58
6.4882 10.0778 8.9107 32.57
3.3126 5.6055 8.9613 49.77
8.4230 15.0900 7.1854 19.01
4.7237 8.9622 8.6665 36.26
9.2758 15.0937 2.9859 5.66
9.0617 15.0567 8.6687 22.92
4.4625 7.9254 8.9193 40.15
9.5177 14.4370 4.7412 11.46
5.6967 9.1225 8.6257 34.43
2.9840 5.2433 8.8960 51.68
8.5771 12.3590 8.8651 26.84
4.2980 6.6544 8.9477 44.10
9.5098 15.9112 5.6254 13.33
6.4571 11.2473 8.8982 30.56
3.2519 6.1707 8.9313 47.78
9.4389 14.7557 7.3204 19.14
5.3150 8.7746 8.8021 36.36
9.4939 13.6120 3.4741 7.69
8.4499 12.4448 8.8708 26.86
4.2243 6.6915 8.9296 44.08
11.6669 15.6746 8.8203 21.18
5.5273 7.8798 8.9017 38.41
9.3577 14.7797 4.1707 9.53
7.9444 12.8978 8.8882 26.78
3.9527 6.9096 8.9422 44.01
11.0311 16.2860 8.8326 21.09
5.2122 8.1812 8.9255 38.32
9.4776 12.9526 4.5158 11.54
6.8601 9.7657 8.8974 32.61
3.5109 5.4319 8.9482 49.85
9.0700 11.7667 8.8047 26.92
4.2752 6.0039 8.9409 46.07
9.8739 14.9676 8.8410 22.96
4.7715 7.7348 8.9446 40.23
9.4916 13.2735 5.1433 13.45
6.0188 8.8278 8.6083 34.51
3.1991 5.1295 8.9460 51.74
8.2777 11.0304 8.8525 28.83
4.2239 6.0463 8.9354 46.04
9.4253 11.6077 8.8706 26.96
4.7298 6.2417 8.9159 44.22
9.0272 12.9530 6.1435 17.24
5.7173 8.6139 8.8938 36.44
9.4826 12.5551 3.9193 9.67
7.5577 10.3438 8.8796 30.73
3.8695 5.7217 8.9464 47.96
9.0572 11.4006 8.6714 26.96
4.6748 6.2947 8.9077 44.17
11.5490 13.3655 8.8337 23.20
5.6515 6.9514 8.9187 40.40
9.5055 12.8588 5.0704 13.47
6.2014 8.8042 8.6740 34.53
3.2755 5.0719 8.9489 51.76
9.0512 11.6223 8.7419 26.92
4.6442 6.3718 8.9505 44.18
11.4183 13.4744 8.8189 23.16
5.5941 7.0209 8.9307 40.40
9.5111 10.4698 5.1912 15.56
6.7124 7.7214 8.9043 36.64
9.4967 12.1812 3.8763 9.69
6.8519 9.1659 8.6058 32.67
3.6566 5.2957 8.9414 49.92
8.0397 9.9165 8.8871 30.81
4.1114 5.4702 8.9233 48.07
9.8399 11.1681 8.8614 27.01
4.9792 6.0427 8.9347 44.25
11.0817 11.6480 8.8326 25.18
5.5314 6.1959 8.9049 42.43
11.1959 13.7503 8.8344 23.13
5.4579 7.1265 8.9148 40.36
9.5102 10.8832 5.2665 15.53
6.5734 7.8704 8.9018 36.59
9.4857 10.1088 4.6178 13.65
7.8937 8.6794 8.8579 32.83
4.0843 4.8629 8.9050 50.02
8.6386 8.7981 8.1386 29.06
4.9224 5.3392 8.9229 46.27
11.4699 13.3868 8.8084 23.17
5.6368 6.9876 8.9338 40.40
9.4956 10.3522 5.6818 17.48
6.2498 7.1689 8.8841 38.57
9.4735 9.6256 5.0333 15.62
7.5230 7.9298 8.8904 34.78
3.8995 4.4624 8.9318 52.00
9.0682 8.7694 8.3131 29.10
5.0340 5.1909 8.9097 46.31
10.7793 12.0227 8.8416 25.12
5.3666 6.3902 8.9144 42.36
8.7388 9.1417 6.2100 21.35
6.4192 6.9983 8.8903 38.61
9.2780 8.9807 4.8797 15.66
7.7097 7.7257 8.8964 34.82
3.9966 4.3467 8.9261 52.04
8.5472 7.9161 8.8642 32.97
4.4686 4.4751 8.9506 50.18
7.9697 8.6651 8.8849 32.83
4.1094 4.8330 8.9152 50.08
8.8616 8.8857 7.7126 27.13
5.3213 5.6477 8.9226 44.38
7.5479 7.0904 5.7521 23.36
6.3364 6.1678 8.9054 40.60
9.4890 8.1852 5.7317 19.58
6.9848 6.2858 8.8723 38.75
9.4874 9.5416 5.0217 15.63
7.5751 7.8830 8.8890 34.77
3.9303 4.4440 8.9447 52.00
8.9846 8.6058 8.7792 31.02
4.7306 4.8690 8.9545 48.24
10.1440 8.9986 8.8625 29.15
5.2181 4.9590 8.9133 46.40
9.6251 7.9912 8.8620 31.11
4.9996 4.4665 8.9160 48.36
9.1003 8.8154 7.2550 25.24
5.7877 5.9177 8.9079 42.48
7.6117 6.9349 5.7334 23.38
6.4405 6.0729 8.9215 40.61
9.4956 7.9389 5.6886 19.62
6.6056 5.8073 8.9006 40.68
11.4860 8.9461 8.8269 27.33
5.9011 4.9106 8.9301 44.57
9.5708 8.8010 7.4269 25.28
5.9324 5.7651 8.9213 42.52
7.7325 6.6957 5.7159 23.42
6.0982 5.5118 8.9046 42.60
10.5341 8.4316 8.8592 29.23
5.4488 4.6730 8.9303 46.48
9.9556 7.4463 8.8487 31.20
5.2022 4.1892 8.9276 48.44
10.1558 8.9093 8.8462 29.19
5.2588 4.9382 8.9306 46.39
9.6461 7.9233 8.8552 31.14
5.0183 4.4348 8.9115 48.36
8.4934 6.5885 8.8663 35.03
4.4594 3.7547 8.9371 52.24
7.5389 5.5066 8.8927 38.91
9.4802 7.8223 5.1908 17.69
6.6404 5.7665 8.9026 40.68
11.4836 8.8506 8.7974 27.33
5.9039 4.8546 8.9021 44.58
10.8559 7.8211 8.8297 29.31
5.6351 4.3544 8.9087 46.56
10.2583 6.8886 8.8363 31.28
5.3676 3.8868 8.9079 48.52
8.4017 6.7759 8.8776 34.97
4.3717 3.8329 8.9099 52.24
7.9779 6.0292 8.8689 36.96
9.5119 6.4428 4.9809 17.85
7.0913 5.0539 8.8958 40.84
9.5240 6.0040 5.7928 21.76
7.7437 5.0716 8.8629 38.99
9.4725 7.0645 5.5169 19.72
6.8831 5.3883 8.8921 40.76
11.9092 8.2494 8.8258 27.41
6.1322 4.5363 8.9235 44.67
10.3658 6.7318 8.8528 31.32
5.4149 3.7976 8.9084 48.56
8.4627 5.1931 8.8756 37.10
9.4825 6.6971 5.0083 17.81
7.5144 5.5415 8.8892 38.90
9.4809 6.2300 5.3823 19.84
7.1503 4.9264 8.8819 40.85
11.3357 6.9188 8.8239 29.44
5.9161 3.8825 8.9175 46.68
9.0094 5.1771 8.7017 35.24
4.6825 2.9509 8.6629 52.44
8.1807 5.6661 8.8628 37.04
9.4877 5.8976 5.3191 19.82
8.3621 5.3664 8.8713 37.09
9.4912 5.4452 5.2578 19.91
6.9047 4.1907 8.9031 42.89
10.8192 5.7604 8.8413 31.44
5.4464 3.1561 8.6068 48.68
11.2196 7.1571 8.8345 29.43
5.8413 4.0018 8.9044 46.64
9.0423 5.4415 8.7987 35.19
4.6278 3.0515 8.6646 52.44
7.4759 4.2474 8.8696 41.00
8.9483 4.4877 6.1536 25.75
6.6272 3.5226 8.9054 44.90
9.7525 5.9541 8.8451 33.27
4.4985 3.0214 8.0188 50.52
7.9855 4.6041 8.8732 39.10
9.5090 4.8448 5.5929 21.87
7.0583 3.8015 8.8819 42.97
11.9332 5.5648 8.8357 29.63
6.0092 3.0421 8.6282 46.83
9.0558 5.2582 8.7512 35.21
4.6809 2.9780 8.6806 52.45
7.5572 4.1336 8.8905 41.02
8.9696 4.3350 6.1361 25.76
5.8075 3.0101 7.9484 44.90
10.3191 4.5539 8.8358 33.50
5.0956 2.5005 8.9280 52.60
7.5208 4.2109 8.8905 41.01
8.9651 4.4356 6.1516 25.75
6.6279 3.4720 8.8824 44.89
10.3017 4.6700 8.8490 33.47
5.4479 2.7088 8.9075 50.67
7.1440 3.0839 8.7130 43.09
11.7480 5.9062 8.8102 29.59
6.1737 3.3508 8.9187 46.80
9.5502 4.4834 8.8661 35.37
5.0482 2.6089 8.9261 52.59
6.6581 2.9884 8.7371 44.98
8.1709 3.1812 7.6332 35.45
5.1802 2.2132 8.9110 52.68
8.2294 4.0355 8.8682 39.18
9.4937 4.0664 5.4856 21.98
6.6369 3.0545 8.7411 44.97
9.7319 3.8651 8.8493 35.47
5.1733 2.2742 8.9315 52.68
8.2507 2.9853 8.1206 37.42
9.4865 4.1645 5.0932 20.08
6.2973 2.9853 7.9364 43.05
9.7069 3.9615 8.8506 35.44
5.1532 2.3293 8.9301 52.67
8.3006 3.1112 8.6851 39.34
9.2839 2.9733 5.6932 24.08
8.0091 2.7016 8.8629 41.29
10.4040 4.3295 8.8373 33.51
5.5033 2.5176 8.9048 50.76
7.7484 3.0224 8.7131 41.21
8.8598 2.9627 5.8922 25.96
7.4685 2.6279 8.8886 43.21
9.4628 2.8016 7.0354 29.86
6.5605 2.1051 8.8966 47.06
7.8012 3.1034 7.8207 37.40
9.1940 3.1365 5.2705 22.11
7.8768 2.8265 8.2897 39.38
9.2420 2.8000 5.6539 24.08
8.0697 2.5799 8.8895 41.32
11.6080 3.0634 8.8247 31.79
6.1604 1.8246 8.9103 49.01
8.3086 3.0316 7.7011 35.49
5.2165 2.0948 8.9211 52.75
9.0156 2.9242 8.6814 37.48
9.4575 2.5861 5.3280 22.18
7.0454 2.1078 8.8754 45.17
10.0768 2.4382 8.8537 35.66
3.0769 0.9510 5.8172 52.89
8.3242 2.8079 8.1472 37.48
9.4807 2.6921 5.3466 22.18
7.0588 2.1843 8.9070 45.16
10.0586 2.5547 8.8574 35.66
3.0666 0.9848 5.8117 52.87
7.6413 1.7416 8.8754 43.35
9.3721 2.8016 6.5436 27.93
7.0163 2.2547 8.8876 45.17
10.0316 2.6495 8.8433 35.62
3.0621 1.0196 5.8163 52.87
7.6382 1.8187 8.8890 43.36
10.9134 2.0215 8.8489 33.84
5.8198 1.2632 8.9246 51.05
8.0938 2.3033 8.8568 41.36
11.6617 2.6913 8.8254 31.85
6.2010 1.6227 8.9183 49.08
8.7795 1.7967 8.8537 39.57
9.4870 1.4780 5.6868 24.30
6.7113 1.2118 8.9003 47.25
9.3466 2.3367 8.8427 37.59
9.4829 1.9152 5.3035 22.30
7.1372 1.6068 8.8849 45.29
10.1663 1.7535 8.8552 35.76
3.0994 0.7209 5.8015 52.98
7.7202 1.1289 8.8921 43.48
10.8788 2.3595 8.8499 33.78
3.3288 0.9211 5.8162 51.03
8.2447 1.5740 8.8859 41.47
7.5248 1.1153 5.7886 30.05
6.7189 1.1018 8.9037 47.29
10.2355 1.1021 8.8620 35.81
3.1143 0.5096 5.7945 53.05
7.6594 1.5780 8.8734 43.39
10.9358 1.6691 8.8383 33.87
5.8235 1.0628 8.9024 51.10
8.8511 1.0972 8.8596 39.67
9.4506 0.7256 5.6597 24.41
7.2320 0.6929 8.9019 45.46
10.1697 1.6853 8.8458 35.75
3.1080 0.7017 5.8099 52.99
7.6893 1.0668 8.3549 41.54
8.9852 0.8083 6.2151 28.18
7.2335 0.7705 8.8996 45.42
10.9871 0.5843 8.8494 34.01
5.8507 0.4699 8.8966 51.22
8.8525 1.2838 8.8678 39.64
9.4794 0.9201 5.6668 24.35
7.2315 0.8407 8.9025 45.41
11.8272 0.7233 8.8290 32.05
6.2788 0.5446 8.8974 49.32
9.5255 0.3022 8.8642 37.85
9.4682 1.0060 5.2717 22.41
7.7131 0.9630 8.8712 43.50
7.5206 0.5891 5.7766 30.14
6.7572 0.6352 8.9145 47.37
10.2191 0.4128 8.8556 35.94
3.1192 0.2805 5.7967 53.15
9.5144 0.0521 8.8639 37.88
9.4856 0.7587 5.2781 22.45
7.7433 0.7594 8.8920 43.53
7.5196 0.3902 5.7771 30.18
6.7353 0.4532 8.8887 47.40
9.4972 0.1153 7.3775 32.11
6.2612 0.2069 8.8813 49.38
8.8477 -0.1623 8.8669 39.84
9.4549 0.5190 5.6579 24.41
7.2087 0.5321 8.8782 45.49
10.9573 0.2333 8.8323 34.04
5.8683 0.2727 8.9244 51.28
8.2771 -0.0460 8.8825 41.74
11.7568 -0.6286 8.8349 32.19
6.2645 -0.1998 8.9064 49.42
9.5355 0.3428 8.8780 37.87
9.4556 -0.0715 5.6715 24.48
8.2967 0.0365 8.9022 41.75
11.7404 -0.5053 8.8213 32.20
6.2619 -0.1300 8.9060 49.45
8.8119 -0.6281 8.8704 39.88
9.4642 0.0246 5.6727 24.48
8.2963 0.1206 8.8895 41.70
11.7681 -0.3860 8.8313 32.19
6.2586 -0.0662 8.8997 49.45
8.8238 -0.5381 8.8795 39.90
7.5254 -0.7551 5.8433 30.36
6.6601 -0.5881 8.8879 47.57
9.5459 -0.1587 8.9061 37.93
9.4715 -0.5684 5.7013 24.54
7.1740 -0.3137 8.8787 45.61
10.1094 -0.9190 8.8569 36.09
3.0959 -0.1585 5.8073 53.31
7.1207 -0.8414 8.9029 45.71
10.1833 -0.4568 8.8618 36.01
3.1172 -0.0039 5.8125 53.26
7.6946 -0.5607 8.9110 43.74
10.0858 -1.1849 8.8702 36.12
3.0860 -0.2459 5.8110 53.34
7.0960 -1.0320 8.9134 45.73
10.1622 -0.7234 8.8687 36.04
3.1053 -0.0914 5.8084 53.29
7.6625 -0.7638 8.9080 43.77
10.0164 -1.4444 8.8544 36.15
3.0833 -0.3345 5.8276 53.37
7.0587 -1.2206 8.9161 45.76
10.1282 -0.9886 8.8685 36.07
3.0943 -0.1795 5.8098 53.32
7.1201 -0.8847 8.9120 45.72
9.0472 -1.5392 8.6730 38.09
9.4695 -2.0335 5.8331 24.71
6.5336 -1.2973 8.9083 47.71
8.7436 -1.0522 8.8738 39.96
11.5498 -1.9047 8.8424 32.34
6.1716 -0.9002 8.9246 49.57
8.0605 -1.5654 8.9024 41.96
10.5445 -2.5223 8.8572 34.33
3.2220 -0.6821 5.7875 51.55
7.5920 -1.0841 8.8837 43.78
9.9519 -1.8781 8.8674 36.16
3.0509 -0.4715 5.8264 53.44
6.9727 -1.5176 8.8974 45.78
8.4892 -2.2297 8.8932 40.09
11.4922 -2.0849 8.8228 32.32
6.1440 -1.0012 8.9248 49.61
8.0362 -1.6941 8.9029 41.95
9.7847 -2.4904 8.8774 36.27
3.0536 -0.6905 5.9046 53.51
8.3893 -2.4433 8.8680 40.11
11.4382 -2.3858 8.8416 32.37
6.1023 -1.1650 8.9084 49.59
7.4483 -1.7661 8.9070 43.89
8.9495 -2.5202 8.8016 38.19
9.2431 -3.0321 5.4778 22.90
8.3210 -2.6654 8.8752 40.13
11.3542 -2.6803 8.8390 32.40
6.0755 -1.3318 8.9266 49.62
7.3795 -1.9597 8.8966 43.91
8.6257 -2.7071 6.7609 30.56
6.3504 -1.9194 8.9070 47.79
8.6355 -3.0483 7.7343 34.43
5.4522 -1.8553 8.9275 51.64
6.9187 -1.7463 8.9103 45.82
9.2142 -2.7837 7.5626 32.47
5.9533 -1.7147 8.9233 49.70
8.2263 -2.8035 7.4050 34.39
5.4720 -1.7958 8.9195 51.61
7.9788 -3.0319 8.7183 40.18
9.0116 -2.6401 6.1128 26.68
7.3444 -2.0764 8.8951 43.91
8.9326 -2.9644 6.5521 28.65
6.7660 -2.1795 8.9068 45.90
10.1662 -3.7775 8.8867 34.41
5.4138 -1.9424 8.9175 51.64
7.3837 -3.0195 8.7421 42.11
8.6580 -2.7762 6.3749 28.64
6.8020 -2.1121 8.9089 45.85
8.7418 -3.1519 7.3572 32.49
5.8437 -2.0334 8.9295 49.74
7.9189 -3.1657 8.2223 38.28
9.4528 -4.2453 5.7618 22.97
6.2749 -2.7568 8.6690 45.98
8.8444 -3.0872 7.4067 32.49
5.8695 -1.9743 8.9286 49.72
7.5653 -2.9309 7.8904 38.26
9.4669 -4.1419 5.7430 22.94
6.4767 -2.7598 8.8503 45.94
8.9870 -4.2820 8.8191 36.41
4.8442 -2.2553 8.9439 53.64
7.3944 -2.7623 8.6645 42.11
10.7274 -4.5273 8.8745 32.55
5.7049 -2.3407 8.9183 49.78
7.9232 -3.6628 8.8989 40.24
11.1682 -5.7115 8.8698 30.68
5.7579 -2.9016 8.7438 47.93
8.6672 -3.5293 8.8758 38.27
9.4528 -4.3158 5.7791 22.99
6.2127 -2.7703 8.6161 45.98
8.9591 -4.4453 8.8593 36.44
4.7970 -2.3322 8.9370 53.66
6.6906 -3.6145 8.9198 44.09
9.8890 -4.3499 8.8724 34.46
5.2916 -2.2706 8.9520 51.72
7.3470 -3.5320 8.9110 42.15
10.2783 -5.4556 8.8806 32.59
5.2601 -2.7525 8.6620 49.84
8.1275 -4.6915 8.9280 38.39
9.4543 -4.4956 5.8086 22.98
6.3003 -2.9346 8.7629 45.96
8.3322 -4.2985 8.9079 38.34
8.9437 -5.0864 6.1735 24.96
6.6199 -3.7175 8.9191 44.13
8.9896 -5.5232 8.7307 34.58
4.7263 -2.8831 8.6873 51.79
7.2811 -3.6498 8.9139 42.18
10.1808 -5.6207 8.8812 32.60
5.1554 -2.8072 8.5896 49.86
7.5040 -4.4949 8.9319 40.30
10.5018 -6.8436 8.8818 30.74
5.5652 -3.6101 8.9642 47.99
8.2550 -4.4339 8.9062 38.35
8.9334 -5.2624 6.2134 24.98
6.5805 -3.8391 8.9415 44.12
9.4742 -6.0398 7.5943 28.82
5.9960 -3.8008 8.9371 46.04
8.2849 -5.7101 8.9215 36.51
4.2456 -2.9170 8.7040 53.73
7.0681 -4.0303 8.9150 42.22
9.4779 -5.9158 7.0621 26.89
6.4683 -4.0108 8.9355 44.13
8.9452 -6.0287 8.8903 34.57
4.5891 -3.0853 8.6783 51.79
7.0552 -5.1427 8.9208 40.33
10.7225 -6.5292 8.8929 30.74
5.6538 -3.4141 8.9279 47.97
7.8079 -5.1442 8.9026 38.40
12.0083 -8.5669 8.8862 26.92
6.1816 -4.4069 8.9300 44.18
9.9480 -7.6596 8.9071 30.79
5.2446 -4.0454 8.9584 48.03
7.8805 -5.0802 8.9217 38.39
11.1149 -7.7536 8.8749 28.84
5.7979 -4.0416 8.9167 46.09
8.6283 -6.5022 8.9068 34.59
4.5860 -3.4619 8.9561 51.82
6.7743 -5.5145 8.9315 40.36
10.3615 -7.0791 8.8970 30.77
5.4589 -3.7157 8.9319 48.00
8.0908 -5.9715 8.9118 36.49
4.1391 -3.0525 8.7020 53.77
6.3756 -5.0842 8.9452 42.29
10.3155 -8.8343 8.8963 28.87
5.3632 -4.6233 8.9352 46.14
8.7748 -6.3359 8.9188 34.59
4.0788 -2.9518 8.0613 51.85
7.3940 -5.7656 8.9296 38.43
7.6287 -6.4412 6.0464 25.05
6.2318 -5.2488 8.9397 42.30
10.9631 -9.8976 8.8993 26.94
5.6394 -5.1236 8.9515 44.19
9.9825 -7.6169 8.9069 30.79
5.2467 -4.0053 8.9321 48.02
7.7772 -6.4026 8.9282 36.51
4.1160 -3.4000 8.9703 53.79
6.5096 -5.7847 8.9118 40.38
7.5063 -7.1781 5.8024 23.14
6.3230 -6.0491 8.9454 40.39
10.5773 -8.5118 8.8944 28.87
5.5095 -4.4486 8.9249 46.09
8.1692 -7.0879 8.9139 34.60
4.3217 -3.7761 8.9557 51.87
7.9340 -7.4103 8.9474 34.63
4.1746 -3.9410 8.9489 51.85
7.6303 -7.6746 8.9323 34.67
4.0311 -4.1092 8.9710 51.88
6.6433 -5.6574 8.9275 40.38
11.8495 -10.8045 8.8766 25.06
6.0123 -5.5207 8.9469 42.29
9.2426 -9.1008 7.4451 25.07
5.8048 -5.7463 8.9575 42.32
9.4921 -10.0272 7.8324 25.06
5.6113 -5.9743 8.9764 42.31
11.0117 -9.8490 8.9036 26.95
5.6575 -5.0891 8.9402 44.19
9.1150 -8.7818 7.8334 26.98
5.4726 -5.3101 8.9601 44.22
8.7017 -9.0191 7.7684 26.98
5.2679 -5.5080 8.9600 44.24
8.1587 -9.1063 7.6067 26.96
5.0779 -5.7228 8.9770 44.22
9.2743 -8.7583 7.8787 26.96
5.5329 -5.2528 8.9588 44.19
8.7603 -8.8950 7.7458 26.98
5.3243 -5.4518 8.9540 44.22
9.4968 -10.3510 8.5395 26.98
5.1150 -5.6446 8.9541 44.25
9.5012 -11.1396 8.8344 26.97
4.9183 -5.8526 8.9685 44.22
8.9057 -8.8638 7.7818 26.96
5.3970 -5.4069 8.9678 44.20
7.6732 -8.2208 7.6096 28.90
4.8245 -5.2228 8.9620 46.17
7.7218 -8.8927 7.9027 28.91
4.6225 -5.3948 8.9563 46.18
9.3283 -11.5289 8.9293 26.97
4.7593 -5.9825 8.9654 44.22
8.3373 -8.7496 7.5379 26.97
5.2320 -5.5320 8.9418 44.20
9.4813 -10.6643 8.6516 26.98
5.0288 -5.7359 8.9627 44.25
9.4390 -11.4185 8.9367 27.01
4.8218 -5.9320 8.9752 44.25
9.3628 -12.1906 8.5604 25.07
4.9404 -6.5385 8.9651 42.32
9.4946 -10.4772 7.9944 25.09
5.4506 -6.0770 8.9453 42.31
9.4897 -11.2448 8.2590 25.08
5.2390 -6.2939 8.9638 42.31
9.4657 -12.0794 7.9272 23.18
5.3692 -6.9498 8.9720 40.44
8.8544 -12.1646 7.1903 21.24
5.5061 -7.6736 8.9681 38.46
9.4605 -10.9835 6.9832 21.24
6.1035 -7.1591 8.9559 38.49
9.4639 -11.8256 6.6505 19.34
6.2957 -7.9396 8.9667 36.55
3.2800 -4.2329 8.9723 53.84
6.4418 -8.7423 8.9443 34.66
3.3716 -4.7008 8.9856 51.89
6.6253 -9.7042 8.9674 32.72
3.4306 -5.1693 8.9751 50.01
7.9648 -9.7834 8.9445 30.84
4.1483 -5.1891 8.9674 48.07
8.2704 -10.9150 8.9595 28.92
4.2543 -5.7393 8.9831 46.17
8.5061 -12.0999 8.9185 27.01
4.3434 -6.3209 8.9879 44.25
7.8977 -12.1491 8.1412 25.07
4.4178 -6.9381 8.9799 42.31
9.4457 -12.1818 7.9470 23.15
5.3366 -6.9879 8.9738 40.42
8.7525 -12.1876 7.1808 21.26
5.4570 -7.7005 8.9669 38.48
8.0916 -12.1691 6.4501 19.31
5.5635 -8.4708 8.9680 36.59
2.8856 -4.5459 8.9882 53.82
6.1347 -10.0812 8.9876 32.70
3.0663 -5.2235 8.7841 49.99
6.4954 -8.9232 7.9973 30.85
3.8655 -5.4123 8.9671 48.08
7.7006 -11.3463 8.9566 28.89
3.9498 -5.9758 8.9913 46.16
7.6193 -12.1561 8.0763 25.08
4.3030 -7.0189 8.9889 42.33
7.0579 -12.1910 6.8073 21.23
4.6829 -8.2450 8.9908 38.49
8.4464 -12.1621 6.5227 19.32
5.7438 -8.3629 8.9669 36.55
2.9460 -4.4376 8.9116 53.81
5.7332 -9.0218 8.8104 34.63
3.0079 -4.8968 8.9287 51.91
6.4487 -10.9526 8.9803 30.82
3.3132 -5.8178 8.9922 48.06
6.5902 -12.1384 8.4030 26.99
3.5871 -6.8147 8.9854 44.20
7.9717 -12.1534 8.1659 25.08
4.4500 -6.9293 8.9949 42.33
7.3697 -12.1710 6.8713 21.25
4.8467 -8.1387 8.9816 38.47
6.7923 -12.1761 5.6788 17.38
5.2930 -9.6044 8.9942 34.63
2.7130 -5.1402 8.9820 51.86
6.1876 -12.1408 8.8939 28.88
2.7220 -5.6299 8.9953 49.98
7.2414 -11.7046 8.9862 28.91
3.6992 -6.1591 8.9975 46.12
6.9316 -12.1484 7.9016 25.07
4.0101 -7.2129 8.9915 42.30
6.3709 -12.1761 6.6706 21.23
4.3301 -8.4446 8.9850 38.47
5.8119 -12.1337 5.0211 15.46
5.0599 -10.6928 9.0004 32.73
2.5733 -5.7111 8.9993 49.97
6.9433 -11.9045 8.9921 28.90
3.5342 -6.2596 8.9952 46.12
6.5272 -12.1681 7.8168 25.07
3.8189 -7.3215 8.9941 42.31
5.9711 -12.1617 6.0615 19.29
4.2283 -8.7862 8.6580 36.56
2.2534 -4.9321 8.9971 53.79
5.1905 -11.6897 9.0094 30.81
2.6184 -6.2024 9.0025 48.04
6.6683 -12.1461 8.4163 26.96
3.6344 -6.8211 9.0117 44.20
6.1123 -12.1494 6.6159 21.23
4.1943 -8.5123 8.9851 38.48
5.5893 -12.1647 5.0068 15.48
4.9075 -10.7937 9.0049 32.69
2.4906 -5.7668 9.0090 49.94
5.0408 -12.1477 7.4855 25.02
3.0054 -7.5203 8.8246 42.29
6.2625 -12.1303 6.0977 19.28
4.4295 -8.7359 8.6835 36.53
2.3563 -4.8868 9.0065 53.79
3.0993 -6.8184 5.8491 30.80
2.7467 -6.1410 9.0047 48.05
5.1672 -12.1233 7.5039 25.04
3.0700 -7.4745 8.8107 42.29
4.6859 -12.1601 5.3766 17.35
3.9155 -10.3350 9.0284 34.62
1.9529 -5.5351 9.0080 51.83
5.8597 -12.1426 8.8127 28.88
3.0066 -6.4985 8.9445 46.10
5.3262 -12.1315 6.9978 23.13
3.4864 -8.1751 9.0004 40.36
4.8375 -12.1573 4.9048 15.42
4.3528 -11.0731 9.0181 32.67
2.1836 -5.9126 9.0158 49.93
4.3035 -12.1242 7.3400 25.00
2.6850 -7.8922 9.0184 42.25
5.4943 -12.1569 5.9866 19.29
3.9998 -9.0353 8.7351 36.51
2.0944 -5.0278 9.0158 53.77
3.0279 -7.6397 5.8967 28.87
2.6158 -6.7533 9.0190 46.11
4.4566 -12.1473 6.3357 21.18
3.1051 -8.7410 8.7801 38.42
3.9882 -12.1581 3.9051 11.61
3.9416 -12.1279 8.3748 28.82
2.1136 -6.9566 9.0224 46.08
5.1146 -12.1409 6.4336 21.19
3.5753 -8.7375 8.9214 38.43
4.6411 -12.1982 4.4389 13.58
4.5159 -11.9996 9.0087 30.77
2.2591 -6.3835 9.0260 48.02
4.0943 -12.1282 6.2766 21.17
2.8348 -8.7094 8.6791 38.41
3.6490 -12.1788 3.8838 11.60
3.5909 -12.1177 8.3048 28.81
1.9284 -7.0139 9.0157 46.07
4.7421 -12.1329 6.3773 21.20
3.3181 -8.7492 8.8517 38.44
4.2626 -12.1616 4.3828 13.52
4.2081 -12.1297 9.0134 30.76
2.0904 -6.4464 9.0210 48.00
3.7519 -12.1350 6.2375 21.17
2.6459 -8.8975 8.7684 38.40
3.3132 -12.1763 3.8581 11.58
3.2469 -12.1320 8.2490 28.78
1.7527 -7.0924 9.0316 46.03
4.3940 -12.1661 6.3365 21.19
3.0461 -8.7267 8.7532 38.43
3.9147 -12.1428 3.8893 11.58
3.8615 -12.1215 8.3547 28.81
2.0840 -6.9773 9.0267 46.06
3.4218 -12.1593 5.7087 19.21
2.3987 -8.9115 8.2138 36.46
1.2981 -5.3454 9.0171 53.69
2.9319 -12.1435 7.1363 24.93
1.8511 -8.2053 9.0513 42.20
4.0475 -12.1565 4.8230 15.41
3.7171 -11.3691 9.0515 32.67
1.8272 -6.0444 9.0091 49.91
3.5400 -12.1501 6.7122 23.06
2.4112 -8.6607 9.0559 40.34
3.1063 -12.1727 3.8333 11.52
3.0494 -12.1341 8.2246 28.79
1.6429 -7.1303 9.0307 46.00
2.6215 -12.1397 5.1489 17.25
2.2708 -10.9009 9.0346 34.53
1.0529 -5.8421 9.0147 51.73
3.6608 -12.1376 7.2441 24.99
2.3013 -8.0443 9.0283 42.22
3.2272 -12.1608 4.2925 13.46
3.1687 -12.1316 8.8109 30.72
1.5739 -6.6195 9.0179 47.96
2.7464 -12.1443 5.6384 19.20
2.2011 -10.1477 9.0443 36.41
1.0096 -5.4193 9.0121 53.68
2.2801 -12.1467 6.5597 23.00
1.5053 -8.6991 8.8648 40.22
3.3546 -12.1503 4.3012 13.47
3.3087 -12.1459 8.8424 30.72
1.6394 -6.5968 9.0155 47.97
2.8728 -12.1263 5.6426 19.20
2.3044 -10.1365 9.0634 36.45
1.0700 -5.4294 9.0454 53.69
2.4030 -12.1183 6.5570 22.99
1.5976 -8.7206 8.9118 40.27
1.9978 -12.1705 3.3434 9.59
1.9297 -12.1081 7.5186 26.79
1.1015 -7.8171 9.0537 44.05
3.0206 -12.1515 4.7284 15.37
2.8310 -11.6724 9.0579 32.63
1.3466 -6.2180 9.0317 49.87
2.5351 -12.1328 6.0947 21.12
1.7755 -9.0588 8.6909 38.33
2.1312 -12.1730 2.9159 7.66
2.0741 -12.1285 7.0357 24.91
1.2892 -8.3691 9.0692 42.14
1.6748 -12.1528 3.3196 9.54
1.6117 -12.1260 7.4954 26.77
0.8937 -7.8346 9.0328 44.03
2.6903 -12.1575 4.7038 15.35
2.5349 -11.7770 9.0717 32.61
1.1799 -6.2530 9.0184 49.85
2.2273 -12.1771 5.6007 19.17
1.7757 -10.2619 9.0577 36.41
0.7799 -5.5021 9.0477 53.65
1.7622 -12.1540 6.5196 22.99
1.1266 -8.7226 8.8255 40.22
1.3603 -12.1616 2.8886 7.62
1.3084 -12.1550 6.9718 24.84
0.7639 -8.4216 9.0342 42.11
2.3695 -12.1546 3.7904 11.51
2.3053 -12.1241 8.1183 28.78
1.2255 -7.2489 9.0449 45.98
1.9041 -12.1419 4.6454 15.31
1.8209 -11.9782 9.0874 32.56
0.7867 -6.3699 9.0478 49.79
1.4569 -12.1419 5.0706 17.20
1.2550 -11.1890 9.0768 34.45
0.4885 -5.9640 9.0321 51.70
1.0129 -12.1678 5.5154 19.10
0.7669 -10.4532 9.0659 36.34
0.2235 -5.5842 9.0369 53.60
2.0102 -12.1659 6.5402 22.98
1.3171 -8.7170 8.8455 40.21
1.6106 -12.1768 2.8964 7.63
1.5548 -12.1534 6.9942 24.87
0.9373 -8.4218 9.0486 42.09
1.1655 -12.1553 3.3078 9.53
1.1045 -12.1258 7.4566 26.76
0.5653 -7.9229 9.0666 44.00
0.7302 -12.1639 3.2955 9.51
0.6612 -12.1195 7.4262 26.74
0.2781 -7.9475 9.0583 43.97
1.7117 -12.1281 4.1880 13.39
1.6555 -12.1289 8.5904 30.64
0.7598 -6.8285 9.0332 47.88
1.2706 -12.1657 4.6160 15.27
1.1997 -12.0731 9.0769 32.52
0.4506 -6.4376 9.0603 49.75
0.8343 -12.1418 4.5872 15.23
0.7578 -12.1206 9.0697 32.49
0.2167 -6.4770 9.0692 49.71
0.4035 -12.1701 4.5827 15.22
0.3261 -12.1114 9.0299 32.44
-0.0205 -6.4687 9.0408 49.71
1.3781 -12.1408 5.0586 17.17
1.1955 -11.2087 9.0857 34.45
0.4547 -5.9734 9.0307 51.67
0.9439 -12.1424 5.5071 19.11
0.7064 -10.4725 9.0736 36.33
0.1899 -5.6031 9.0506 53.57
0.5061 -12.1374 5.4822 19.07
0.3335 -10.5364 9.0833 36.28
-0.0157 -5.6226 9.0502 53.54
0.0716 -12.1487 5.4694 19.03
-0.0468 -10.5703 9.0948 36.27
-0.2232 -5.6282 9.0446 53.53
1.0607 -12.1280 5.9678 21.00
0.6553 -8.9927 8.4754 38.26
0.6775 -12.1841 2.0317 3.72
0.6199 -12.1489 5.9598 21.00
0.3769 -9.7884 9.0801 38.25
0.2536 -12.1510 2.0250 3.71
0.1865 -12.1464 5.9374 20.95
0.0288 -9.8218 9.0740 38.19
-0.1739 -12.1693 1.6007 1.74
-0.2399 -12.1575 5.4646 19.00
-0.3207 -10.5865 9.0974 36.24
-0.3729 -5.6386 9.0513 53.50
0.7453 -12.1625 5.4997 19.08
0.5439 -10.4804 9.0694 36.33
0.1033 -5.6076 9.0504 53.58
0.3173 -12.1383 5.4760 19.05
0.1640 -10.5485 9.0887 36.29
-0.1088 -5.6250 9.0429 53.52
-0.1172 -12.1416 5.4587 19.00
-0.2131 -10.5593 9.0728 36.23
-0.3150 -5.6473 9.0601 53.49
-0.5426 -12.1468 4.9950 17.04
-0.6096 -11.4061 9.1109 34.30
-0.5289 -6.0666 9.0703 51.58
0.4360 -12.1514 5.0210 17.11
0.3242 -11.3338 9.0963 34.38
-0.0206 -6.0541 9.0630 51.60
0.0070 -12.1314 5.0069 17.10
-0.0821 -11.3922 9.1181 34.36
-0.2447 -6.0548 9.0466 51.57
-0.4120 -12.1516 4.5545 15.14
-0.4960 -12.1256 9.0159 32.39
-0.4690 -6.5069 9.0554 49.62
-0.8430 -12.1659 4.1166 13.19
-0.9203 -12.0856 8.4342 30.47
-0.7261 -6.9680 9.0575 47.68
0.1444 -12.1678 4.1356 13.28
0.0742 -12.1000 8.4533 30.53
-0.1451 -6.9560 9.0566 47.77
-0.2751 -12.1805 3.6981 11.34
-0.3504 -12.1003 7.8948 28.56
-0.3926 -7.4592 9.0534 45.80
-0.7037 -12.1600 3.2595 9.37
-0.7726 -12.1017 7.3644 26.59
-0.6865 -8.0176 9.0821 43.85
-1.1349 -12.1895 2.8391 7.43
-1.2003 -12.1380 6.8802 24.65
-1.0157 -8.6014 9.1091 41.92
-0.1373 -12.1892 2.4391 5.61
-0.2047 -12.1135 6.3884 22.83
-0.2911 -8.8826 8.8200 40.05
-0.5660 -12.1854 2.0086 3.63
-0.6276 -12.1106 5.9054 20.88
-0.6433 -9.8596 9.0948 38.15
-0.9731 -12.1733 1.5916 1.70
-1.0508 -12.1277 5.4475 18.94
-1.0399 -10.6410 9.1282 36.15
-0.7652 -5.6410 9.0537 53.42
-1.4654 -12.1332 4.5432 15.05
-1.5532 -12.1171 9.0169 32.28
-1.0509 -6.5039 9.0810 49.55
-0.4780 -12.1648 4.1221 13.23
-0.5492 -12.0769 8.4234 30.48
-0.5115 -6.9742 9.0643 47.72
-0.8969 -12.1603 3.6863 11.29
-0.9754 -12.1285 7.9056 28.51
-0.7859 -7.4864 9.0822 45.75
-1.3108 -11.9692 3.2221 9.32
-1.3995 -12.1244 7.3812 26.54
-1.0993 -7.9347 9.0165 43.80
-1.7473 -12.1823 2.4137 5.46
-1.8152 -12.1111 6.3925 22.69
-1.4825 -8.7806 8.7617 39.91
-0.7509 -12.1813 2.0035 3.60
-0.8129 -12.1449 5.9141 20.85
-0.7950 -9.8794 9.1036 38.11
-1.1718 -12.1503 1.5771 1.63
-1.2397 -12.1282 5.4462 18.92
-1.2089 -10.6064 9.1146 36.16
-0.8593 -5.6455 9.0649 53.39
-1.6588 -12.1331 4.5441 15.03
-1.7525 -12.1238 9.0292 32.27
-1.1515 -6.4475 9.0175 49.51
-2.0848 -12.1594 3.6881 11.20
-2.1688 -12.0993 7.9242 28.39
-1.5313 -7.4262 9.0735 45.63
-1.0831 -12.1353 3.2520 9.34
-1.1624 -12.1328 7.3845 26.57
-0.9431 -7.9972 9.0749 43.84
-1.4988 -12.1604 2.4111 5.47
-1.5727 -12.1103 6.3835 22.70
-1.3009 -8.7878 8.7651 39.97
-1.9124 -12.1856 1.5763 1.61
-1.9928 -12.1306 5.4601 18.86
-1.8672 -10.5868 9.1284 36.06
-1.1919 -5.4633 8.8598 53.33
-2.4155 -12.1471 4.5602 14.96
-2.5036 -12.0904 9.0623 32.21
-1.5659 -6.4508 9.0870 49.47
-1.4038 -12.1822 3.6856 11.23
-1.4802 -12.0889 7.8872 28.45
-1.0987 -7.4041 9.0115 45.70
-1.8279 -12.1670 2.8313 7.37
-1.8979 -12.1108 6.8879 24.60
-1.5169 -8.5752 9.1163 41.85
-2.2400 -12.1621 1.9880 3.50
-2.3202 -12.1290 5.9365 20.73
-1.8605 -8.8664 8.3673 37.97
-2.6697 -12.1635 1.1477 -0.36
-2.7490 -12.1403 5.0264 16.87
-1.7201 -6.6712 5.9470 34.12
-1.6549 -5.9948 9.0903 51.34
-1.7278 -12.1629 4.1173 13.13
-1.8035 -12.1020 8.4540 30.35
-1.2235 -6.7798 8.8851 47.61
-2.1208 -11.9377 3.2171 9.25
-2.2313 -12.1405 7.4207 26.47
-1.6545 -7.9792 9.1074 43.72
-2.5730 -12.1738 2.4080 5.39
-2.6464 -12.1220 6.4273 22.60
-2.0931 -8.7505 8.8107 39.87
-3.0003 -12.1559 1.5569 1.50
-3.0894 -12.1626 5.5101 18.74
-1.8243 -6.3149 6.0497 35.99
-1.7229 -5.5478 9.0812 53.22
-2.0432 -12.1420 4.5521 15.00
-2.1414 -12.1171 9.0557 32.26
-1.3626 -6.4407 9.0399 49.49
-2.4660 -12.1319 3.6806 11.13
-2.5559 -12.1127 7.9575 28.36
-1.7662 -7.4033 9.0882 45.62
-2.8991 -12.1432 2.8269 7.26
-2.9773 -12.1073 6.9467 24.51
-2.2745 -8.4593 9.1053 41.73
-3.3380 -12.1687 1.9706 3.36
-3.4289 -12.1563 6.0102 20.64
-2.8936 -9.6809 9.1276 37.85
-2.3007 -12.1643 1.1520 -0.34
-2.3807 -12.1322 5.0016 16.86
-2.3294 -11.3231 9.1264 34.14
-1.4643 -6.0001 9.0588 51.37
-2.8042 -12.1476 4.1237 13.00
-1.9829 -7.7992 5.9660 30.26
-1.8725 -6.9105 9.1113 47.47
-3.1843 -11.9283 3.2245 9.14
-3.3184 -12.1045 7.4801 26.36
-2.3643 -7.8672 9.1141 43.62
-3.6754 -12.1507 2.4019 5.27
-3.7583 -12.1146 6.5032 22.50
-2.8858 -8.6865 8.8806 39.74
-2.6296 -12.1634 1.5690 1.57
-2.7097 -12.1361 5.4763 18.75
-2.4780 -10.5170 9.1468 36.04
-1.5454 -5.5741 9.0761 53.27
-3.1376 -12.1398 4.5824 14.90
-3.2249 -12.1013 9.1321 32.12
-1.9456 -6.3764 9.0797 49.40
-3.5691 -12.1267 3.6976 11.01
-3.6673 -12.1243 8.0715 28.27
-2.4252 -7.2767 9.0801 45.48
-4.0193 -12.1254 2.8354 7.15
-4.1073 -12.1075 7.0459 24.39
-3.0178 -8.2928 9.1092 41.63
-2.9585 -12.1643 1.9753 3.40
-3.0342 -12.1421 5.9723 20.65
-2.5979 -9.7588 9.1467 37.91
-3.3896 -12.1678 1.1221 -0.47
-3.4735 -12.1216 5.0511 16.79
-3.3308 -11.1869 9.1536 34.04
-2.0082 -5.9205 9.0829 51.25
-3.9100 -12.1216 4.1575 12.91
-4.0151 -12.1066 8.6703 30.17
-2.4787 -6.7491 9.0878 47.38
-4.3012 -11.9315 3.2534 9.05
-4.4620 -12.0905 7.6025 26.25
-3.0525 -7.6744 9.0989 43.51
-3.2909 -12.1506 2.4071 5.33
-3.3736 -12.1142 6.4738 22.54
-2.6018 -8.7009 8.8359 39.76
-3.7293 -12.1532 1.5360 1.39
-3.8048 -12.1001 5.5377 18.70
-3.4036 -10.3262 9.1391 35.91
-2.0502 -5.4651 9.0729 53.15
-4.2666 -12.1431 4.6345 14.78
-4.3106 -11.9104 9.1724 32.01
-2.5173 -6.2500 9.0983 49.29
-4.7331 -12.1608 3.7552 10.94
-4.8389 -12.1233 8.2235 28.14
-3.0748 -7.0994 9.0899 45.37
-3.6255 -12.1325 2.8262 7.17
-3.7185 -12.1072 7.0082 24.44
-2.7735 -8.3868 9.1339 41.66
-4.0718 -12.1201 1.9706 3.32
-4.1716 -12.1458 6.0593 20.55
-3.4635 -9.5680 9.1596 37.82
-4.5403 -12.1729 1.0960 -0.57
-4.6228 -12.1355 5.1314 16.69
-4.3178 -10.9396 9.1506 33.90
-2.5396 -5.7811 9.1003 51.16
-5.0968 -12.1436 4.2270 12.81
-5.1943 -12.0803 8.8481 30.05
-3.0855 -6.5748 9.1036 47.26
-3.9187 -11.9566 3.2447 9.08
-4.0625 -12.0864 7.5554 26.31
-2.8220 -7.7545 9.1102 43.54
-4.4234 -12.1467 2.4008 5.18
-4.5190 -12.1184 6.5821 22.43
-3.4385 -8.6947 9.0193 39.71
-4.8845 -12.1728 1.5302 1.32
-4.9775 -12.1133 5.6347 18.57
-4.3219 -10.1024 9.1609 35.77
-2.5402 -5.3197 9.0791 53.04
-5.4667 -12.1584 4.7189 14.66
-5.3475 -11.5747 9.1707 31.90
-3.0740 -6.0655 9.1001 49.16
-4.3145 -12.1208 3.7265 10.96
-4.4213 -12.1031 8.1577 28.20
-2.8575 -7.1831 9.1060 45.42
-4.7983 -12.1729 2.8542 7.07
-4.8717 -12.0893 7.1282 24.31
-3.5068 -8.1642 9.1157 41.52
-5.2515 -12.1543 1.9687 3.20
-5.3511 -12.1183 6.1699 20.44
-4.1801 -9.0188 8.9127 37.67
-5.7514 -12.1839 1.0710 -0.66
-5.8401 -12.1287 5.2334 16.57
-5.2932 -10.6366 9.1802 33.79
-3.0446 -5.5682 9.0784 51.07
-4.6768 -12.1270 4.1966 12.84
-4.7778 -12.0973 8.7794 30.08
-2.8787 -6.6422 9.1039 47.32
-5.0932 -11.9840 3.2840 8.96
-5.2513 -12.1090 7.7354 26.21
-3.5107 -7.5554 9.1330 43.45
-5.6214 -12.1336 2.4181 5.09
-5.7220 -12.1063 6.7226 22.30
-4.2849 -8.5883 9.1626 39.57
-6.1135 -12.1294 1.5103 1.20
-6.2213 -12.1071 5.7637 18.44
-5.2179 -9.7785 9.1809 35.68
-3.0157 -5.1271 9.0812 52.93
-5.0290 -12.1149 4.6810 14.73
-5.0027 -11.7097 9.1888 31.97
-2.8887 -6.1415 9.1070 49.20
-5.5269 -12.1658 3.7876 10.84
-5.6272 -12.1073 8.3520 28.07
-3.4950 -6.9761 9.1191 45.31
-6.0180 -12.1590 2.8835 6.96
-6.1177 -12.1212 7.3282 24.20
-4.2374 -7.9063 9.1416 41.44
-6.5340 -12.1814 1.9685 3.08
-6.6327 -12.1252 6.3369 20.31
-4.9870 -8.7101 8.9308 37.55
-5.3197 -12.1630 1.0754 -0.65
-5.4202 -12.1302 5.1837 16.57
-4.9453 -10.7257 9.1557 33.84
-2.8732 -5.6479 9.0743 51.06
-5.9063 -12.1461 4.2732 12.71
-6.0027 -12.0701 9.0060 29.98
-3.4773 -6.4437 9.1290 47.20
-6.4050 -12.1402 3.3631 8.85
-6.5041 -12.0866 7.9380 26.07
-4.1891 -7.2981 9.1434 43.30
-6.9459 -12.1468 2.9112 6.87
-7.0454 -12.0998 7.4785 24.09
-4.7326 -7.6861 9.1491 41.35
-5.7015 -12.1508 1.9617 3.13
-5.7980 -12.1277 6.2312 20.41
-4.4980 -8.9731 8.9693 37.64
-6.2108 -12.1903 1.0574 -0.71
-6.2981 -12.1129 5.2737 16.52
-5.6383 -10.5123 9.1969 33.76
-3.2390 -5.5114 9.0934 50.97
-6.8241 -12.1233 4.8285 14.53
-6.4582 -11.1664 9.2027 31.76
-3.6487 -5.8081 9.0990 49.04
-7.3866 -12.1371 4.3896 12.57
-7.3832 -11.8715 9.2310 29.84
-4.1096 -6.1285 9.1139 47.05
-6.1045 -12.1315 3.3453 8.87
-6.2088 -12.0793 7.8790 26.10
-4.0404 -7.3694 9.1472 43.33
-6.6395 -12.1527 2.8989 6.89
-6.7335 -12.0932 7.4216 24.13
-4.5715 -7.7597 9.1341 41.34
-7.1864 -12.1789 2.4471 4.94
-7.2747 -12.1032 6.9661 22.15
-5.1680 -8.1714 9.1509 39.42
-7.7246 -12.1397 1.9630 2.94
-7.8468 -12.1057 6.5194 20.19
-5.8305 -8.6218 9.1643 37.44
-6.4573 -12.2015 1.0436 -0.76
-6.5559 -12.1449 5.3043 16.47
-5.8006 -10.4241 9.1851 33.73
-3.3304 -5.4743 9.0993 50.95
-7.0747 -12.1257 4.8569 14.52
-6.6149 -11.0556 9.1903 31.77
-3.7539 -5.7748 9.1113 48.99
-7.6368 -12.1435 4.4205 12.58
-7.5713 -11.7787 9.2291 29.81
-4.2071 -6.0738 9.1102 47.02
-8.2179 -12.1423 3.9651 10.61
-8.3538 -12.0962 8.9550 27.81
-4.7286 -6.4030 9.1454 45.04
-6.8837 -12.1387 3.3827 8.79
-7.0083 -12.1113 8.0498 26.02
-4.4155 -7.1666 9.1231 43.25
-7.4578 -12.1760 2.9310 6.82
-7.5521 -12.1062 7.5830 24.06
-4.9934 -7.5766 9.1578 41.27
-8.0003 -12.1412 2.4608 4.87
-8.1138 -12.0967 7.1179 22.08
-5.6062 -7.9497 9.1640 39.35
-8.6072 -12.1577 1.9739 2.88
-8.7261 -12.1047 6.6729 20.12
-6.3026 -8.3816 9.1893 37.36
-7.2528 -12.1745 1.4961 1.09
-7.3368 -12.0875 5.9002 18.32
-5.7221 -9.0737 8.8813 35.59
-3.3964 -4.9348 9.0755 52.83
-7.9094 -12.1036 5.4618 16.37
-6.7388 -9.9980 9.2141 33.61
-3.8301 -5.2311 9.1205 50.82
-8.5236 -12.1503 5.0197 14.38
-7.6336 -10.5818 9.2258 31.61
-4.2700 -5.4867 9.1246 48.89
-9.1248 -12.1035 5.0864 14.34
-8.0102 -10.3342 9.2190 31.56
-4.4873 -5.3749 9.1495 48.82
-7.7172 -12.1128 4.4158 12.55
-7.6516 -11.7626 9.2391 29.79
-4.2475 -6.0572 9.1202 47.02
-8.2970 -12.1206 3.9628 10.58
-8.4234 -12.0651 8.9618 27.81
-4.7511 -6.3664 9.1286 45.04
-8.9459 -12.1476 4.0176 10.52
-9.0623 -12.0779 9.1426 27.76
-4.9993 -6.2314 9.1403 44.97
-9.5868 -12.1245 4.0769 10.49
-9.6643 -11.9804 9.2668 27.69
-5.2251 -6.0634 9.1322 44.92
-8.1227 -12.1271 3.4485 8.68
-8.2598 -12.0965 8.3212 25.91
-4.9942 -6.8846 9.1497 43.14
-8.7444 -12.1227 3.4840 8.62
-8.8692 -12.0802 8.4699 25.88
-5.2335 -6.7138 9.1383 43.11
-9.3912 -12.1341 3.5331 8.59
-9.5168 -12.0779 8.6288 25.80
-5.4985 -6.5676 9.1545 43.03
-10.0688 -12.1278 3.5796 8.53
-6.5869 -7.6020 6.0356 25.73
-5.7272 -6.3789 9.1373 42.98
-8.5443 -12.1239 2.9629 6.70
-8.6966 -12.1123 7.8323 23.97
-5.4961 -7.2494 9.1397 41.20
-9.2058 -12.1498 3.0000 6.66
-9.3171 -12.0837 7.9609 23.90
-5.7862 -7.1102 9.1664 41.11
-9.8456 -12.1188 3.0302 6.62
-9.9862 -12.0823 8.1247 23.85
-6.0461 -6.9188 9.1699 41.09
-10.3339 -11.8442 3.0268 6.57
-10.2761 -11.5734 8.0086 23.78
-6.2675 -6.6927 9.1287 41.04
-9.0032 -12.1287 2.9837 6.66
-9.1641 -12.1198 7.9422 23.93
-5.7083 -7.1520 9.1658 41.15
-9.6517 -12.1052 3.0113 6.61
-9.8020 -12.0838 8.0779 23.86
-5.9837 -6.9890 9.1773 41.07
-10.3530 -12.1218 3.0542 6.57
-10.2500 -11.7849 8.0860 23.82
-6.2320 -6.7825 9.1678 41.04
-10.3154 -11.2146 3.4804 8.47
-10.2539 -10.9348 8.3798 25.65
-6.0864 -6.1365 9.1654 42.90
-9.5024 -12.1451 3.5354 8.55
-9.6107 -12.0540 8.6421 25.79
-5.5261 -6.5269 9.1456 43.05
-10.1936 -12.1532 3.5895 8.51
-6.6145 -7.5535 6.0283 25.74
-5.7796 -6.3623 9.1573 42.99
-10.3320 -11.4555 3.5099 8.47
-10.2554 -11.1607 8.4631 25.66
-6.0059 -6.1705 9.1406 42.91
-10.3015 -10.6154 3.8992 10.31
-6.6133 -6.5100 6.0057 27.52
-5.8682 -5.5781 9.1524 44.78
-10.0225 -12.1529 4.1222 10.46
-9.9067 -11.7814 9.2647 27.69
-5.3548 -5.9570 9.1279 44.91
-10.3099 -11.6431 4.0562 10.37
-10.2336 -11.3273 9.1696 27.63
-5.5866 -5.8003 9.1481 44.87
-10.3073 -10.8309 4.4509 12.25
-8.6816 -8.8632 8.1778 29.46
-5.4497 -5.2358 9.1326 46.70
-10.3107 -10.0631 4.8191 14.10
-9.4090 -8.9659 9.0667 31.32
-5.3084 -4.7100 9.1326 48.57
-10.2795 -11.8011 5.1716 14.22
-8.7850 -9.8043 9.2325 31.47
-4.8754 -5.0605 9.1150 48.69
-10.2784 -10.9594 5.5388 16.11
-8.3911 -8.6774 9.1028 33.34
-4.7512 -4.5498 9.0957 50.57
-10.2784 -10.1906 5.8788 17.94
-8.2424 -7.9106 9.1959 35.16
-4.6369 -4.1005 9.1065 52.39
-10.2750 -9.4676 6.2163 19.81
-7.9641 -7.0785 9.1836 37.07
-10.3497 -11.4285 1.9458 2.69
-10.2867 -11.1389 6.6957 19.95
-7.3488 -7.6476 9.1927 37.16
-10.3333 -10.6049 2.3972 4.55
-10.2636 -10.3313 6.9933 21.74
-7.1237 -6.8685 9.1611 39.03
-10.3108 -9.8344 2.8159 6.42
-9.5531 -8.9089 6.8976 23.66
-6.9323 -6.1907 9.1716 40.90
-10.0988 -8.9426 3.1675 8.26
-9.9970 -8.6849 7.4876 25.52
-6.7129 -5.5475 9.1562 42.76
-10.3359 -10.7483 3.9303 10.35
-6.5872 -6.5506 6.0231 27.57
-5.8393 -5.5954 9.1475 44.79
-10.3050 -9.9650 4.2899 12.15
-9.4413 -8.9135 8.4850 29.42
-5.6902 -5.0461 9.1508 46.63
-10.0895 -9.0673 4.5862 14.03
-9.8874 -8.6887 9.1416 31.26
-5.5029 -4.5048 9.1158 48.50
-10.2900 -8.5725 5.4756 17.77
-8.7556 -7.0741 9.0091 34.99
-5.0075 -3.7398 9.1148 52.27
-10.2877 -10.0557 6.3853 19.87
-7.7478 -7.2977 9.1855 37.08
-10.3380 -9.5804 2.3192 4.47
-9.6605 -8.7530 6.3724 21.72
-7.5008 -6.5463 9.1739 38.95
-10.1740 -8.7545 2.6996 6.32
-10.2719 -8.6759 7.0360 23.57
-7.2721 -5.8743 9.1821 40.81
-10.3312 -8.2390 3.5572 10.11
-10.2547 -8.0063 7.8824 27.35
-6.5895 -4.8711 9.1512 44.57
-10.3032 -9.6601 4.2443 12.16
-9.5162 -8.7141 8.4274 29.39
-5.7791 -4.9680 9.1478 46.58
-10.0384 -8.7267 4.5143 14.01
-10.1573 -8.6620 9.2548 31.27
-5.5838 -4.4343 9.1242 48.48
-10.2869 -8.3070 5.4235 17.79
-9.0744 -7.1236 9.2046 35.00
-5.0773 -3.6711 9.1181 52.23
-10.2727 -7.6789 6.2392 21.58
-8.1645 -5.8776 9.1945 38.81
-10.1225 -9.0633 2.7289 6.37
-9.9107 -8.6998 6.9308 23.59
-7.1432 -5.9969 9.1752 40.84
-10.2916 -8.5455 3.5932 10.13
-10.2377 -8.3292 7.9857 27.36
-6.4781 -4.9830 9.1472 44.61
-10.3044 -7.9386 4.4119 13.91
-10.2423 -7.7166 8.8848 31.14
-5.8662 -4.1206 9.1189 48.38
-10.3065 -7.3374 5.2012 17.65
-9.5324 -6.6042 9.2142 34.93
-5.3033 -3.3859 9.1147 52.18
-10.2494 -8.5895 5.9776 19.74
-8.3249 -6.7461 9.1916 36.98
-10.3276 -8.1765 2.6589 6.27
-9.7388 -7.5432 6.5171 23.49
-7.5277 -5.5967 9.1744 40.73
-10.3255 -7.5698 3.4657 10.04
-10.2473 -7.3610 7.6422 27.24
-6.7998 -4.6278 9.1542 44.51
-10.3001 -6.9815 4.2471 13.82
-10.2251 -6.7843 8.5100 31.04
-6.1327 -3.7929 9.1223 48.29
-10.2969 -8.2205 5.4078 17.78
-9.1371 -7.0876 9.2188 34.99
-5.0931 -3.6426 9.1102 52.23
-10.2802 -7.5927 6.2165 21.56
-8.1906 -5.8305 9.1820 38.79
-10.3469 -7.2031 2.9986 8.10
-10.2748 -7.0118 7.0276 25.29
-7.3934 -4.8081 9.1675 42.55
-10.3000 -6.6250 3.7638 11.87
-10.2666 -6.4664 7.8894 29.12
-6.6560 -3.9382 9.1386 46.32
-10.2988 -7.8186 4.8478 15.82
-9.9886 -7.4071 9.2195 33.05
-5.5361 -3.8022 9.1245 50.30
-10.2748 -7.2151 5.6433 19.61
-8.7025 -5.9070 8.9818 36.83
-10.3469 -6.8452 2.5387 6.12
-10.2557 -6.6449 6.4337 23.37
-8.0160 -4.9834 9.1707 40.61
-10.1177 -6.1552 3.2632 9.91
-10.2704 -6.1136 7.2530 27.11
-7.2137 -4.0727 9.1505 44.38
-10.2827 -7.4198 4.3161 13.86
-10.2341 -7.2229 8.6905 31.11
-6.0302 -3.9725 9.1493 48.31
-10.2871 -6.8557 5.1038 17.64
-9.7700 -6.3490 9.2267 34.87
-4.8451 -2.8534 8.2220 52.10
-10.2771 -6.3150 5.8856 21.41
-8.6332 -5.1112 9.1029 38.64
-10.1162 -5.8115 3.2228 9.86
-10.2579 -5.7627 7.1436 27.07
-7.3195 -3.8997 9.1418 44.34
-10.3055 -7.0485 4.2577 13.82
-10.2134 -6.8286 8.5264 31.06
-6.1170 -3.8172 9.1244 48.29
-10.3076 -6.5017 5.0363 17.60
-9.9300 -6.1095 9.2145 34.82
-5.3573 -3.0131 8.8753 52.06
-10.2674 -5.9434 6.2537 23.29
-8.2897 -4.6061 9.1739 40.53
-10.3257 -5.5923 3.6278 11.75
-10.2528 -5.4284 7.5383 28.96
-6.9754 -3.4667 9.1415 46.20
-10.2987 -6.6546 4.6175 15.67
-10.2545 -6.4736 8.9667 32.92
-5.8416 -3.4128 9.1180 50.16
-10.2723 -6.1119 5.3927 19.49
-9.4043 -5.4239 9.1837 36.71
-10.3317 -5.7460 2.8490 7.94
-10.2611 -5.5843 6.6164 25.13
-7.8860 -4.0917 9.1560 42.39
-10.3092 -5.2400 3.9795 13.62
-10.2499 -5.0862 7.9472 30.88
-6.4753 -2.9820 8.9368 48.09
-10.2966 -6.2786 4.9961 17.60
-10.0338 -5.9620 9.2192 34.82
-5.4452 -2.9624 8.9354 52.06
-10.2529 -5.7249 6.1894 23.25
-8.3691 -4.4838 9.1668 40.48
-10.3029 -5.3816 3.5970 11.72
-10.2619 -5.2297 7.4835 28.93
-7.0485 -3.3759 9.1568 46.18
-10.2829 -4.8797 4.7207 17.36
-10.2648 -4.7403 8.8775 34.58
-5.9055 -2.4909 9.1211 51.89
-10.2789 -5.8761 6.2390 23.27
-8.3061 -4.5522 9.1594 40.52
-10.3226 -5.5160 3.6115 11.71
-10.2495 -5.3486 7.5171 28.97
-6.9882 -3.4265 9.1302 46.19
-10.2898 -5.0089 4.7532 17.42
-10.2160 -4.8428 8.8928 34.63
-5.8886 -2.5457 9.1259 51.86
-10.2783 -4.5301 5.9266 23.10
-8.6991 -3.6714 9.0604 40.34
-10.3012 -5.6356 3.6264 11.74
-10.2467 -5.4767 7.5552 28.98
-6.9394 -3.4803 9.1298 46.26
-10.2784 -5.1243 4.7697 17.43
-10.2466 -4.9799 8.9632 34.66
-5.8429 -2.5896 9.1089 51.90
-10.2777 -4.6504 5.9543 23.13
-8.7043 -3.7748 9.1096 40.37
-8.8036 -3.6450 3.1346 11.59
-10.2506 -4.1827 7.2014 28.84
-7.0726 -2.6869 8.8424 46.06
-10.2878 -5.2575 4.7998 17.47
-10.2262 -5.0878 8.9959 34.70
-5.8205 -2.6481 9.1264 51.94
-10.2738 -4.7671 5.9738 23.12
-8.6650 -3.8522 9.1059 40.36
-10.3132 -4.4407 3.4868 11.60
-10.2585 -4.2976 7.2242 28.81
-7.1580 -2.8029 8.9707 46.06
-10.2893 -3.9735 4.5868 17.28
-10.2342 -3.8320 8.5707 34.47
-6.0927 -2.0678 9.0955 51.77
-10.2631 -4.8866 5.9988 23.15
-8.6244 -3.9330 9.1144 40.40
-10.2936 -4.5457 3.4896 11.59
-10.2577 -4.4137 7.2602 28.85
-7.0985 -2.8548 8.9387 46.07
-9.1229 -3.5955 4.2110 17.30
-10.2715 -3.9656 8.6424 34.51
-6.0996 -2.1313 9.1269 51.75
-10.2788 -3.6453 5.7533 22.98
-8.8779 -3.0021 8.9451 40.19
-10.3253 -4.6826 3.5137 11.62
-10.2635 -4.5365 7.2938 28.86
-7.0690 -2.9173 8.9555 46.14
-8.8177 -3.5622 4.1219 17.31
-10.2492 -4.0697 8.6641 34.54
-6.0534 -2.1771 9.1046 51.78
-9.7282 -3.5426 5.5251 23.01
-8.6254 -3.0028 8.7607 40.25
-10.2960 -3.4373 3.3774 11.45
-9.4690 -3.0484 6.5465 28.72
-7.5737 -2.2767 9.1433 45.93
-8.7859 -3.6494 4.1321 17.36
-10.2230 -4.1687 8.6846 34.58
-6.0140 -2.2282 9.0925 51.82
-9.7359 -3.6504 5.5442 23.01
-8.5431 -3.0600 8.7113 40.25
-10.3262 -3.5626 3.3974 11.48
-10.2674 -3.4320 7.0226 28.70
-7.5349 -2.3434 9.1310 45.94
-10.0759 -3.0499 4.4019 17.16
-9.2824 -2.6908 7.6628 34.35
-6.2868 -1.6443 9.1224 51.65
-9.3427 -3.5976 5.3867 23.03
-7.8453 -2.8730 8.1122 40.28
-10.3226 -3.6685 3.4017 11.47
-10.2464 -3.5338 7.0405 28.74
-7.5068 -2.4111 9.1297 45.95
-9.7380 -3.0440 4.3067 17.18
-9.0720 -2.7229 7.5440 34.40
-6.2687 -1.6983 9.1145 51.63
-9.9871 -2.7237 5.4867 22.87
-9.3973 -2.4406 9.1831 40.08
-10.2902 -3.7700 3.4089 11.50
-10.2458 -3.6460 7.0639 28.75
-7.4763 -2.4755 9.1413 46.02
-9.7141 -3.1362 4.3114 17.20
-9.2193 -2.8672 7.6779 34.43
-6.2309 -1.7489 9.0985 51.67
-10.0570 -2.8493 5.5356 22.89
-9.3193 -2.5147 9.1534 40.14
-10.1297 -2.5636 3.2705 11.34
-9.6921 -2.3555 6.5266 28.61
-7.7538 -1.7333 9.1327 45.81
-9.6974 -3.2358 4.3256 17.24
-9.1951 -2.9520 7.6900 34.46
-6.2008 -1.8046 9.0936 51.70
-10.0789 -2.9589 5.5573 22.89
-9.3126 -2.6044 9.1679 40.13
-10.2973 -2.7186 3.3166 11.37
-9.6545 -2.4394 6.5128 28.58
-7.7350 -1.8067 9.1361 45.83
-10.3134 -2.3135 4.3875 17.05
-10.2141 -2.1874 8.1562 34.24
-6.4249 -1.1999 9.1183 51.54
-10.0247 -3.0492 5.5529 22.92
-9.2113 -2.6683 9.1119 40.16
-10.0231 -2.7387 3.2678 11.38
-10.2021 -2.6946 6.8469 28.62
-7.7113 -1.8763 9.1340 45.84
-10.3045 -2.4175 4.3970 17.07
-10.2432 -2.3014 8.2061 34.28
-6.3971 -1.2519 9.0923 51.52
-10.2679 -2.0100 5.5032 22.76
-9.5706 -1.7564 9.1563 39.97
-10.0869 -2.8636 3.2873 11.38
-9.8557 -2.6977 6.6677 28.63
-7.6659 -1.9373 9.1244 45.90
-10.2580 -2.5069 4.3944 17.09
-10.2507 -2.4056 8.2359 34.31
-6.3905 -1.3117 9.1118 51.55
-10.2923 -2.1184 5.5283 22.78
-9.5169 -1.8400 9.1426 40.02
-10.1071 -1.7787 3.2090 11.22
-9.7438 -1.6256 6.4418 28.50
-7.8942 -1.1778 9.1242 45.70
-10.2874 -2.6217 4.4174 17.12
-10.2715 -2.5105 8.2751 34.34
-6.3599 -1.3685 9.1016 51.59
-10.2460 -2.2081 5.5217 22.80
-9.4923 -1.9242 9.1429 40.04
-10.0874 -1.8774 3.2148 11.26
-9.7221 -1.7125 6.4410 28.51
-7.8773 -1.2518 9.1250 45.72
-10.3032 -1.5279 4.3079 16.91
-10.2421 -1.4218 8.0626 34.19
-6.5069 -0.7426 9.0886 51.44
-10.2920 -2.3251 5.5486 22.78
-9.4845 -2.0166 9.1551 40.05
-10.1230 -1.9808 3.2266 11.26
-9.7531 -1.8141 6.4690 28.51
-7.8511 -1.3215 9.1134 45.73
-10.3096 -1.6317 4.3250 16.96
-10.2557 -1.5284 8.0781 34.17
-6.5184 -0.8017 9.1089 51.42
-10.2614 -1.2382 5.4213 22.65
-9.7003 -1.0625 9.1506 39.91
-10.1171 -2.0817 3.2319 11.27
-9.7599 -1.9133 6.4855 28.52
-7.8288 -1.3895 9.1231 45.79
-10.3237 -1.7328 4.3380 16.97
-10.2280 -1.6225 8.0787 34.20
-6.5053 -0.8604 9.1105 51.44
-10.2747 -1.3402 5.4375 22.67
-9.6673 -1.1522 9.1357 39.92
-8.7962 -0.8660 2.9098 11.14
-10.2445 -0.9591 6.6332 28.39
-7.9866 -0.6123 9.1102 45.60
-10.3087 -1.8333 4.3481 17.02
-10.2490 -1.7222 8.1141 34.24
-6.4727 -0.9184 9.0913 51.48
-10.2468 -1.4334 5.4314 22.67
-9.6864 -1.2439 9.1603 39.91
-8.8151 -0.9554 2.9177 11.15
-10.2573 -1.0544 6.6477 28.40
-7.9996 -0.6900 9.1359 45.61
-10.2960 -0.7639 4.2558 16.80
-10.2707 -0.6718 7.9781 34.02
-6.6014 -0.2849 9.1139 51.33
-10.2784 -1.5409 5.4571 22.69
-9.6627 -1.3333 9.1614 39.94
-8.8128 -1.0362 2.9171 11.13
-10.2595 -1.1528 6.6561 28.40
-7.9843 -0.7624 9.1301 45.62
-10.2906 -0.8638 4.2675 16.85
-10.2532 -0.7723 7.9840 34.07
-6.5874 -0.3411 9.0953 51.30
-10.2704 -0.4849 5.3724 22.55
-9.8227 -0.3640 9.1571 39.76
-8.7901 -1.1189 2.9194 11.16
-10.2589 -1.2529 6.6647 28.41
-7.9278 -0.8271 9.0990 45.68
-10.3041 -0.9615 4.2769 16.87
-10.2319 -0.8670 7.9829 34.10
-6.5860 -0.4011 9.1097 51.34
-10.2893 -0.5847 5.3878 22.57
-9.7901 -0.4557 9.1500 39.81
-8.7786 -0.2225 2.8803 11.03
-10.2689 -0.2127 6.5937 28.29
-8.0511 -0.0418 9.1121 45.50
-10.2993 -1.0617 4.2875 16.91
-10.2603 -0.9641 8.0053 34.08
-6.5557 -0.4612 9.0878 51.37
-10.2747 -0.6796 5.3843 22.57
-9.7894 -0.5441 9.1522 39.80
-8.7911 -0.3088 2.8855 11.05
-10.2563 -0.3051 6.5824 28.26
-8.0393 -0.1175 9.1052 45.51
-10.2835 -0.0115 4.2271 16.73
-10.2506 0.0731 7.9167 33.92
-6.6150 0.1807 9.0845 51.23
-10.2737 -0.7799 5.3921 22.59
-9.7760 -0.6354 9.1544 39.83
-8.7970 -0.3889 2.8852 11.03
-10.2609 -0.4018 6.5960 28.30
-8.0391 -0.1910 9.1104 45.52
-10.2834 -0.1111 4.2316 16.75
-10.2447 -0.0278 7.9251 33.97
-6.6083 0.1238 9.0695 51.20
-10.2811 0.2621 5.3486 22.45
-9.8186 0.3437 9.1163 39.66
-8.7971 -0.4733 2.8928 11.07
-10.2577 -0.5002 6.5989 28.31
-8.0152 -0.2612 9.1076 45.58
-10.3002 -0.2067 4.2400 16.77
-10.2273 -0.1231 7.9262 34.01
-6.6234 0.0638 9.0990 51.24
-10.2410 0.1640 5.3364 22.47
-9.8265 0.2505 9.1370 39.71
-8.7774 0.4144 2.8616 10.92
-10.2576 0.5311 6.5568 28.15
-8.0659 0.5328 9.1104 45.41
-10.2896 -0.3059 4.2438 16.80
-10.2225 -0.2155 7.9271 34.02
-6.5965 0.0015 9.0714 51.26
-10.2713 0.0689 5.3525 22.49
-9.8521 0.1621 9.1488 39.68
-8.7607 0.3287 2.8625 10.95
-8.7627 0.3953 5.7573 28.16
-8.0763 0.4570 9.1177 45.41
-10.2985 0.7381 4.2120 16.61
-10.2448 0.8147 7.9199 33.89
-6.6062 0.6459 9.0738 51.14
-10.2777 -0.0309 5.3559 22.49
-9.8182 0.0703 9.1364 39.74
-8.8060 0.2500 2.8686 10.93
-10.2519 0.3422 6.5620 28.20
-8.0702 0.3831 9.1112 45.42
-9.7892 0.6135 4.0670 16.65
-10.2432 0.7130 7.9089 33.87
-6.6387 0.5875 9.0990 51.11
-10.2746 1.0100 5.3420 22.35
-9.8144 1.0521 9.1208 39.57
-8.8022 0.1658 2.8719 10.96
-10.2645 0.2442 6.5693 28.21
-8.0507 0.3111 9.1073 45.48
-9.7742 0.5225 4.0640 16.67
-10.2411 0.6170 7.9116 33.90
-6.6335 0.5306 9.0980 51.14
-10.2632 0.9105 5.3370 22.37
-9.8156 0.9581 9.1202 39.59
-8.8009 1.0566 2.8612 10.83
-10.2752 1.2805 6.5857 28.10
-8.0422 1.1080 9.1095 45.31
-8.7800 0.3991 3.7722 16.71
-10.2539 0.5249 7.9262 33.93
-6.6193 0.4669 9.0847 51.18
-10.3014 0.8175 5.3499 22.37
-9.8147 0.8696 9.1205 39.61
-8.8041 0.9705 2.8640 10.86
-10.2608 1.1852 6.5657 28.07
-8.0314 1.0300 9.0918 45.32
-9.7249 1.4174 4.0511 16.55
-10.2457 1.5623 7.9340 33.74
-6.5663 1.1095 9.0639 51.05
-10.2752 0.7159 5.3415 22.39
-9.8322 0.7785 9.1384 39.64
-8.8135 0.8911 2.8618 10.84
-10.2677 1.0888 6.5725 28.11
-8.0383 0.9568 9.0927 45.33
-9.7278 1.3223 4.0517 16.57
-10.2413 1.4591 7.9329 33.79
-6.5968 1.0565 9.0845 51.02
-10.2690 1.7662 5.3602 22.27
-9.7477 1.7583 9.1186 39.48
-8.7954 0.8049 2.8610 10.87
-10.2569 0.9889 6.5631 28.12
-8.0319 0.8844 9.0966 45.39
-9.7321 1.2319 4.0514 16.58
-10.2357 1.3613 7.9273 33.81
-6.5816 0.9938 9.0646 51.06
-10.2782 1.6674 5.3620 22.29
-9.7480 1.6635 9.1209 39.54
-8.7966 1.7075 2.8672 10.76
-10.2478 2.0360 6.6126 28.02
-7.9526 1.6764 9.0887 45.23
-9.7349 1.1374 4.0548 16.61
-10.2527 1.2696 7.9399 33.84
-6.5943 0.9322 9.0787 51.09
-10.2799 1.5704 5.3552 22.28
-9.7388 1.5727 9.0990 39.52
-8.8073 1.6211 2.8679 10.77
-10.2720 1.9449 6.6093 27.99
-7.9737 1.6029 9.0977 45.24
-9.7145 2.1422 4.0636 16.43
-10.2494 2.3263 8.0060 33.66
-6.4962 1.5701 9.0630 50.97
-10.2860 1.4724 5.3576 22.31
-9.7659 1.4837 9.1164 39.55
-8.7868 1.5382 2.8600 10.76
-10.2591 1.8464 6.5996 28.02
-7.9669 1.5283 9.0884 45.28
-9.6821 2.0401 4.0609 16.50
-10.2333 2.2191 7.9929 33.71
-6.5184 1.5169 9.0686 50.94
-10.2807 2.5435 5.4122 22.19
-9.6103 2.4569 9.1075 39.42
-8.7863 1.4521 2.8599 10.78
-10.2443 1.7441 6.5821 28.01
-7.9905 1.4553 9.0972 45.27
-9.7167 1.9526 4.0606 16.47
-10.2672 2.1221 8.0149 33.76
-6.5272 1.4553 9.0714 50.97
-10.2783 2.4422 5.4021 22.20
-9.6042 2.3561 9.0858 39.43
-8.7937 2.3813 2.8811 10.68
-9.6316 2.6523 6.3452 27.93
-7.8004 2.2296 9.0512 45.17
-9.6822 1.8504 4.0559 16.53
-10.2337 2.0239 7.9790 33.75
-6.5263 1.3944 9.0596 50.99
-10.2860 2.3450 5.4013 22.22
-9.6243 2.2727 9.0924 39.45
-8.7750 2.2817 2.8685 10.65
-9.6932 2.5732 6.3677 27.93
-7.8358 2.1626 9.0671 45.16
-9.6924 2.8781 4.1047 16.41
-9.8142 2.9834 7.8323 33.65
-6.3874 2.0237 9.0532 50.88
-10.2866 2.2405 5.3938 22.22
-9.6496 2.1820 9.1001 39.46
-8.7963 2.2037 2.8743 10.68
-9.6984 2.4818 6.3594 27.94
-7.8307 2.0854 9.0525 45.20
-9.5766 2.7538 4.0661 16.43
-10.0051 2.9365 7.9476 33.66
-6.4048 1.9695 9.0636 50.91
-9.9694 3.2475 5.3532 22.13
-9.1965 3.0668 8.9033 39.36
-8.8046 2.1170 2.8772 10.71
-9.7321 2.3927 6.3646 27.93
-7.8709 2.0173 9.0686 45.18
-9.6888 2.6880 4.0967 16.45
-10.2304 2.8937 8.0861 33.67
-6.4173 1.9084 9.0534 50.90
-10.0728 3.1779 5.3839 22.12
-9.1451 2.9517 8.8325 39.36
-10.0926 3.5252 3.1651 10.61
-10.2335 3.6237 6.7789 27.83
-7.6538 2.7847 9.0546 45.07
-9.7094 2.5942 4.0969 16.46
-10.2365 2.8005 8.0673 33.64
-6.4303 1.8502 9.0535 50.91
-10.0552 3.0720 5.3692 22.14
-9.4251 2.9505 9.0573 39.38
-10.1051 3.4150 3.1551 10.58
-9.5170 3.2751 6.3691 27.86
-7.6677 2.7113 9.0482 45.09
-9.5721 3.6136 4.1265 16.34
-10.2174 3.9239 8.2697 33.58
-6.2496 2.4695 9.0550 50.81
-9.9705 2.9413 5.3141 22.11
-9.4739 2.8673 9.0796 39.39
-10.1020 3.3135 3.1549 10.61
-9.7214 3.2474 6.4676 27.86
-7.6971 2.6437 9.0640 45.13
-9.3656 3.4434 4.0492 16.32
-10.2346 3.8189 8.2579 33.59
-6.2578 2.4116 9.0479 50.84
-10.2665 4.1843 5.5824 22.06
-9.1633 3.8003 9.0683 39.30
-10.1065 3.2084 3.1524 10.62
-10.0346 3.2455 6.6220 27.85
-7.7209 2.5716 9.0614 45.12
-9.5738 3.4182 4.1057 16.33
-9.0471 3.2810 7.3994 33.61
-6.2944 2.3589 9.0632 50.83
-10.2765 4.0778 5.5707 22.06
-9.2208 3.7195 9.0870 39.30
-10.2989 4.4593 3.2520 10.54
-10.2238 4.4821 7.4047 29.72
-6.8408 3.0637 8.8804 46.92
-10.2915 3.5672 4.7074 18.25
-10.2355 3.6147 8.7328 35.51
-10.3365 3.9369 2.4919 6.73
-10.2571 3.9651 5.9617 23.95
-8.3484 3.2935 8.7941 41.22
-10.2955 4.3473 3.6200 12.46
-10.2453 4.3720 7.3900 29.71
-6.7451 2.9435 8.7479 46.97
-10.2824 4.7686 4.8330 18.16
-10.2138 4.7904 9.0118 35.43
-10.3040 3.8171 2.4824 6.73
-10.2552 3.8557 5.9549 24.00
-8.4906 3.2579 8.9023 41.24
-10.3176 4.2380 3.6167 12.46
-10.2431 4.2631 7.3634 29.71
-6.9492 2.9549 8.9507 46.96
-9.7705 4.4192 4.6365 18.18
-10.2367 4.6920 8.9947 35.42
-8.8149 4.3202 2.3326 6.66
-8.7641 4.3397 5.4084 23.89
-8.2815 4.1561 9.0237 41.14
-10.3015 4.1175 3.6081 12.49
-10.2583 4.1576 7.3560 29.74
-7.0513 2.9251 9.0489 46.99
-10.2993 4.5447 4.8147 18.19
-10.2293 4.5765 8.9606 35.44
-10.3065 4.9342 2.5224 6.67
-9.6987 4.6916 5.8610 23.95
-8.3195 4.0781 9.0346 41.18
-10.3013 5.3797 3.7057 12.39
-10.2498 5.4044 7.6325 29.66
-6.7602 3.6154 9.0483 46.87
-10.2847 4.4220 4.7911 18.18
-10.2324 4.4619 8.9331 35.45
-10.3106 4.8131 2.5176 6.67
-10.2670 4.8474 6.1060 23.89
-8.3864 4.0170 9.0610 41.17
-10.2743 5.2479 3.6912 12.41
-10.2586 5.2807 7.6062 29.67
-5.9880 3.1275 8.0797 46.88
-10.2707 5.7018 4.9571 18.11
-9.9207 5.5536 9.0597 35.38
-9.5132 4.3362 2.4137 6.69
-9.6598 4.4523 5.7953 23.93
-8.4350 3.9439 9.0750 41.18
-8.7685 4.3708 3.3091 12.42
-10.2460 5.1584 7.5631 29.65
-6.8130 3.4788 9.0402 46.90
-10.2688 5.5731 4.9423 18.14
-9.9674 5.4654 9.0555 35.37
-10.2902 6.0109 2.5678 6.61
-9.4053 5.5357 5.9036 23.86
-7.9884 4.7464 9.0341 41.09
-8.8558 4.3101 3.3221 12.43
-10.2556 5.0439 7.5440 29.67
-6.5896 3.2921 8.7486 46.95
-10.2671 5.4511 4.9253 18.15
-10.0233 5.3781 9.0650 35.38
-10.3220 5.9029 2.5662 6.62
-9.5350 5.4943 5.9487 23.88
-8.0238 4.6663 9.0378 41.13
-10.2979 6.3726 3.8034 12.35
-10.2407 6.3837 7.8944 29.62
-6.4732 4.0686 9.0223 46.85
-10.2479 5.3166 4.9053 18.18
-10.0593 5.2750 9.0521 35.38
-10.3137 5.7651 2.5582 6.62
-9.4624 5.3343 5.8773 23.84
-8.0646 4.5928 9.0403 41.15
-10.2961 6.2431 3.7938 12.37
-10.2362 6.2414 7.8478 29.61
-6.5131 4.0066 9.0294 46.87
-10.2863 6.7322 5.1263 18.06
-9.4747 6.2358 9.0298 35.34
-10.3181 5.6440 2.5564 6.64
-9.6050 5.2983 5.9352 23.89
-8.1103 4.5191 9.0374 41.13
-10.2848 6.0988 3.7745 12.37
-10.2315 6.1131 7.8055 29.60
-6.5475 3.9438 9.0217 46.86
-10.2963 6.5989 5.1114 18.09
-9.5311 6.1539 9.0283 35.33
-10.2951 7.0717 2.6257 6.57
-9.0540 6.2500 5.9314 23.80
-7.6158 5.2895 9.0084 41.05
-10.3053 5.9788 3.7717 12.40
-10.2362 5.9868 7.7760 29.62
-6.5847 3.8879 9.0366 46.90
-10.2750 6.4528 5.0802 18.09
-9.5988 6.0746 9.0421 35.34
-10.3009 6.9368 2.6204 6.58
-8.9578 6.0613 5.8571 23.84
-7.6714 5.2223 9.0271 41.09
-10.2942 7.4619 3.9260 12.30
-10.2517 7.4716 8.2352 29.57
-6.1747 4.5128 9.0182 46.81
-10.2657 6.3112 5.0612 18.13
-9.6620 5.9870 9.0454 35.33
-10.3051 6.7937 2.6105 6.58
-9.0665 6.0117 5.8804 23.82
-7.7225 5.1554 9.0261 41.07
-10.2729 7.3048 3.9046 12.31
-10.2099 7.3035 8.7070 31.48
-5.8294 4.1767 9.0110 48.71
-10.2651 7.8484 5.8019 19.97
-8.3937 6.4373 9.0101 37.22
-8.7883 5.6785 2.7469 8.54
-10.2543 6.6733 6.9651 25.75
-7.2957 4.7717 9.0432 43.00
-9.2774 6.4625 4.0103 14.24
-10.2182 7.1593 8.6680 31.50
-5.8747 4.1270 9.0193 48.71
-10.2750 7.6985 5.7697 19.97
-8.4472 6.3607 9.0006 37.20
-9.2104 7.3753 2.9278 8.44
-10.2351 8.2455 7.3941 25.71
-6.7623 5.4402 9.0027 42.97
-9.4502 6.4493 4.0469 14.25
-10.2367 7.0315 8.6326 31.50
-5.9067 4.0700 9.0235 48.75
-10.2615 7.5390 5.7382 20.00
-8.4974 6.2707 9.0040 37.25
-8.8298 6.9247 2.8529 8.50
-10.2395 8.0828 7.3505 25.72
-6.8151 5.3815 8.9992 42.94
-8.7760 7.3884 4.0471 14.21
-9.9503 8.4290 9.0037 31.46
-5.4733 4.6157 8.9980 48.69
-10.2646 7.3896 5.7038 19.98
-8.5710 6.1978 9.0112 37.24
-8.8896 6.8393 2.8478 8.47
-10.2386 7.9220 7.3095 25.75
-6.8768 5.3329 9.0230 42.97
-8.7788 7.2578 4.0296 14.22
-10.0278 8.3326 9.0069 31.48
-5.5105 4.5604 8.9927 48.70
-10.0516 8.9185 5.9889 19.96
-7.9074 7.0158 9.0020 37.20
-8.8357 6.6705 2.8320 8.50
-10.2440 7.7800 7.2608 25.71
-6.9187 5.2579 9.0114 42.97
-8.7726 7.1095 4.0014 14.21
-10.1350 8.2558 9.0262 31.47
-5.5543 4.5100 8.9881 48.68
-8.9005 7.7385 5.8256 21.86
-7.4542 6.4840 8.9868 39.09
-10.2965 9.5914 3.7395 10.36
-9.9508 9.2771 8.1638 27.58
-5.9630 5.5296 8.9890 44.83
-10.2902 8.1951 4.9426 16.16
-9.4923 7.5907 9.0171 33.38
-5.2486 4.1852 9.0028 50.62
-9.0085 7.6892 5.8491 21.87
-7.5316 6.4380 9.0136 39.11
-10.0749 9.1904 3.6511 10.32
-9.7917 8.9574 7.9973 27.61
-6.0167 5.4789 8.9966 44.85
-10.2767 10.0438 5.2830 16.11
-8.6261 8.4381 8.9581 33.36
-4.8111 4.6553 8.9812 50.59
-9.1671 7.6728 5.8927 21.87
-7.5825 6.3583 9.0042 39.11
-10.1022 9.0489 3.6438 10.35
-9.9621 8.9472 8.6220 29.51
-5.6973 5.0862 9.0041 46.77
-8.7736 8.4007 5.0720 18.02
-8.1387 7.8070 8.9801 35.29
-8.7972 9.0044 2.6246 6.50
-10.2175 10.5080 7.5313 23.74
-6.4568 6.5979 8.9689 40.98
-9.6889 8.5060 3.9633 12.29
-10.1512 8.9478 8.7091 29.54
-5.7368 5.0314 9.0042 46.80
-10.2698 9.6768 5.7094 18.01
-8.2198 7.7426 8.9811 35.26
-8.7857 8.8267 2.6100 6.51
-9.2646 9.3357 6.8830 23.79
-6.5244 6.5433 8.9856 41.02
-8.7813 9.4490 3.9588 12.25
-8.6513 9.3195 8.2478 29.52
-5.1977 5.5455 8.9642 46.73
-10.0225 9.2599 5.5526 17.99
-8.3062 7.6767 8.9911 35.25
-9.1444 9.0135 2.6536 6.50
-9.3795 9.2748 6.8833 23.73
-6.5622 6.4626 8.9627 41.03
-8.7835 9.2793 3.9354 12.27
-8.7520 9.2436 8.2552 29.52
-5.2670 5.5123 8.9906 46.74
-10.2471 11.6249 6.1539 17.98
-7.4709 8.4214 8.9617 35.25
-9.2894 8.9904 2.6675 6.52
-9.3492 9.0723 6.8183 23.76
-6.6432 6.4217 8.9803 41.01
-8.7761 9.0886 3.9051 12.27
-8.8051 9.1331 8.2232 29.50
-5.3112 5.4552 8.9824 46.75
-10.2678 11.4230 6.1161 18.00
-7.5409 8.3515 8.9645 35.28
-9.1903 10.9286 2.8164 6.49
-10.2319 12.2022 8.0903 23.73
-5.9734 7.0407 8.9761 40.97
-9.1015 9.2513 3.9793 12.27
-8.7833 8.9395 8.1420 29.52
-5.3657 5.4153 8.9994 46.78
-10.2499 11.1914 6.0547 18.00
-7.6157 8.2815 8.9539 35.25
-8.8100 10.2709 2.7318 6.50
-10.2317 11.9707 8.0280 23.78
-6.0241 6.9664 8.9643 41.01
-10.2572 12.8631 5.3035 14.17
-8.0839 10.0920 8.9399 31.43
-4.5015 5.5170 8.9689 48.65
-9.7420 10.4171 6.2811 19.92
-7.1984 7.6635 8.9617 37.18
-10.3171 11.8282 3.5050 8.43
-6.5581 7.4464 5.8511 25.70
-5.7178 6.4828 8.9738 42.92
-10.2824 12.6580 5.2611 14.15
-8.1758 10.0102 8.9260 31.39
-4.5530 5.4755 8.9655 48.64
-10.2515 13.5292 6.6364 17.98
-6.8233 8.9040 8.9402 35.25
-8.7918 9.8587 2.6981 6.51
-10.2287 11.5157 7.8638 23.74
-6.1423 6.8440 8.9467 41.00
-10.2688 12.3792 4.6555 12.26
-8.7048 10.4608 8.7481 29.49
-4.9090 5.8051 8.9781 46.75
-10.2540 13.2615 6.5710 17.99
-6.9094 8.8545 8.9443 35.24
-8.8374 12.2581 2.4180 4.60
-10.2311 14.2145 8.7997 23.75
-5.4241 7.3991 8.9344 40.98
-10.2873 12.1594 4.6204 12.26
-9.0121 10.6306 8.9368 29.50
-4.9497 5.7493 8.9673 46.78
-9.7382 12.3417 6.2364 18.00
-6.9825 8.7818 8.9374 35.24
-9.1342 12.4233 2.4421 4.60
-10.2560 13.9706 8.0479 21.83
-5.8679 7.8631 8.9473 39.07
-10.1677 14.9123 3.8484 8.40
-9.1642 13.3976 8.8854 25.67
-4.9242 7.0369 8.9409 42.93
-10.2613 12.7602 5.8694 16.12
-7.0729 8.7243 8.9459 35.25
-10.2969 13.7502 2.5813 4.59
-10.2333 13.6691 7.9493 21.84
-5.9462 7.8259 8.9572 39.06
-10.2922 14.7759 3.8583 8.45
-9.3385 13.3662 8.9230 25.68
-5.0017 7.0116 8.9566 42.91
-10.2744 15.8968 5.2745 12.25
-7.5613 11.5864 8.8969 29.52
-4.2027 6.2851 8.9487 46.73
-10.2480 13.4097 6.0159 16.12
-6.5292 8.4502 8.0431 33.31
-4.1243 5.2419 8.9582 50.54
-10.2496 14.4058 7.5314 19.94
-6.1014 8.4528 8.9114 37.20
-10.0277 15.1966 3.2677 6.50
-9.7318 14.7129 8.8721 23.78
-5.1254 7.5793 8.9306 41.02
-10.2773 16.8319 4.7770 10.35
-7.8607 12.7336 8.8917 27.58
-4.3059 6.7945 8.9358 44.83
-10.2658 14.1493 5.5663 14.18
-6.7032 9.1290 7.9645 31.43
-4.2522 5.6834 8.9573 48.68
-10.0847 14.9521 6.9910 18.00
-6.1294 8.9522 8.6854 35.25
-10.3022 16.5130 2.7652 4.59
-9.3733 14.9570 8.1843 21.84
-5.2653 8.2189 8.9185 39.08
-10.2863 17.8298 4.2297 8.42
-8.1428 13.9963 8.8773 25.68
-4.4004 7.3460 8.9324 42.94
-10.2738 14.9227 5.1005 12.26
-7.9008 11.3886 8.9060 29.52
-4.3711 6.1577 8.9459 46.78
-9.5502 14.9353 6.2689 16.13
-6.5102 10.0335 8.9063 33.35
-3.6820 5.5190 8.9441 50.58
-9.0639 15.2755 7.5622 19.93
-5.4060 8.9420 8.9314 37.16
-9.7179 17.8586 2.8476 4.62
-9.2210 16.8540 8.8244 21.86
-4.7737 8.4866 8.9140 39.10
-10.2801 15.7823 3.9838 8.46
-8.6912 13.2594 8.7053 25.67
-4.7754 7.1152 8.9268 42.93
-10.2884 17.0383 5.4957 12.28
-7.2145 11.8009 8.8913 29.50
-4.0134 6.3778 8.9345 46.76
-10.1288 18.1598 7.1535 16.12
-5.2426 9.1606 7.9919 33.36
-3.3578 5.6953 8.9385 50.62
-9.3361 18.1492 7.7732 18.01
-5.2046 9.8515 8.9164 35.28
-10.1126 16.4005 2.7560 4.61
-9.2414 14.9211 8.1480 21.85
-5.2205 8.2514 8.9248 39.09
-10.2925 18.0632 4.2706 8.44
-8.0574 13.9976 8.8696 25.72
-4.3584 7.3709 8.9315 42.94
-9.5434 18.1460 4.9203 10.35
-6.9883 13.1145 8.8575 27.62
-3.8710 7.0306 8.9364 44.85
-8.7393 18.0860 5.5430 12.29
-6.0650 12.3292 8.8642 29.55
-3.4077 6.6712 8.9136 46.79
-10.2358 17.5411 7.0199 16.13
-5.4373 9.1108 8.0154 33.32
-3.4680 5.6457 8.9454 50.60
-9.7919 18.1831 7.8588 18.03
-5.3662 9.7294 8.8886 35.27
-8.9061 18.0279 2.1619 2.70
-9.0128 18.1626 8.4920 19.96
-4.5846 8.9655 8.6633 37.20
-8.0627 17.8360 2.7963 4.65
-7.9177 17.3930 8.7976 21.89
-4.1387 8.7723 8.8983 39.11
-9.9649 18.1337 4.2523 8.43
-7.8345 14.1061 8.8515 25.68
-4.2427 7.4062 8.9116 42.95
-9.1582 18.0853 4.8829 10.36
-6.7718 13.1874 8.8359 27.60
-3.7649 7.0787 8.9397 44.88
-8.4098 18.1107 5.5196 12.29
-5.8843 12.4072 8.8609 29.55
-3.3134 6.7133 8.9178 46.81
-6.9407 16.3026 5.6554 14.23
-5.0666 11.6585 8.8537 31.48
-2.9154 6.3929 8.9400 48.74
-9.4306 18.1594 7.0702 16.14
-5.6027 10.5577 8.9081 33.34
-3.1907 5.7795 8.9183 50.57
-8.6726 18.1805 7.6993 18.04
-4.8814 9.9520 8.8814 35.28
-7.8375 18.0543 2.1489 2.72
-7.9382 18.1759 8.3535 20.01
-4.1668 9.2143 8.7088 37.21
-7.1150 18.0740 2.1483 2.75
-7.2063 18.1714 8.2534 20.01
-3.8437 9.2995 8.6842 37.24
-8.7035 17.8632 2.8143 4.63
-7.4532 15.1500 7.8973 21.87
-4.3843 8.6566 8.8979 39.12
-8.0714 18.0955 3.4694 6.54
-6.9179 15.3458 8.5244 23.77
-3.8496 8.2315 8.9088 41.04
-7.3317 18.0560 4.1042 8.51
-6.0914 14.7860 8.8188 25.75
-3.3580 7.7941 8.8949 42.97
-6.6326 18.1062 4.0651 8.48
-5.5699 14.9605 8.8069 25.75
-3.0929 7.8820 8.8950 43.02
-8.3008 18.1313 4.8310 10.38
-6.2631 13.4679 8.8570 27.61
-3.4787 7.1824 8.9096 44.88
-7.5470 18.0703 5.4498 12.33
-5.3805 12.6068 8.8527 29.55
-3.0564 6.8286 8.9213 46.81
-6.8375 18.1032 5.4004 12.32
-4.9427 12.7394 8.8421 29.58
-2.8221 6.9067 8.9161 46.84
-6.1469 18.0972 5.3566 12.34
-4.4798 12.8291 8.8131 29.61
-2.5883 6.9915 8.9188 46.85
-7.0137 16.2999 5.6605 14.23
-5.1274 11.6596 8.8648 31.47
-2.9379 6.3736 8.9241 48.72
-6.3939 16.3595 5.6282 14.26
-4.7193 11.7975 8.8571 31.49
-2.7245 6.4459 8.9132 48.73
-6.2966 17.9406 6.0033 14.28
-4.3087 11.9042 8.8373 31.51
-2.5047 6.5169 8.9079 48.75
-5.6666 18.1426 6.0027 14.27
-3.8904 12.0058 8.8188 31.51
-2.2817 6.5611 8.8864 48.79
-6.5658 16.3512 5.6339 14.24
-4.8288 11.7425 8.8466 31.48
-2.7833 6.4299 8.9197 48.73
-5.9587 16.4231 5.6098 14.28
-4.4244 11.8864 8.8500 31.51
-2.5699 6.5012 8.9143 48.75
-5.8593 18.1118 6.0154 14.29
-4.0209 12.0119 8.8493 31.52
-2.3511 6.5750 8.9192 48.77
-5.1781 18.1310 5.9711 14.29
-3.5886 12.0630 8.8056 31.52
-2.1285 6.6199 8.9053 48.80
-6.1112 16.3668 5.6013 14.25
-4.5394 11.8461 8.8472 31.49
-2.6298 6.4887 8.9233 48.74
-6.0571 18.1418 6.0374 14.29
-4.1264 11.9639 8.8406 31.52
-2.4162 6.5596 8.9239 48.76
-5.3828 18.1506 5.9957 14.31
-3.7164 12.0642 8.8308 31.53
-2.1863 6.5968 8.8920 48.78
-4.7029 18.1243 5.2941 12.40
-3.5260 13.0772 8.8077 29.64
-2.0792 7.1151 8.9045 46.89
-6.2304 18.1195 5.3781 12.38
-4.5411 12.8494 8.8325 29.60
-2.6119 6.9483 8.8826 46.84
-5.5377 18.0827 5.3362 12.41
-4.1023 12.9676 8.8188 29.59
-2.3806 7.0338 8.9020 46.87
-4.8758 18.1048 4.6494 10.47
-3.8998 14.0677 8.7834 27.73
-2.2691 7.5870 8.9006 44.94
-4.2021 18.0637 3.9963 8.59
-3.5855 14.9498 8.5596 25.82
-2.1160 8.1202 8.8633 43.06
-5.7148 18.0865 4.0332 8.52
-4.8293 14.9814 8.7063 25.75
-2.7370 7.9831 8.8828 43.03
-5.0422 18.0757 4.0104 8.54
-4.2803 14.9748 8.6442 25.80
-2.4688 8.0622 8.8899 43.05
-4.3725 18.0799 3.3822 6.69
-4.1336 16.6951 8.7463 23.88
-2.1959 8.1267 8.8912 43.08
-3.7326 18.0851 3.3607 6.67
-3.2320 15.1417 7.9996 23.91
-2.0241 8.7225 8.8742 41.18
-5.2280 18.1122 3.3927 6.64
-4.8553 16.5165 8.7462 23.88
-2.6862 8.5599 8.8557 41.12
-4.5109 17.8647 2.7427 4.76
-4.6446 18.1905 8.7048 21.95
-2.4743 8.9703 8.6406 39.22
-3.8783 18.0174 2.1384 2.87
-3.9731 18.1635 7.9472 20.08
-2.3537 9.9224 8.8419 37.33
-3.2291 18.0659 1.5348 0.97
-3.3218 18.1175 7.2174 18.20
-2.1214 10.6766 8.8328 35.46
-4.7155 18.0434 1.5185 0.91
-4.8062 18.1373 7.2963 18.13
-2.9515 10.5436 8.8431 35.38
-3.9845 17.7312 0.9115 -1.00
-4.1370 18.1363 6.5925 16.27
-1.7620 6.8359 5.7512 33.48
-1.6813 6.2635 8.8899 50.73
-3.4827 18.1104 5.9007 14.38
-2.5094 12.2667 8.8034 31.60
-1.5482 6.7418 8.9012 48.85
-2.8359 18.1051 5.2368 12.47
-2.2160 13.2233 8.7673 29.72
-1.3869 7.2289 8.8954 46.96
-4.2926 18.0956 4.6253 10.48
-3.4793 14.1591 8.7802 27.74
-1.9343 7.1253 8.8817 46.90
-3.6378 18.1165 4.6237 10.53
-1.8970 8.4989 5.7062 27.79
-1.7793 7.6519 8.8723 45.00
-2.9815 18.1035 3.9828 8.64
-2.5997 15.0075 8.5202 25.88
-1.5983 8.2064 8.8700 43.13
-2.3054 17.8610 2.7228 4.80
-2.4336 18.1855 8.5961 22.09
-1.4044 9.0186 8.5510 39.34
-3.7780 18.0802 2.1320 2.84
-3.8829 18.1780 7.9498 20.09
-2.2978 9.9290 8.8405 37.34
-3.1212 18.0349 1.5239 0.94
-3.2281 18.1567 7.2307 18.22
-2.0616 10.6648 8.8181 35.46
-2.4818 18.0434 0.9322 -0.93
-2.5791 18.1153 6.5322 16.33
-1.7909 11.4581 8.7978 33.58
-1.1525 6.1978 8.7142 50.80
-1.9265 18.1064 5.2279 12.51
-1.5644 13.2830 8.7692 29.76
-1.0365 7.2455 8.8765 47.01
-3.3608 18.0976 4.6045 10.51
-1.7788 8.5755 5.7312 27.78
-1.6656 7.6636 8.8642 45.01
-2.7114 18.1040 3.9852 8.66
-2.3630 14.9774 8.4901 25.89
-1.4783 8.2232 8.8718 43.14
-2.0339 17.8745 2.7323 4.83
-2.1526 18.1298 8.5612 22.09
-1.2894 9.1918 8.6728 39.31
-1.4050 18.0604 1.5579 1.06
-1.5077 18.1648 7.1928 18.29
-1.0712 10.7539 8.8201 35.54
-2.8355 18.0507 0.9207 -0.97
-2.6748 16.3987 6.0299 16.31
-2.0136 11.4462 8.8034 33.55
-1.2888 6.3381 8.8974 50.76
-2.2682 18.0831 5.2374 12.54
-1.8201 13.3014 8.7835 29.72
-1.1506 7.0595 8.6899 47.00
-1.6138 18.0722 3.9756 8.70
-1.4762 14.9904 8.4691 25.95
-1.0002 8.2590 8.8671 43.19
-0.9654 17.8693 2.7361 4.87
-1.0773 18.1679 8.5694 22.16
-0.7416 8.9752 8.4857 39.41
-2.3865 17.9964 1.5408 1.00
-2.4863 18.1454 7.1933 18.22
-1.6425 10.7121 8.8130 35.48
-1.7389 18.0251 0.3459 -2.81
-1.8285 18.0738 5.8627 14.45
-1.4109 12.3682 8.7973 31.68
-0.9622 6.7896 8.8795 48.92
-1.1899 18.1142 4.6011 10.63
-1.0772 14.3297 8.7420 27.89
-0.7793 7.7640 8.8788 45.09
-0.5463 18.0555 3.3674 6.82
-0.6201 16.8648 8.6919 24.07
-0.5284 8.8119 8.8450 41.33
-1.9368 18.0402 2.1426 2.92
-2.0472 18.1787 7.8808 20.17
-1.2362 9.2098 8.1962 37.43
-1.2977 18.0139 0.9513 -0.88
-1.3890 18.1176 6.5205 16.39
-1.0622 11.5386 8.8086 33.60
-0.7741 6.3716 8.8889 50.85
-0.7459 18.0690 5.2246 12.58
-0.6981 13.2831 8.7557 29.82
-0.5805 7.2575 8.8747 47.08
-0.1063 18.1092 4.0023 8.79
-0.2259 14.9955 8.4696 26.01
-0.3247 8.2446 8.8400 43.25
-1.4817 17.8127 2.7254 4.84
-1.6063 18.1692 8.5649 22.11
-0.9987 8.9669 8.4790 39.36
-0.8525 18.0219 1.5543 1.05
-0.8951 16.3975 6.6117 18.33
-0.7497 10.7116 8.7842 35.57
-0.2134 18.0235 0.3747 -2.73
-0.3110 18.0891 5.8753 14.53
-0.3866 12.3451 8.7742 31.76
-0.4073 6.7955 8.8709 49.00
0.3400 18.1040 4.6235 10.71
0.1123 14.2438 8.7116 27.96
-0.1441 7.7348 8.8641 45.20
-1.0614 18.1223 3.3751 6.81
-1.0946 16.7391 8.6391 24.05
-0.7792 8.8026 8.8365 41.29
-0.4112 18.0774 2.1663 3.00
-0.5142 18.1378 7.8703 20.27
-0.4889 10.0154 8.8077 37.54
0.2268 18.0344 0.9784 -0.79
0.1232 18.1465 6.5485 16.47
-0.1043 11.4633 8.7773 33.72
-0.2606 6.3569 8.8740 50.94
0.7730 18.1212 5.2706 12.66
0.3899 13.2082 8.7466 29.90
0.0091 7.2349 8.8705 47.15
-0.6214 18.1098 3.9869 8.74
-0.6470 14.9886 8.4546 25.97
-0.5572 8.2535 8.8451 43.22
0.0103 18.0617 2.7855 4.97
-0.0759 18.1741 8.5689 22.16
-0.2600 8.9940 8.4992 39.43
0.6688 18.0569 1.5860 1.15
0.5710 18.1388 7.2128 18.39
0.1329 10.7116 8.8021 35.63
1.3201 18.0549 0.3921 -2.66
1.2275 18.1547 5.9322 14.60
0.6380 12.2778 8.7760 31.83
0.1408 6.7601 8.8744 49.10
-0.1896 18.0764 4.6032 10.67
-0.2994 14.3231 8.7400 27.93
-0.3617 7.7182 8.8370 45.16
0.4549 18.0854 3.4025 6.91
0.3038 16.7730 8.6783 24.13
-0.0571 8.7814 8.8338 41.38
1.1071 18.0727 2.2057 3.12
1.0130 18.1509 7.9147 20.33
0.3328 9.9892 8.8141 37.58
1.7656 18.0336 1.0105 -0.69
1.6609 18.1770 6.6089 16.53
0.8370 11.3776 8.7706 33.76
0.2537 6.3058 8.8692 51.04
0.2573 18.1173 5.2630 12.66
0.0188 13.1924 8.7225 29.88
-0.1967 7.2363 8.8569 47.12
0.8981 18.0699 4.0230 8.85
0.5975 14.9718 8.4924 26.08
0.1167 8.2080 8.8379 43.33
1.5540 18.0725 2.8136 5.03
1.4412 18.1435 8.6357 22.29
0.4813 8.9791 8.5343 39.51
2.2085 18.0446 1.6263 1.27
2.1033 18.1697 7.3074 18.50
1.0119 10.5716 8.7864 35.75
0.7892 18.0077 0.3928 -2.67
0.6963 18.1340 5.9082 14.57
0.2838 12.2738 8.7551 31.81
-0.0457 6.7818 8.8757 49.06
1.3427 18.0617 4.6543 10.79
0.8818 14.1709 8.7233 28.05
0.2677 7.6880 8.8531 45.26
2.0022 18.1249 3.4560 7.02
1.6801 16.5185 8.6391 24.21
0.6569 8.6750 8.8031 41.45
2.6446 18.0133 2.2344 3.19
2.5508 18.1811 8.0308 20.44
1.0521 9.2179 8.3106 37.69
1.2308 18.0170 0.9910 -0.75
1.1326 18.1404 6.5794 16.52
0.5140 11.4234 8.7833 33.77
0.0790 6.3344 8.8690 50.97
1.7875 18.1181 5.3231 12.76
1.1031 13.0767 8.7164 29.94
0.3913 7.1724 8.8510 47.22
2.4536 18.1061 4.0823 8.94
1.8639 15.0094 8.6083 26.18
0.7825 8.1025 8.8227 43.43
3.1118 18.0679 2.8583 5.11
2.9313 17.8037 8.6233 22.40
1.2345 8.9757 8.6500 39.65
1.6692 18.0433 1.6117 1.23
1.5697 18.1472 7.2603 18.44
0.7061 10.5971 8.7664 35.70
2.3247 17.9987 0.4144 -2.58
2.2292 18.1302 5.9850 14.69
1.2937 12.1212 8.7467 31.91
0.4985 6.7211 8.8806 49.15
2.8859 18.0961 4.7262 10.87
2.0479 13.9288 8.6995 28.13
0.8868 7.5825 8.8398 45.33
3.5680 18.1397 3.5087 7.07
3.0103 16.0825 8.5789 24.32
1.3609 8.5332 8.8073 41.58
2.1273 18.0739 2.2220 3.15
2.0156 18.1915 7.9919 20.40
0.7885 9.2323 8.2830 37.65
2.7725 18.0094 1.0240 -0.64
2.6835 18.1640 6.6798 16.63
1.4446 11.2408 8.7521 33.84
0.5831 6.2410 8.8489 51.08
3.3410 18.0961 5.3948 12.82
2.1799 12.8336 8.7071 30.06
0.9670 7.0534 8.8390 47.33
4.0147 18.0775 4.1617 9.05
3.0357 14.4699 8.4823 26.27
1.4352 7.9574 8.8169 43.50
2.5657 18.0353 2.8360 5.08
2.4155 17.9085 8.6103 22.34
0.9682 8.9591 8.5808 39.57
3.2393 18.0599 1.6402 1.30
3.1258 18.1634 7.3876 18.57
1.5727 10.4338 8.7676 35.81
3.9112 18.0423 0.4332 -2.47
3.3749 16.2600 5.5874 14.79
2.2782 11.8927 8.7414 32.01
1.0334 6.5768 8.8437 49.25
4.4994 18.1262 4.8339 10.97
3.1852 13.6314 8.7012 28.23
1.4931 7.4105 8.8251 45.46
3.0208 18.0749 3.4829 7.06
2.5778 16.3234 8.6424 24.30
1.1200 8.5982 8.8139 41.53
3.6916 18.0294 2.2684 3.26
3.5913 18.1873 8.1343 20.52
1.5749 9.2430 8.4251 37.79
4.3717 18.0268 1.0553 -0.53
4.2604 18.1381 6.8053 16.73
2.3522 10.9698 8.7343 33.98
1.0803 6.1310 8.8597 51.20
4.9643 18.1428 6.1940 14.84
2.9500 11.6338 8.7042 32.07
1.4015 6.4673 8.8442 49.34
3.4589 18.1058 4.7571 10.89
2.4593 13.8443 8.7026 28.16
1.1051 7.5104 8.8208 45.38
4.1406 18.0960 3.5396 7.13
3.3514 15.3681 8.3143 24.37
1.6126 8.4846 8.8222 41.61
4.8199 18.0460 2.9363 5.25
4.4607 17.2873 8.5939 22.50
2.0556 8.9560 8.7993 39.72
5.5066 18.0327 2.3362 3.38
5.4140 18.2019 8.3532 20.63
2.4111 9.0185 8.4342 37.86
4.0045 18.0306 1.0424 -0.57
3.8953 18.1217 6.7628 16.70
2.1451 11.0414 8.7396 33.94
0.9680 6.1507 8.8394 51.14
4.5806 18.0803 5.4977 12.95
2.9517 12.5119 8.6442 30.13
1.4053 6.9485 8.8486 47.40
5.2738 18.1120 4.8917 11.03
3.7067 13.4216 8.6880 28.29
1.7770 7.3280 8.8270 45.49
5.9741 18.0909 4.2970 9.18
4.5380 14.3425 8.6690 26.40
2.1868 7.7153 8.8192 43.63
4.4575 18.0911 2.9165 5.20
4.1384 17.4265 8.6031 22.47
1.8809 8.9880 8.7818 39.69
5.1371 18.0461 2.3220 3.35
5.0273 18.1755 8.2993 20.62
2.2688 9.1618 8.5174 37.89
5.8262 18.0185 1.7162 1.49
5.7372 18.1860 7.6724 18.72
2.8969 10.0097 8.7469 35.96
6.5721 18.0656 1.1030 -0.37
6.4311 18.1276 7.0405 16.85
3.5022 10.5942 8.7460 34.08
1.7068 5.9094 8.8537 51.35
4.8838 18.1556 6.1913 14.84
2.9061 11.6669 8.7196 32.08
1.3757 6.4661 8.8296 49.32
5.5784 18.1401 5.5998 13.01
3.5839 12.4022 8.7051 30.19
1.7332 6.8392 8.8470 47.46
6.2794 18.1192 4.9797 11.10
4.3372 13.1345 8.6684 28.36
2.1222 7.1967 8.8235 45.55
6.9844 18.0676 5.0361 11.14
4.7805 12.9620 8.6775 28.40
2.3584 7.0930 8.8251 45.62
5.4079 18.1104 4.2510 9.12
4.1328 14.4769 8.6531 26.35
1.9681 7.7867 8.8174 43.62
6.1019 18.0849 3.6589 7.28
4.8730 14.9991 8.3918 24.50
2.4043 8.1876 8.7943 41.75
6.8104 18.0518 3.7064 7.34
5.4509 14.9937 8.4908 24.53
2.6881 8.1107 8.8214 41.77
7.5578 18.1122 3.7518 7.34
6.0436 14.9730 8.6027 24.58
2.7383 7.5022 8.8391 43.74
5.9157 18.0853 3.6415 7.25
4.7020 14.9640 8.3487 24.49
2.3314 8.2279 8.8023 41.72
6.6076 18.0692 3.6914 7.31
5.2931 15.0015 8.4696 24.53
2.6011 8.1138 8.7994 41.78
7.3501 18.0859 3.7491 7.37
5.8765 14.9821 8.5702 24.56
2.8715 8.0019 8.7997 41.81
8.0871 18.0832 3.7892 7.38
6.4116 14.8097 8.6147 24.62
3.0400 7.6600 8.5956 41.88
6.4492 18.1050 3.0185 5.34
5.7805 16.7416 8.5826 22.60
2.7282 8.6818 8.7762 39.83
7.1368 18.0607 3.0724 5.44
6.3552 16.5064 8.5860 22.62
2.9820 8.4736 8.7056 39.89
7.9174 18.1060 3.1126 5.46
6.8724 16.1784 8.5746 22.71
3.3028 8.4352 8.7872 39.92
8.6491 18.0977 3.8355 7.41
6.7568 14.5990 8.6075 24.66
3.3120 7.7570 8.7861 41.91
6.9397 18.0796 3.7104 7.32
5.5433 14.9711 8.5067 24.56
2.7126 8.0462 8.7811 41.79
7.6715 18.0924 3.7711 7.39
6.1453 14.9753 8.6289 24.60
2.9603 7.8841 8.7443 41.85
8.4521 18.1356 4.5144 9.34
6.0594 13.5310 8.6382 26.58
2.9795 7.2629 8.7436 43.82
9.2016 18.1199 5.2838 11.29
5.9797 12.2920 8.6612 28.54
2.9879 6.7070 8.7615 45.77
7.4483 18.1380 5.0911 11.16
3.1992 8.4743 6.1135 28.42
2.4975 7.0289 8.8230 45.65
8.2067 18.1241 5.1799 11.24
3.1092 7.5365 5.6440 28.50
2.7225 6.9053 8.8118 45.70
7.9983 16.2642 5.4778 13.20
3.1065 6.9099 5.6746 30.44
2.7260 6.3645 8.8224 47.70
9.4949 17.7265 7.4041 17.07
4.9637 9.8188 8.7353 34.30
8.0359 18.0376 1.7950 1.65
7.9329 18.1839 8.0002 18.86
3.7470 9.2476 8.4915 36.11
8.7049 17.8478 2.4753 3.60
7.1701 15.1427 7.6116 20.87
3.8947 8.7995 8.7722 38.13
9.4279 17.7690 3.1880 5.57
7.7174 14.9758 8.3177 22.82
3.8883 8.1023 8.7774 40.03
9.4782 16.5747 4.4140 9.47
7.1281 12.8801 8.6351 26.69
3.5799 6.9896 8.7998 43.92
8.5380 18.1303 5.2061 11.23
3.2123 7.4624 5.6301 28.49
2.8227 6.8559 8.8127 45.72
8.3907 16.3997 5.5693 13.26
3.1807 6.8156 5.6458 30.44
2.8238 6.3270 8.8372 47.71
8.4270 15.2707 6.6041 17.12
4.8835 9.3294 8.4352 34.36
2.5916 5.4671 8.8578 51.58
9.1539 15.3459 8.0944 20.99
4.6652 8.3342 8.7713 38.24
9.1424 18.0667 3.1827 5.52
7.5413 15.3529 8.4105 22.78
3.7361 8.1901 8.7766 40.00
9.4646 17.2911 4.5079 9.44
6.9004 13.0522 8.6467 26.67
3.4441 7.0572 8.7924 43.92
9.4626 16.0470 5.6409 13.31
6.2291 10.9971 8.6995 30.55
3.0793 5.9502 8.6326 47.81
9.0117 14.3433 8.4179 22.96
4.5166 7.6763 8.7798 40.21
9.4451 17.6055 3.8592 7.50
7.3931 14.2179 8.6152 24.74
3.2105 6.7543 7.9551 41.97
9.4471 16.3262 5.0306 11.39
6.6021 11.8645 8.6553 28.65
3.3604 6.5435 8.8168 45.85
9.2444 14.9250 6.6702 17.20
5.2986 9.0022 8.4093 34.44
2.8437 5.3044 8.8596 51.65
8.0169 12.2233 8.6329 26.80
4.0649 6.6597 8.8054 44.04
9.4786 16.7789 5.7900 13.31
6.0240 11.1432 8.7066 30.53
3.0073 6.0934 8.7182 47.76
9.0562 14.9309 6.6360 17.18
5.2774 9.1664 8.4825 34.39
2.8019 5.3439 8.8683 51.63
7.9048 12.3095 8.6376 26.80
3.9964 6.6910 8.7969 44.05
10.8802 15.4304 8.5366 21.11
5.2424 7.9110 8.7747 38.36
9.1486 15.2429 3.5955 7.58
8.0372 13.7353 8.5973 24.82
3.9966 7.3443 8.7850 42.05
9.4680 14.6959 5.4048 13.41
5.4964 9.0179 8.4877 34.42
2.9173 5.2456 8.8492 51.67
8.1870 12.0733 8.6332 26.84
4.1559 6.5789 8.8036 44.08
10.1953 13.7926 8.5600 23.08
5.0504 7.2738 8.7728 40.26
9.4102 14.9006 4.7947 11.42
7.0683 11.5746 8.6640 28.68
3.6034 6.3765 8.8127 45.91
10.5986 15.6633 8.5399 21.09
5.0922 8.0142 8.7726 38.36
9.4445 12.9212 4.5078 11.54
6.2127 8.9175 8.7492 34.56
3.2037 5.0350 8.8589 51.77
9.5109 12.2961 8.5076 25.00
4.8619 6.6995 8.7977 42.23
9.4509 14.1978 5.3081 13.42
5.6696 8.9847 8.5488 34.48
2.9608 5.1427 8.7714 51.67
7.1234 10.3039 8.6865 30.67
3.6648 5.7356 8.8188 47.94
9.5366 12.5755 8.6099 24.98
4.8043 6.7596 8.8049 42.22
11.9429 14.4850 8.5498 21.23
5.7647 7.4221 8.7531 38.48
9.4779 13.5109 4.6097 11.55
6.2547 9.3215 8.4298 32.58
3.3657 5.4437 8.8535 49.82
9.4467 12.7102 8.6289 24.97
4.7356 6.8009 8.8025 42.24
11.7961 14.5823 8.5266 21.19
5.7169 7.5005 8.7708 38.45
9.4659 10.9257 4.7480 13.61
6.3980 7.7586 8.7418 36.55
9.4637 12.7654 3.9396 9.65
6.5759 9.2795 8.5407 32.62
3.4850 5.3353 8.8414 49.86
9.5027 12.1494 8.4540 25.01
4.8913 6.6620 8.8001 42.28
11.0318 13.0454 8.5722 23.17
5.4838 6.8935 8.7871 40.39
9.4583 10.4132 5.1711 15.56
7.0681 8.0797 8.7279 34.72
3.6926 4.5939 8.8548 51.93
9.5857 12.4779 8.5997 25.01
4.8338 6.7283 8.8047 42.24
10.9605 13.2111 8.5876 23.11
5.4126 6.9399 8.7782 40.40
9.4483 10.6069 5.2005 15.53
6.0555 7.1667 8.7671 38.53
9.4344 9.8866 5.0668 15.58
7.7994 8.4276 8.7063 32.85
4.0950 4.7792 8.8518 50.06
7.2615 9.1612 7.7146 28.88
4.3216 5.8094 8.8189 46.09
9.4396 10.9428 8.6427 27.03
4.8297 5.9909 8.8034 44.26
7.5150 8.1661 5.5937 21.31
6.2186 6.9944 8.7658 38.57
9.2591 9.2430 4.9165 15.63
7.9893 8.2072 8.7043 32.89
4.2033 4.6618 8.8526 50.10
7.7849 9.3272 8.5241 30.82
4.1421 5.3466 8.8431 48.08
8.1204 9.0241 7.4781 27.07
4.9652 5.8511 8.8012 44.30
7.6269 7.8830 5.5561 21.35
6.3772 6.8181 8.7645 38.61
9.3879 8.9129 4.8901 15.67
8.1987 8.0060 8.7248 32.94
4.3072 4.5404 8.8509 50.14
7.9489 9.0355 7.9358 28.96
4.5788 5.5499 8.8119 46.18
8.5130 8.9406 6.5710 23.23
5.8883 6.4745 8.7892 40.52
9.2067 8.9427 5.3257 17.56
7.5666 7.5777 8.7551 34.83
3.9535 4.3063 8.8584 52.07
7.7964 7.2770 8.7469 34.88
4.0851 4.1442 8.8451 52.09
8.9957 9.6726 8.6054 29.01
4.7233 5.4377 8.8372 46.21
8.9841 8.9575 6.7440 23.32
6.0382 6.3111 8.7912 40.55
11.4296 10.5500 8.6205 25.25
5.8076 5.7111 8.8006 42.51
11.7490 10.1060 8.6293 25.34
5.9881 5.4809 8.8012 42.57
8.8925 8.9962 5.7416 19.49
6.8975 7.2385 8.7471 36.66
9.4817 8.9034 4.9096 15.67
8.2529 7.9568 8.7280 32.93
4.3319 4.5161 8.8558 50.15
9.0121 8.0606 8.5844 31.05
4.8011 4.6134 8.8400 48.31
9.4420 7.8484 8.7228 31.12
4.9409 4.4216 8.8327 48.36
9.2765 8.9732 7.3627 25.23
5.7061 5.8358 8.8015 42.48
7.5352 6.8692 5.6844 23.36
6.3221 5.9706 8.7936 40.63
9.4549 7.9091 5.6700 19.62
6.9747 6.0856 8.7705 38.78
9.4543 7.3674 5.5724 19.70
6.2315 5.1459 8.8040 42.65
11.4981 10.4841 8.6309 25.27
5.8341 5.6720 8.7968 42.52
11.8145 10.0501 8.6377 25.35
6.0149 5.4416 8.8048 42.60
10.2873 8.2414 8.6838 29.23
5.3888 4.6250 8.8502 46.48
8.9915 6.7908 8.6838 33.14
4.7898 3.9065 8.8606 50.34
9.0048 7.9574 8.5441 31.06
4.8184 4.5792 8.8299 48.32
9.4608 7.7830 8.7140 31.14
4.9722 4.4000 8.8439 48.35
8.3522 6.4737 8.7407 35.03
4.4176 3.7242 8.8698 52.24
7.4380 5.4399 8.7931 38.91
9.4740 7.8104 5.1922 17.71
7.0026 6.0443 8.7676 38.78
9.4732 7.2972 5.5597 19.69
6.2522 5.1023 8.8028 42.68
10.6580 7.6835 8.6933 29.31
5.5866 4.3192 8.8463 46.56
10.1151 6.7989 8.7346 31.28
5.3345 3.8675 8.8588 48.50
8.2272 6.6446 8.7314 34.99
4.3428 3.8110 8.8548 52.21
7.3296 5.5805 8.7787 38.88
9.4426 6.4139 5.3928 19.78
7.0149 5.0040 8.8168 40.84
11.0722 6.9983 8.7125 29.42
5.8079 3.9462 8.8495 46.66
8.9298 6.8007 8.6512 33.13
4.7655 3.9214 8.8425 50.33
8.6101 6.1309 8.7644 35.08
4.3186 3.3639 8.5197 52.34
9.4433 6.1810 8.7278 33.21
4.3922 3.1577 7.9740 50.43
7.7891 4.8256 8.8017 39.03
9.4702 6.6968 5.4549 19.77
6.4364 4.8313 8.8048 42.73
9.4697 6.2483 6.2590 23.60
7.0642 4.8728 8.8016 40.88
11.1567 6.8132 8.7056 29.43
5.8598 3.8479 8.8483 46.68
9.0165 5.1844 8.7110 35.25
4.7659 2.9990 8.7915 52.45
8.0872 5.6071 8.7713 37.01
9.4554 5.8771 5.3161 19.87
6.6850 4.3991 8.8084 42.83
10.4893 6.0860 8.7379 31.38
5.2940 3.3345 8.5405 48.64
8.5907 4.6890 8.7934 37.16
9.4403 5.9762 4.8955 17.91
8.2076 5.3854 8.7698 37.05
9.4551 5.5517 5.2666 19.91
6.7793 4.2156 8.8079 42.87
10.6244 5.8066 8.7422 31.42
5.4097 3.2120 8.5987 48.68
8.6788 4.4519 8.7846 37.20
9.4413 5.6617 5.2775 19.89
6.7459 4.2950 8.8151 42.86
10.5845 5.9211 8.7548 31.42
5.3883 3.2735 8.6014 48.64
8.6341 4.5350 8.7885 37.22
9.4602 4.3987 5.1154 20.07
7.6218 3.7280 8.8128 41.11
11.3338 6.4432 8.7087 29.49
5.9661 3.6506 8.8458 46.70
9.0154 4.8258 8.6037 35.28
4.9021 2.8695 8.8854 52.52
8.1191 4.0365 8.7816 39.16
9.4756 4.1238 5.4900 22.00
7.0172 3.2505 8.6561 43.06
10.6466 5.7335 8.7370 31.43
5.4258 3.1800 8.5982 48.68
8.6925 4.3959 8.7849 37.23
9.4670 4.2242 5.0920 20.06
6.6463 3.1634 7.8486 41.16
11.9899 4.8541 8.7300 29.69
6.3373 2.7943 8.8703 46.92
9.0600 4.6649 8.5907 35.32
4.9303 2.7803 8.8693 52.54
8.1908 3.9100 8.7979 39.18
8.9086 3.7551 6.0104 25.81
6.7232 3.0156 8.8193 45.02
8.3754 3.2503 7.3384 33.55
5.5490 2.3368 8.8780 50.77
8.7607 4.2564 8.7869 37.23
9.4498 4.0416 5.0670 20.09
7.4260 3.3581 8.5413 41.16
8.2722 3.3035 7.2844 33.55
5.5226 2.3925 8.8761 50.79
8.8098 3.1550 8.0694 35.50
5.2120 2.0679 8.9023 52.74
8.2507 3.7843 8.8119 39.22
8.9842 3.6228 6.0302 25.85
6.7786 2.9118 8.8337 45.02
8.6665 3.1719 6.6375 29.76
6.4038 2.5085 8.8539 47.01
9.1621 2.9808 7.3341 31.73
6.0482 2.1475 8.8681 48.94
8.0319 3.4297 8.0514 37.31
9.4552 3.4956 5.4060 22.06
7.6826 3.0002 8.6584 41.24
8.8970 2.9691 5.9040 25.93
7.4205 2.6220 8.8450 43.21
10.6696 3.1542 8.8044 33.67
3.2465 1.1762 5.7704 50.89
7.5126 3.0273 8.5217 41.22
8.8319 3.0498 5.8892 25.94
7.3956 2.6917 8.8402 43.20
10.6381 3.2550 8.7936 33.64
3.2333 1.2102 5.7637 50.87
8.0818 2.2627 8.8429 41.38
9.2753 3.2871 6.1226 25.91
7.3912 2.7800 8.8524 43.16
9.3591 2.9598 6.5554 27.91
6.9580 2.3627 8.8546 45.14
9.9487 2.7951 8.8131 35.62
3.0341 1.0683 5.7967 52.86
7.6074 1.9453 8.8767 43.32
9.0130 2.9613 6.3782 27.90
6.9495 2.4370 8.8657 45.13
9.9255 2.9028 8.8078 35.59
3.0422 1.1065 5.8190 52.85
7.5692 2.0233 8.8538 43.31
10.8003 2.3003 8.7985 33.80
3.3220 0.9038 5.8005 51.01
8.0526 2.5233 8.8659 41.33
11.5393 2.9839 8.7796 31.81
6.1441 1.7854 8.8870 49.03
8.7286 2.0231 8.8365 39.53
9.4547 1.7289 5.6798 24.25
6.6674 1.3876 8.8823 47.24
9.0352 2.5179 8.6182 37.50
9.4534 2.1697 5.3036 22.26
7.0875 1.7994 8.8661 45.25
10.0947 2.0042 8.8255 35.74
3.0939 0.8103 5.8143 52.97
8.2176 1.3961 8.8505 41.52
11.6176 2.8028 8.8024 31.81
6.1659 1.6843 8.8967 49.08
8.7583 1.8815 8.8427 39.54
9.4703 1.5761 5.6790 24.27
6.6896 1.2794 8.8919 47.26
10.1734 1.3686 8.8374 35.82
3.1153 0.5991 5.8061 53.03
7.6408 1.7807 8.8821 43.35
10.8816 1.9502 8.8201 33.83
5.8142 1.2245 8.9124 51.06
7.6857 1.1806 7.8976 39.63
9.4565 0.9773 5.6607 24.36
7.2167 0.8879 8.8916 45.41
10.1147 1.9495 8.8332 35.74
3.0935 0.7894 5.8059 52.96
8.2517 1.3538 8.8783 41.53
7.5212 0.9134 5.7794 30.08
6.7149 0.9188 8.8855 47.33
10.9852 0.8787 8.8501 33.98
5.8579 0.6262 8.9087 51.19
8.8141 1.5126 8.8541 39.61
9.4568 1.1672 5.6545 24.29
7.1951 1.0369 8.8824 45.40
10.9737 0.9833 8.8322 33.93
5.8619 0.6878 8.9113 51.16
9.5406 0.5556 8.8653 37.79
9.4694 1.2510 5.2790 22.40
7.7102 1.1663 8.8848 43.48
11.7969 1.1550 8.8208 32.03
6.2708 0.7788 8.8905 49.25
10.2233 0.6717 8.8579 35.91
3.1010 0.3681 5.7777 53.15
9.5230 0.3046 8.8551 37.82
9.4450 0.9994 5.2648 22.43
7.7274 0.9611 8.8840 43.49
7.5124 0.5871 5.7724 30.15
6.7553 0.6298 8.9136 47.38
11.0024 0.4098 8.8578 34.01
5.8587 0.3707 8.9109 51.26
9.5284 0.0544 8.8676 37.85
9.4522 0.7520 5.2670 22.46
7.7195 0.7542 8.8685 43.53
7.5290 0.3890 5.7832 30.18
6.7525 0.4487 8.9087 47.41
9.4789 0.1200 7.3665 32.12
6.2872 0.2062 8.9110 49.38
8.8791 -0.1615 8.8913 39.84
9.4697 0.5158 5.6691 24.43
7.7364 0.5497 8.8857 43.58
8.9214 0.1922 6.1865 28.27
7.2334 0.2677 8.9047 45.53
10.9895 -0.1648 8.8626 34.06
5.8633 0.0541 8.9212 51.29
8.2788 -0.3543 8.9089 41.79
8.9503 0.2861 6.2070 28.29
7.2278 0.3410 8.8987 45.52
10.9937 -0.0550 8.8679 34.07
5.8750 0.1169 8.9375 51.30
8.2803 -0.2649 8.8986 41.76
7.6663 -0.5672 6.2709 32.23
6.2747 -0.3676 8.9452 49.48
10.2250 0.0786 8.8685 35.97
3.1135 0.1728 5.7933 53.20
7.7398 -0.1519 8.9131 43.68
10.9846 -0.7407 8.8978 34.12
5.8568 -0.2630 8.9467 51.35
7.6789 -0.7186 8.9148 43.76
11.8295 -0.2705 8.8584 32.16
6.2837 0.0003 8.9173 49.41
8.8650 -0.4537 8.8986 39.86
7.5133 -0.6798 5.8259 30.33
6.6964 -0.5215 8.9242 47.59
8.7886 -1.0944 8.9145 39.96
7.5225 -0.3260 5.8046 30.28
6.7548 -0.2061 8.9418 47.51
9.4934 -0.7531 8.8997 37.95
9.4574 -1.1621 5.7396 24.62
6.6778 -0.7010 8.9331 47.62
8.7450 -1.3248 8.9147 39.98
7.5292 -0.5264 5.8226 30.31
6.7223 -0.3853 8.9270 47.54
8.8027 -0.9185 8.9025 39.94
11.7018 -1.7336 8.9074 32.30
6.2044 -0.8038 8.9448 49.56
8.1373 -1.4432 8.9414 41.93
10.9379 -1.0918 8.9065 34.18
5.8284 -0.4566 8.9409 51.39
7.6355 -0.9661 8.9135 43.80
10.0418 -1.7276 8.9073 36.15
3.0674 -0.4219 5.8338 53.42
7.0443 -1.4167 8.9451 45.77
9.4381 -1.1529 8.9090 38.02
9.4691 -1.5755 5.7854 24.68
6.6340 -0.9877 8.9321 47.63
8.6847 -1.7003 8.9368 40.04
11.4831 -2.7626 8.9345 32.41
6.0905 -1.3660 8.9592 49.64
8.1629 -1.1914 8.9162 41.90
10.7500 -2.0423 8.9084 34.28
3.3052 -0.5265 5.8457 51.52
7.5017 -1.6463 8.9327 43.90
9.8482 -2.6143 8.9415 36.25
5.2310 -1.2977 8.9590 53.51
7.0900 -1.1930 8.9410 45.75
9.0624 -1.9412 8.7525 38.11
9.5024 -2.4682 5.9061 24.75
6.4889 -1.5843 8.9471 47.76
9.2784 -2.7402 8.0766 34.39
5.5850 -1.5614 8.9620 51.60
7.5421 -1.4893 8.9334 43.88
9.8814 -2.4104 8.9266 36.25
3.0501 -0.6543 5.8834 53.48
8.5310 -2.3884 8.9703 40.11
9.0793 -2.9688 6.2097 26.75
7.3291 -2.3244 8.9683 43.98
9.9185 -2.3130 8.9315 36.23
3.0379 -0.6149 5.8547 53.48
8.5187 -2.2913 8.9343 40.10
9.2649 -2.9269 6.2847 26.72
7.3535 -2.2456 8.9659 43.97
8.3864 -2.9651 7.1085 32.51
5.8888 -2.0127 8.9710 49.74
7.9696 -2.0470 8.9337 42.00
8.6942 -2.6325 6.3627 28.61
6.8901 -2.0184 8.9612 45.83
8.3688 -2.8533 7.5167 34.43
5.5011 -1.8053 8.9659 51.64
7.7923 -2.9590 8.5524 40.19
9.0313 -2.6487 6.1247 26.69
7.3977 -2.0893 8.9588 43.95
8.9402 -2.9593 7.4295 32.46
5.9397 -1.8892 8.9767 49.72
7.6332 -2.8124 7.9040 38.25
9.4491 -3.9535 5.7073 22.95
6.9531 -2.8381 8.8158 44.04
8.6351 -2.7636 6.7769 30.56
6.3900 -1.9740 8.9704 47.80
8.1833 -2.9333 7.8699 36.34
5.0869 -1.7511 8.9720 53.58
7.3458 -2.9194 8.6739 42.10
10.7559 -4.7990 8.9651 32.57
5.7151 -2.4913 9.0070 49.81
8.1675 -2.8204 8.7964 40.14
8.9569 -3.5196 6.2502 26.77
6.6977 -2.5654 8.9753 45.90
9.3690 -4.0434 8.9875 36.36
4.9593 -2.0827 8.9910 53.64
5.9831 -2.8254 7.9616 44.08
11.0449 -4.1951 8.9712 32.51
5.8374 -2.1468 8.9678 49.74
8.7422 -3.6630 8.9794 38.30
9.4515 -4.4325 5.7945 22.97
5.9721 -2.7328 8.3741 45.99
8.9862 -4.5738 8.9156 36.42
9.4706 -3.9091 5.7095 22.96
6.9622 -2.8007 8.8104 44.04
9.9660 -4.5041 8.9722 34.49
5.2960 -2.3379 8.9937 51.73
7.4052 -3.6566 9.0107 42.16
10.3833 -5.6517 9.0090 32.62
5.2902 -2.8421 8.7476 49.86
8.1003 -3.5444 8.9850 40.20
11.5197 -5.6006 9.0165 30.65
5.8913 -2.8115 8.8243 47.90
8.3912 -4.4358 9.0015 38.34
12.0047 -6.9612 9.0370 28.79
6.2176 -3.5754 9.0223 46.07
8.9889 -4.2353 8.8047 36.41
4.8787 -2.2425 8.9841 53.66
6.8494 -3.5122 9.0125 44.10
9.5542 -5.3935 9.0167 34.56
4.8733 -2.7207 8.7425 51.78
8.7199 -5.3481 9.0360 36.47
4.4286 -2.6958 8.7455 53.71
6.8766 -3.4338 9.0028 44.10
9.6196 -5.2993 9.0192 34.54
4.7323 -2.5680 9.0036 53.65
7.5905 -4.5420 9.0168 40.31
10.7379 -6.9914 9.0406 30.72
5.6060 -3.6307 9.0182 48.00
8.3700 -4.4887 9.0118 38.36
11.9520 -7.0164 9.0206 28.77
6.1940 -3.6105 9.0138 46.05
9.0178 -5.7387 8.8295 34.59
4.6682 -2.9548 8.6771 51.81
6.8115 -4.6871 9.0317 42.22
11.0982 -6.3640 9.0268 30.71
5.7967 -3.2924 8.9932 47.95
10.0573 -6.2627 9.0263 32.63
5.2922 -3.2694 9.0113 49.89
7.3456 -4.9456 9.0311 40.34
10.3813 -7.5616 9.0646 30.75
5.4124 -3.9384 9.0386 48.03
9.5179 -5.7958 8.5790 32.64
5.3405 -3.2258 9.0267 49.87
7.3911 -4.8671 9.0239 40.33
10.4481 -7.4564 9.0640 30.76
5.4408 -3.8771 9.0240 48.02
8.1131 -6.2448 9.0531 36.52
4.2612 -3.2886 9.0224 53.76
6.9473 -4.4751 9.0336 42.23
9.7446 -6.8033 9.0564 32.65
5.1160 -3.5606 9.0309 49.92
7.0834 -5.3391 9.0480 40.36
11.7640 -9.5537 9.1080 26.98
5.9892 -4.8765 9.0601 44.21
8.9966 -6.1462 8.9699 34.59
4.7964 -3.2661 9.0258 51.80
6.6436 -4.9044 9.0367 42.27
10.9050 -8.6746 9.0896 28.86
5.6237 -4.4780 9.0350 46.08
9.7895 -8.3817 9.0970 30.78
5.0734 -4.3656 9.0403 48.06
7.7256 -5.5743 9.0511 38.43
11.9534 -9.3099 9.0934 26.94
6.0738 -4.7343 9.0360 44.19
10.6989 -8.9763 9.1089 28.87
5.5188 -4.6434 9.0601 46.09
9.4848 -8.5725 8.4576 28.88
5.3191 -4.8383 9.0424 46.12
8.7634 -6.6902 9.0641 34.61
4.6019 -3.5189 9.0162 51.82
7.3507 -6.0528 9.0527 38.46
11.3661 -10.0520 9.1120 26.96
5.7713 -5.1274 9.0580 44.22
9.0037 -8.5847 7.7297 27.00
5.5850 -5.3511 9.0711 44.23
10.0076 -8.0563 9.0781 30.79
5.2092 -4.2085 9.0397 48.03
7.7431 -6.7243 9.0735 36.56
4.0476 -3.5393 9.0181 53.79
7.5130 -7.0173 9.0833 36.53
3.9185 -3.7024 9.0393 53.81
7.2456 -7.2872 9.0844 36.56
3.7844 -3.8617 9.0512 53.80
7.2759 -6.1872 9.0748 38.46
9.4160 -8.6222 6.3056 21.20
7.0450 -6.4581 9.0817 38.48
8.8433 -8.7119 6.1782 21.25
6.8180 -6.7229 9.0898 38.47
9.5029 -10.0381 6.7211 21.23
6.5692 -6.9752 9.0937 38.47
9.5557 -8.5668 7.9188 26.96
5.7431 -5.1612 9.0601 44.23
8.8987 -8.5824 7.6796 26.96
5.5485 -5.3765 9.0594 44.22
8.2931 -8.6103 7.4756 26.98
5.3581 -5.5948 9.0815 44.24
9.5082 -10.5812 8.6394 27.01
5.1577 -5.8075 9.0980 44.24
9.0862 -8.5878 7.7511 26.96
5.6124 -5.3231 9.0730 44.23
8.5963 -8.7372 7.6258 26.97
5.4162 -5.5378 9.0777 44.23
9.5079 -10.3717 8.5526 26.99
5.2076 -5.7386 9.0822 44.25
9.5051 -11.1427 8.8530 27.02
4.9879 -5.9302 9.0777 44.25
8.6401 -8.6083 7.5958 26.97
5.4919 -5.4961 9.1056 44.24
8.3573 -8.9510 7.6218 26.98
5.2635 -5.6794 9.0749 44.24
9.5015 -10.9174 8.7570 26.99
5.0622 -5.8883 9.0953 44.25
9.4968 -11.7353 8.4327 25.07
5.1966 -6.5089 9.0829 42.29
8.5299 -8.9533 7.1687 25.10
5.7043 -6.0305 9.0734 42.31
9.5053 -10.6997 8.0683 25.07
5.5019 -6.2587 9.0916 42.29
9.5078 -11.5093 8.3576 25.08
4.9120 -6.0337 9.1073 44.25
9.1931 -11.9835 8.4345 25.07
5.0401 -6.6699 9.1079 42.29
9.5018 -10.4837 8.0037 25.11
5.5783 -6.2215 9.1219 42.32
9.5049 -11.2706 8.2693 25.07
5.3432 -6.4200 9.1106 42.30
9.3988 -11.9925 7.8689 23.14
5.4870 -7.0914 9.1226 40.42
8.7414 -12.0158 7.1196 21.24
5.6226 -7.8272 9.1263 38.48
9.4898 -11.0316 7.0005 21.23
6.2354 -7.3005 9.1107 38.50
9.5010 -11.8846 6.6639 19.31
6.4308 -8.1054 9.1351 36.59
3.3204 -4.2866 9.0603 53.82
6.4490 -8.7530 8.9592 34.68
3.4080 -4.7485 9.0655 51.90
5.9620 -8.7536 8.2298 32.75
3.5018 -5.2650 9.1109 49.99
7.0974 -8.7400 8.1305 30.83
4.2152 -5.2745 9.0882 48.08
8.5202 -11.2407 9.1789 28.90
4.3349 -5.8455 9.1103 46.12
8.4138 -11.9822 8.8358 26.99
4.4143 -6.4136 9.1012 44.25
7.7797 -11.9821 8.0450 25.07
4.5133 -7.0862 9.1329 42.29
9.3035 -12.0036 7.8480 23.14
5.4463 -7.1332 9.1222 40.39
8.6381 -12.0266 7.1020 21.25
5.5769 -7.8629 9.1355 38.51
8.0063 -12.0433 6.3998 19.32
5.6329 -8.5671 9.0454 36.55
2.9304 -4.6147 9.1039 53.83
6.2893 -10.3181 9.1826 32.75
3.2025 -5.4344 9.0799 49.98
7.7030 -10.5333 9.1950 30.83
3.9362 -5.5121 9.1034 48.08
7.9480 -11.7052 9.1978 28.89
4.0132 -6.0693 9.0996 46.12
7.5058 -11.9730 7.9734 25.07
4.3883 -7.1484 9.1245 42.31
6.9457 -12.0064 6.7290 21.24
4.8022 -8.4419 9.1682 38.47
8.3293 -11.9875 6.4544 19.34
5.8844 -8.5689 9.1611 36.58
2.9893 -4.4912 9.0103 53.83
6.5005 -10.1935 9.1906 32.75
3.3279 -5.3801 9.1073 49.99
7.0511 -11.9361 9.0366 28.90
3.6325 -6.3299 9.1196 46.15
6.4986 -11.9717 7.7237 25.05
3.9481 -7.4507 9.1439 42.27
7.8856 -12.0115 7.4919 23.14
4.8780 -7.5704 9.1371 40.39
7.2813 -12.0349 6.2517 19.30
5.1065 -8.5559 8.8331 36.58
2.7231 -4.7376 9.0856 53.81
5.8599 -10.6055 9.1888 32.71
2.9528 -5.5545 9.0475 49.97
6.0960 -11.9695 8.2078 26.99
3.4788 -7.0478 9.1406 44.23
7.4158 -11.9677 7.3653 23.14
4.6808 -7.7061 9.1412 40.39
6.8677 -12.0498 6.1799 19.29
4.9307 -8.7756 8.9039 36.57
2.5969 -4.8190 9.0908 53.81
3.1850 -6.3150 5.9439 32.71
2.8294 -5.6852 9.1108 49.97
5.7188 -11.9948 8.1294 26.99
3.2924 -7.1441 9.1397 44.22
6.9907 -11.9698 7.2692 23.13
4.4800 -7.8366 9.1488 40.40
6.4283 -11.9974 6.0861 19.29
4.6933 -8.8948 8.8920 36.57
2.4633 -4.8875 9.0805 53.80
3.3329 -7.0125 6.0142 30.80
2.8940 -6.1895 9.1298 48.06
5.3479 -12.0113 7.4883 25.03
3.3655 -7.7929 9.1742 42.25
6.6008 -12.0179 6.6572 21.22
4.6145 -8.5436 9.1666 38.48
6.0786 -12.0641 5.0428 15.48
3.1081 -6.4099 5.9730 32.70
2.7356 -5.7278 9.1027 49.97
5.4721 -11.9707 8.0546 26.96
3.1825 -7.2061 9.1437 44.20
4.9986 -12.0289 5.8718 19.28
3.9750 -9.7436 9.2087 36.52
1.9686 -5.1722 9.1216 53.76
6.0192 -11.7075 9.2359 30.80
2.9959 -6.0769 9.0686 48.06
5.6449 -12.0066 7.5444 25.02
3.5226 -7.7166 9.1819 42.28
5.1521 -12.0462 5.8995 19.28
4.0751 -9.6983 9.2043 36.51
2.0209 -5.1441 9.1222 53.78
4.5979 -11.9910 8.4348 28.83
2.5216 -6.9296 9.1517 46.11
5.7942 -11.9890 7.0308 23.14
3.8581 -8.1976 9.1586 40.38
5.3122 -12.0779 5.4361 17.37
4.5152 -10.3988 9.2298 34.61
2.2520 -5.5021 9.1256 51.86
4.7412 -11.9936 7.9083 26.94
2.8011 -7.3822 9.1478 44.20
4.2841 -12.0424 5.7766 19.25
3.4783 -9.9921 9.2356 36.50
1.6875 -5.2811 9.1175 53.76
3.1033 -7.1089 6.0051 30.79
2.6991 -6.3040 9.1424 48.04
4.8949 -11.9841 6.8553 23.09
3.3562 -8.4711 9.1862 40.36
4.4284 -12.0312 4.8395 15.46
4.1855 -11.5292 9.2471 32.66
2.0586 -6.0688 9.1324 49.92
3.9171 -12.0226 6.7167 23.08
2.6784 -8.5514 9.0362 40.33
5.0781 -12.0602 4.9147 15.45
4.7034 -11.2857 9.2387 32.69
2.3392 -5.9497 9.1272 49.92
4.5418 -12.0259 7.3401 25.01
2.9101 -8.0129 9.1891 42.23
4.0874 -12.0604 4.8111 15.44
3.8958 -11.6689 9.2629 32.65
1.9017 -6.1426 9.1473 49.91
3.5741 -12.0241 6.6676 23.07
2.4271 -8.5398 8.9566 40.32
4.7289 -12.0874 4.8828 15.45
4.4179 -11.4352 9.2561 32.69
2.1813 -6.0131 9.1251 49.92
4.1757 -12.0104 7.2739 25.02
2.6971 -8.0762 9.1772 42.24
3.7381 -12.0583 4.7765 15.43
3.5955 -11.7666 9.2504 32.62
1.7359 -6.1963 9.1479 49.92
3.2380 -12.0357 6.6275 23.06
2.1865 -8.5571 8.9019 40.28
4.3601 -12.0603 4.8355 15.44
4.1253 -11.5654 9.2617 32.68
2.0218 -6.0787 9.1259 49.91
3.8360 -12.0040 6.6888 23.05
2.6257 -8.5574 9.0300 40.34
3.4059 -12.0724 4.2896 13.49
3.3171 -11.9426 8.7279 30.72
1.7165 -6.7230 9.1741 47.97
2.9247 -12.0586 5.6224 19.19
2.4266 -10.3410 9.2244 36.42
1.1202 -5.4821 9.1279 53.67
3.9599 -11.9929 7.7552 26.90
2.3763 -7.5926 9.1849 44.17
3.5256 -12.0581 5.2184 17.33
3.1414 -10.9821 9.2515 34.55
1.4996 -5.7966 9.1211 51.79
3.0387 -12.0395 6.5968 23.02
2.0428 -8.5499 8.8651 40.29
2.6261 -12.1058 3.7946 11.52
2.5499 -11.9885 8.0766 28.78
1.4080 -7.3160 9.1665 46.03
3.6530 -12.0582 5.7066 19.24
3.0019 -10.1869 9.2460 36.46
1.4279 -5.3713 9.1193 53.75
3.1350 -11.9621 7.0949 24.99
2.0655 -8.3249 9.2034 42.19
2.7463 -12.0947 4.2454 13.46
2.6610 -11.9701 8.6321 30.69
1.3601 -6.8243 9.1721 47.94
2.2807 -12.0508 5.1018 17.26
2.0658 -11.3257 9.2759 34.49
0.9150 -5.9582 9.1264 51.75
3.2819 -11.9911 7.1214 24.97
2.1445 -8.2870 9.1996 42.23
2.8793 -12.1013 4.2510 13.44
2.7941 -11.9592 8.6492 30.70
1.4315 -6.8023 9.1673 47.94
2.4057 -12.0767 5.1197 17.27
2.1830 -11.2861 9.2702 34.50
0.9750 -5.9512 9.1324 51.74
1.9432 -12.0512 6.0032 21.06
1.4845 -9.8331 9.2426 38.32
2.9568 -11.8761 3.3349 9.61
2.9388 -11.9758 7.5821 26.86
1.7766 -7.8004 9.1976 44.13
2.5324 -12.0681 4.6675 15.34
2.4575 -11.9685 9.1653 32.57
1.1383 -6.3774 9.1505 49.85
2.0733 -12.0514 5.5464 19.16
1.7287 -10.5669 9.2615 36.38
0.7362 -5.5778 9.1459 53.68
1.6209 -12.0279 5.9687 21.04
1.2279 -9.8738 9.2356 38.30
2.6346 -11.8817 3.3176 9.58
2.6091 -11.9711 7.5396 26.86
1.5694 -7.8437 9.1846 44.11
2.2241 -12.0917 4.2053 13.40
2.1493 -11.9856 8.5647 30.66
1.0723 -6.8945 9.1805 47.94
1.7580 -12.0484 5.0637 17.23
1.5991 -11.4203 9.2745 34.46
0.6615 -6.0376 9.1579 51.71
1.3145 -12.0565 5.4908 19.10
1.0785 -10.7056 9.2731 36.33
0.3827 -5.6533 9.1478 53.58
2.3099 -12.0217 6.5163 23.02
1.5304 -8.6297 8.8201 40.25
1.8854 -11.9402 3.2924 9.55
1.8395 -11.9958 7.4586 26.81
1.0780 -7.9764 9.2010 44.05
1.4707 -12.0994 3.7328 11.45
1.3982 -12.0150 7.9533 28.71
0.7118 -7.5039 9.2053 45.94
1.0266 -12.0910 4.1437 13.33
0.9471 -11.9811 8.4286 30.56
0.3803 -7.0282 9.1858 47.82
2.0099 -12.0658 5.0782 17.21
1.8246 -11.3841 9.2759 34.46
0.7876 -6.0214 9.1684 51.72
1.5608 -12.0524 5.5093 19.14
1.2830 -10.6342 9.2615 36.39
0.4986 -5.6323 9.1513 53.62
1.1119 -12.0374 5.9428 21.03
0.8146 -9.9850 9.2661 38.25
0.7487 -12.1276 2.0295 3.73
0.6805 -12.0229 5.9085 20.98
0.4591 -10.0260 9.2665 38.23
1.7340 -12.1294 2.8963 7.64
1.6606 -12.0176 6.9432 24.88
1.0445 -8.5412 9.1843 42.14
1.2555 -11.9008 3.2610 9.51
1.2090 -12.0083 7.4064 26.77
0.6611 -8.0596 9.2119 44.01
0.8230 -11.9097 3.2494 9.48
0.7720 -11.9872 7.3590 26.72
0.3702 -8.0926 9.2160 44.01
0.4092 -11.9104 3.2459 9.49
0.3520 -11.9901 7.3420 26.70
0.0774 -8.1221 9.2107 43.95
1.4058 -12.1131 3.7390 11.47
1.3299 -11.9963 7.9366 28.70
0.6661 -7.5121 9.2036 45.93
0.9544 -12.0757 4.1374 13.33
0.8816 -11.9711 8.4262 30.59
0.3417 -7.0274 9.1802 47.82
0.5213 -12.1049 4.1338 13.32
0.4416 -11.9591 8.3874 30.55
0.0828 -7.0633 9.1922 47.80
0.0928 -12.0620 4.1060 13.26
0.0155 -11.9708 8.3675 30.50
-0.1759 -7.0768 9.1854 47.75
1.0694 -12.0755 4.5844 15.27
0.9862 -11.9642 8.9887 32.50
0.3575 -6.5446 9.1711 49.74
0.6296 -12.0547 4.5572 15.22
0.5558 -11.9487 8.9382 32.45
0.1153 -6.5678 9.1710 49.73
0.2037 -12.0792 4.5510 15.20
0.1260 -11.9634 8.9311 32.44
-0.1251 -6.5966 9.1831 49.69
-0.2156 -12.0885 4.1053 13.24
-0.2931 -11.9542 8.3482 30.47
-0.3620 -7.0849 9.1863 47.73
0.7622 -12.0956 4.1315 13.30
0.6900 -11.9400 8.3892 30.56
0.2274 -7.0433 9.1922 47.84
0.3339 -12.0952 4.1205 13.28
0.2604 -11.9629 8.3778 30.53
-0.0286 -7.0629 9.1899 47.81
-0.0994 -12.0838 4.1114 13.27
-0.1760 -11.9573 8.3580 30.50
-0.2890 -7.0974 9.2025 47.74
-0.5222 -12.1232 3.6810 11.31
-0.5910 -12.0002 7.8440 28.57
-0.5525 -7.6087 9.2124 45.81
0.4658 -12.0925 3.7012 11.41
0.3917 -11.9649 7.8525 28.64
0.0732 -7.5861 9.2079 45.86
0.0320 -12.0920 3.6857 11.36
-0.0395 -12.0167 7.8576 28.59
-0.1987 -7.5936 9.2038 45.85
-0.3972 -11.9467 3.2309 9.41
-0.4648 -11.9939 7.3194 26.64
-0.4792 -8.1582 9.2219 43.89
-0.8047 -12.1236 2.8258 7.42
-0.8906 -12.0186 6.8251 24.68
-0.7858 -8.5483 9.0526 41.93
0.1669 -12.0910 2.8463 7.53
0.0980 -12.0006 6.8372 24.77
-0.0814 -8.5427 9.0640 42.03
-0.2498 -12.1181 2.4300 5.60
-0.3251 -12.0247 6.3488 22.82
-0.3885 -9.3989 9.2560 40.06
-0.6767 -12.1596 2.0034 3.61
-0.7484 -12.0491 5.8842 20.88
-0.7509 -10.1092 9.2816 38.11
-1.1021 -12.1337 1.5910 1.70
-1.1678 -12.0401 5.4116 18.90
-1.1637 -10.8973 9.3186 36.14
-0.8297 -5.7184 9.1561 53.38
-0.1814 -12.0595 4.9738 17.06
-0.2596 -11.6733 9.3016 34.33
-0.3423 -6.1462 9.1611 51.57
-0.6067 -12.0715 4.5310 15.13
-0.6790 -11.9432 8.8901 32.35
-0.5797 -6.5985 9.1707 49.63
-1.0263 -12.0690 4.0947 13.19
-1.1023 -11.9701 8.3601 30.43
-0.8482 -7.0824 9.1866 47.66
-1.4363 -12.0925 3.2479 9.34
-1.5032 -11.9953 7.3267 26.56
-1.1788 -7.9314 9.0214 43.80
-0.4505 -12.1128 2.8364 7.48
-0.5192 -12.0090 6.8262 24.72
-0.5274 -8.5596 9.0641 41.97
-0.8681 -12.1199 2.4203 5.55
-0.9412 -11.9919 6.3232 22.74
-0.8790 -9.4195 9.2726 40.01
-1.2946 -12.1151 1.9949 3.57
-1.3690 -12.0520 5.8823 20.81
-1.2760 -10.0925 9.2818 38.06
-1.7229 -12.1953 1.1653 -0.28
-1.7759 -12.0413 4.9642 16.93
-1.8310 -11.7084 9.3379 34.15
-1.1606 -5.9729 8.9779 51.42
-0.7902 -12.0557 4.5284 15.13
-0.8716 -11.9616 8.9124 32.37
-0.6850 -6.6123 9.1843 49.60
-1.2144 -12.0926 4.0953 13.15
-1.2845 -11.9754 8.3686 30.42
-0.9612 -7.0954 9.2070 47.65
-1.6389 -12.0988 3.2444 9.30
-1.7041 -11.9928 7.3260 26.52
-1.3363 -8.1587 9.2515 43.78
-2.0566 -12.1389 2.3975 5.39
-2.1205 -11.9986 6.3575 22.67
-1.7026 -8.6929 8.7108 39.89
-1.0598 -12.1505 1.9993 3.59
-1.1223 -12.0024 5.8586 20.82
-1.0701 -10.1453 9.3135 38.07
-1.4756 -12.1606 1.1688 -0.27
-1.5403 -12.0533 4.9729 16.98
-1.5915 -11.6848 9.3192 34.21
-1.0605 -6.1501 9.1873 51.44
-1.9652 -12.1010 4.1049 13.11
-2.0420 -12.0033 8.4108 30.34
-1.4092 -7.0579 9.2058 47.57
-2.3835 -12.1226 3.2536 9.25
-2.4447 -11.9909 7.3627 26.46
-1.8270 -8.0066 9.1526 43.69
-1.3769 -12.1354 2.4120 5.49
-1.4398 -12.0396 6.3592 22.75
-1.2748 -9.3901 9.2710 39.99
-1.8007 -12.1756 1.5789 1.63
-1.8595 -12.0458 5.4275 18.87
-1.7926 -10.8265 9.3109 36.12
-1.1541 -5.6016 9.0403 53.35
-2.2868 -12.0847 4.5502 15.01
-2.3565 -11.9390 8.9462 32.19
-1.5176 -6.5405 9.1851 49.49
-2.7202 -12.1246 3.6828 11.11
-2.7855 -12.0036 7.9248 28.37
-1.9463 -7.4984 9.2181 45.61
-1.6923 -12.1145 2.8242 7.38
-1.7591 -12.0029 6.8344 24.62
-1.4228 -8.5402 9.0797 41.87
-2.1211 -12.1541 1.9873 3.50
-2.1868 -12.0331 5.8957 20.74
-1.9593 -10.0457 9.2898 37.98
-2.5373 -12.1312 1.1435 -0.38
-2.6108 -12.0649 4.9925 16.86
-2.6154 -11.6158 9.3484 34.11
-1.6093 -6.0781 9.1778 51.33
-3.0434 -12.1023 4.1209 12.98
-3.1089 -11.9441 8.4568 30.22
-2.0332 -6.9439 9.1872 47.47
-2.0136 -12.0920 3.2373 9.24
-2.0820 -11.9970 7.3442 26.49
-1.5979 -8.1328 9.2532 43.75
-2.4379 -12.1481 2.4085 5.41
-2.5096 -12.0315 6.3856 22.62
-2.0108 -8.8342 8.8628 39.86
-2.8705 -12.1502 1.5587 1.52
-2.9346 -12.0367 5.4599 18.76
-1.7615 -6.3385 6.0561 35.99
-1.6830 -5.6329 9.1767 53.21
-3.3715 -12.0509 4.5662 14.87
-3.4489 -11.9489 9.0749 32.12
-2.0995 -6.4539 9.2028 49.37
-2.3336 -12.0928 3.6763 11.17
-2.3984 -11.9516 7.8658 28.40
-1.7222 -7.5427 9.2202 45.62
-2.7709 -12.1204 2.8223 7.27
-2.8424 -12.0151 6.9006 24.54
-2.1093 -8.0655 9.2555 43.67
-3.2115 -12.1250 2.4017 5.32
-3.2792 -12.0307 6.4371 22.57
-2.5821 -8.8318 8.9423 39.78
-3.6576 -12.1595 1.5510 1.46
-3.7171 -12.0382 5.5017 18.66
-3.4130 -10.6047 9.3298 35.90
-2.0409 -5.5588 9.1862 53.14
-2.6738 -12.0813 4.5538 14.95
-1.8246 -7.3725 6.0571 32.19
-1.7311 -6.5284 9.2007 49.42
-3.1066 -12.1048 3.6871 11.08
-3.1686 -11.9599 7.9344 28.33
-2.1942 -7.4807 9.2408 45.55
-3.5458 -12.1284 2.8310 7.20
-3.6096 -12.0050 6.9510 24.44
-2.7628 -8.5454 9.2726 41.68
-3.9932 -12.1319 1.9677 3.31
-4.0634 -12.0442 6.0087 20.54
-3.1342 -8.7483 8.4797 37.84
-2.9382 -12.1563 1.1360 -0.41
-2.9992 -12.0467 4.9996 16.81
-1.8952 -6.7886 6.0379 34.05
-1.7115 -5.6066 9.1607 53.24
-3.4574 -12.0935 4.5819 14.86
-3.5232 -11.9562 9.0806 32.09
-2.1433 -6.4424 9.2043 49.37
-3.8882 -12.0837 3.7010 10.99
-3.9596 -11.9718 8.0279 28.24
-2.6624 -7.3622 9.2317 45.47
-4.3472 -12.1410 2.8377 7.10
-4.4267 -12.0095 7.0362 24.35
-3.2942 -8.4049 9.2719 41.60
-3.2803 -12.1482 1.9743 3.38
-3.3501 -12.0646 5.9619 20.61
-2.9033 -9.9131 9.3070 37.86
-3.7241 -12.1724 1.1193 -0.48
-3.7879 -12.0653 5.0544 16.77
-3.7095 -11.4123 9.3542 33.99
-2.1907 -5.9621 9.1944 51.24
-4.2429 -12.0884 4.1683 12.89
-4.3141 -11.9615 8.6280 30.12
-2.6972 -6.8053 9.2149 47.36
-4.6922 -12.0915 3.2916 9.02
-4.7528 -11.9664 7.5898 26.24
-3.3163 -7.7734 9.2656 43.48
-3.6158 -12.1360 2.4024 5.28
-3.6791 -12.0377 6.4736 22.53
-2.9041 -8.8915 9.0591 39.78
-4.0689 -12.1604 1.5429 1.41
-4.1224 -12.0293 5.5335 18.65
-3.7441 -10.4811 9.3159 35.90
-2.2175 -5.4960 9.1738 53.12
-4.5865 -12.0600 4.6341 14.75
-4.6532 -11.9164 9.2309 31.97
-2.7185 -6.2885 9.2102 49.26
-5.0699 -12.1086 3.7560 10.89
-5.1283 -11.9702 8.1901 28.09
-3.3105 -7.1587 9.2286 45.36
-3.9611 -12.1499 2.8373 7.16
-4.0189 -12.0096 6.9936 24.40
-3.0346 -8.4708 9.2681 41.64
-4.4055 -12.1165 1.9673 3.28
-4.4805 -12.0291 6.0458 20.52
-3.7735 -9.6837 9.3011 37.75
-4.8808 -12.1685 1.0919 -0.59
-4.9475 -12.0599 5.1271 16.63
-4.7063 -11.1390 9.3663 33.89
-2.7276 -5.8133 9.2031 51.09
-5.4237 -12.0787 4.2310 12.77
-5.5005 -11.9581 8.8411 30.02
-3.3025 -6.6015 9.2230 47.27
-4.3090 -12.1355 3.2775 9.02
-4.3597 -11.9762 7.5366 26.27
-3.0748 -7.8411 9.2615 43.53
-4.7642 -12.1468 2.4130 5.18
-4.8334 -12.0227 6.5787 22.40
-3.6473 -8.5716 8.9629 39.63
-5.2550 -12.1868 1.5233 1.28
-5.3034 -12.0320 5.6394 18.53
-4.6841 -10.2422 9.3409 35.73
-2.7077 -5.3249 9.1711 53.03
-5.8052 -12.0736 4.7251 14.63
-5.8024 -11.7809 9.3977 31.88
-3.2656 -6.0700 9.1876 49.13
-4.6472 -12.0987 3.7389 10.94
-4.7126 -11.9702 8.1328 28.17
-3.0969 -7.2434 9.2378 45.39
-5.1198 -12.0974 2.8505 7.04
-5.1834 -11.9648 7.1259 24.31
-3.7770 -8.2312 9.2545 41.50
-5.6132 -12.1476 1.9701 3.18
-5.6821 -12.0301 6.1818 20.41
-4.6301 -9.3944 9.3074 37.64
-6.1169 -12.1653 1.0588 -0.70
-6.1934 -12.0921 5.2511 16.50
-5.6809 -10.7497 9.3476 33.75
-3.2322 -5.5838 9.1777 51.00
-5.0036 -12.0587 4.2002 12.81
-5.0797 -11.9703 8.7606 30.04
-3.0928 -6.6733 9.2173 47.31
-5.4934 -12.1037 3.3104 8.90
-5.5680 -11.9976 7.7289 26.16
-3.7643 -7.5921 9.2452 43.40
-5.9878 -12.1182 2.4208 5.05
-6.0554 -12.0095 6.7323 22.26
-4.5266 -8.5491 9.2043 39.52
-6.4996 -12.1365 1.5096 1.18
-6.5661 -12.0264 5.7770 18.38
-4.9692 -8.7141 8.4024 35.62
-3.1891 -5.1304 9.1708 52.86
-5.3640 -12.0471 4.6882 14.69
-5.4409 -11.9153 9.3987 31.93
-3.0885 -6.1657 9.2103 49.15
-5.8719 -12.1059 3.7952 10.80
-5.9325 -11.9643 8.3452 28.05
-3.7325 -7.0037 9.2366 45.28
-6.3777 -12.1246 2.8842 6.90
-6.4266 -11.9676 7.3135 24.15
-4.5266 -7.9787 9.2941 41.37
-6.9226 -12.1420 2.4416 4.98
-6.9830 -12.0057 6.8860 22.20
-5.1158 -8.3907 9.2841 39.42
-5.6927 -12.1516 1.5168 1.24
-5.7433 -12.0177 5.6827 18.49
-5.0110 -10.1100 9.3397 35.70
-2.8900 -5.2742 9.1921 52.97
-6.2633 -12.0660 4.7637 14.59
-6.1954 -11.6595 9.4122 31.81
-3.4786 -6.0013 9.2129 49.08
-6.7887 -12.0723 4.3281 12.64
-6.8558 -11.9293 9.1189 29.87
-3.9299 -6.3354 9.2254 47.11
-7.3442 -12.0918 3.8845 10.66
-7.4166 -11.9732 8.6742 27.92
-4.4221 -6.6755 9.2422 45.16
-6.0717 -12.1006 2.8772 6.95
-6.1384 -11.9828 7.2738 24.19
-4.3390 -8.0066 9.2605 41.44
-6.6093 -12.1490 2.4367 5.01
-6.6749 -12.0120 6.8340 22.22
-4.6359 -7.8848 9.2628 41.36
-7.1645 -12.1348 2.4426 4.94
-7.2293 -12.0144 6.9244 22.15
-5.2587 -8.3454 9.3082 39.41
-7.7295 -12.1473 1.9668 2.95
-7.8107 -12.0520 6.4932 20.18
-5.7850 -8.5593 9.1163 37.48
-6.4481 -12.1866 1.0453 -0.75
-6.4987 -12.0492 5.2702 16.47
-5.9271 -10.6713 9.3623 33.71
-3.3698 -5.5469 9.2049 50.96
-7.0378 -12.0522 4.8343 14.51
-6.7749 -11.3280 9.3755 31.73
-3.7985 -5.8507 9.2170 49.01
-7.6024 -12.0761 4.4001 12.57
-7.6680 -11.9274 9.3259 29.79
-4.2624 -6.1553 9.2200 47.03
-8.1864 -12.0870 3.9462 10.58
-8.2677 -11.9763 8.8889 27.84
-4.7671 -6.4641 9.2283 45.08
-6.7429 -11.8818 3.3317 8.77
-6.9287 -11.9823 7.9733 26.02
-4.4825 -7.2879 9.2604 43.28
-7.4251 -12.1269 2.9230 6.82
-7.4962 -12.0002 7.5391 24.09
-5.0482 -7.6721 9.2592 41.28
-7.9855 -12.1130 2.4573 4.86
-8.0560 -11.9974 7.0700 22.07
-5.6986 -8.1082 9.3103 39.33
-8.5944 -12.1385 1.9705 2.87
-8.6469 -11.9940 6.6230 20.12
-5.9869 -7.9059 9.2858 39.26
-7.2395 -12.1323 1.9651 3.00
-7.2894 -11.9875 6.3869 20.23
-5.4456 -8.5827 8.9958 37.47
-7.8214 -12.1632 1.4907 1.05
-7.8971 -12.0654 5.9793 18.29
-6.3876 -9.4147 9.3243 35.54
-3.6303 -4.9032 9.1855 52.76
-8.4681 -12.0344 5.5205 16.32
-6.3687 -8.7206 8.3511 33.54
-4.0566 -5.1589 9.1920 50.78
-9.1131 -12.0650 5.6123 16.24
-7.6014 -9.7474 9.3608 33.48
-4.2450 -5.0327 9.1912 50.73
-7.7027 -12.0688 4.9118 14.47
-7.2596 -11.0846 9.3868 31.70
-4.0430 -5.7093 9.2029 48.93
-8.2846 -12.0712 4.4572 12.48
-8.2581 -11.7910 9.4240 29.74
-4.5310 -6.0135 9.2318 46.96
-8.9049 -12.0596 4.5236 12.45
-8.7008 -11.5298 9.4245 29.68
-4.7489 -5.8615 9.2212 46.92
-9.5647 -12.0743 4.5904 12.37
-9.1410 -11.2807 9.4349 29.60
-4.9652 -5.7104 9.2160 46.85
-8.1062 -12.0923 3.9468 10.61
-8.1898 -11.9800 8.8672 27.84
-4.7433 -6.4797 9.2221 45.06
-8.5775 -11.8931 3.4367 8.60
-8.8059 -11.9888 8.4094 25.86
-5.3159 -6.8210 9.2598 43.09
-9.2153 -11.8849 3.4860 8.58
-6.5859 -8.1811 6.2696 25.80
-5.5516 -6.6366 9.2475 43.07
-9.8796 -11.9028 3.5243 8.49
-6.6800 -7.7311 6.1156 25.75
-5.8029 -6.4700 9.2498 42.99
-8.5273 -12.1064 2.9595 6.70
-8.5777 -11.9515 7.7419 23.96
-5.5807 -7.3754 9.2762 41.21
-9.1850 -12.1276 2.9965 6.66
-9.2511 -11.9837 7.9180 23.93
-5.8553 -7.2063 9.2745 41.13
-9.8362 -12.1139 3.0226 6.60
-9.8905 -11.9580 8.0516 23.84
-6.1183 -7.0149 9.2656 41.06
-10.3384 -11.8803 3.0274 6.56
-10.2518 -11.5277 7.9877 23.78
-6.3726 -6.8165 9.2677 41.03
-8.9904 -12.1178 2.9887 6.69
-9.0384 -11.9582 7.8499 23.92
-5.7649 -7.2335 9.2586 41.17
-9.6720 -12.1379 3.0206 6.62
-9.7219 -11.9703 8.0268 23.89
-6.0518 -7.0791 9.2806 41.09
-10.3262 -12.0961 3.0453 6.56
-10.2543 -11.7868 8.0814 23.80
-5.9112 -6.3902 9.2581 42.99
-10.2879 -11.1599 3.9859 10.37
-6.5840 -6.8337 6.1377 27.60
-5.7532 -5.7540 9.2148 44.83
-9.4682 -12.0754 4.0522 10.48
-9.5470 -11.9487 9.2208 27.70
-5.2535 -6.1518 9.2357 44.98
-10.1488 -12.0704 4.1215 10.45
-6.6882 -7.6290 6.5065 27.68
-5.4790 -5.9867 9.2272 44.90
-10.2789 -11.3860 4.0208 10.38
-6.5560 -6.9351 6.1673 27.60
-5.7125 -5.8310 9.2387 44.81
-10.2944 -10.5920 4.4052 12.23
-8.8664 -8.8786 8.2578 29.47
-5.5804 -5.2595 9.2341 46.66
-9.9958 -12.0941 4.6477 12.36
-9.3694 -11.0848 9.4250 29.59
-5.0880 -5.6122 9.2081 46.82
-10.2981 -11.5994 4.5876 12.29
-9.7946 -10.7969 9.4321 29.53
-5.3052 -5.4634 9.2221 46.76
-10.2834 -10.7749 4.9627 14.17
-8.7096 -8.8677 8.7465 31.38
-5.1625 -4.9140 9.1967 48.63
-10.2947 -10.0207 5.3154 16.00
-9.0191 -8.5387 9.3000 33.27
-5.0211 -4.4131 9.1861 50.49
-10.2795 -11.7714 5.7266 16.15
-8.0043 -8.8628 9.0361 33.38
-4.6205 -4.7477 9.1833 50.63
-10.2750 -10.9339 6.0685 17.99
-8.0724 -8.3020 9.3357 35.24
-4.5053 -4.2726 9.1752 52.49
-10.2824 -10.1727 6.4124 19.86
-6.6783 -6.2986 8.0794 37.08
-10.3222 -9.6659 2.3305 4.50
-9.6702 -8.8650 6.4048 21.72
-7.5487 -6.6644 9.2683 38.96
-10.3039 -11.3465 2.4598 4.63
-10.2474 -11.0833 7.2426 21.85
-6.9642 -7.2003 9.2860 39.09
-10.3180 -10.5619 2.8913 6.48
-10.2675 -10.3064 7.5704 23.71
-6.7694 -6.4798 9.2603 40.94
-10.3045 -9.7930 3.2868 8.31
-9.2797 -8.6213 7.2348 25.58
-6.5774 -5.8263 9.2508 42.80
-10.1026 -8.9160 3.6294 10.20
-9.9022 -8.5801 7.9627 27.44
-6.3506 -5.2028 9.2135 44.68
-10.2983 -10.6868 4.4284 12.25
-8.8054 -8.8969 8.2449 29.48
-5.5291 -5.2528 9.2030 46.70
-10.2795 -9.9088 4.7832 14.09
-9.8478 -9.2865 9.3888 31.31
-5.3853 -4.7317 9.1993 48.53
-10.0390 -8.9857 5.0368 15.93
-9.4451 -8.2538 9.3423 33.17
-5.2047 -4.2158 9.1732 50.44
-10.2872 -8.5533 5.9724 19.71
-8.4503 -6.7982 9.2886 36.98
-10.3144 -10.2534 2.3697 4.53
-10.2833 -10.0411 6.9232 21.77
-7.3408 -6.8699 9.2796 39.01
-10.2971 -9.5166 2.7843 6.39
-9.5331 -8.6078 6.7959 23.64
-7.1146 -6.1639 9.2605 40.86
-10.1781 -8.7265 3.1471 8.23
-10.1919 -8.5851 7.5200 25.50
-6.8816 -5.5128 9.2418 42.72
-10.2951 -8.1962 4.0013 12.03
-10.2477 -7.9917 8.4325 29.28
-6.2253 -4.5595 9.1989 46.50
-10.3066 -9.6336 4.7242 14.04
-9.7052 -8.8758 9.1545 31.31
-5.4535 -4.6477 9.1883 48.52
-9.9785 -8.6625 4.9667 15.95
-9.5590 -8.1135 9.3353 33.17
-5.2732 -4.1485 9.1751 50.42
-10.2784 -8.2815 5.9023 19.70
-8.5488 -6.6582 9.2706 36.95
-10.2973 -7.8284 2.6252 6.24
-10.2887 -7.6739 6.7254 23.44
-7.7104 -5.5087 9.2471 40.71
-10.0767 -8.9953 3.1775 8.29
-9.8314 -8.6025 7.3965 25.50
-6.7473 -5.6230 9.2294 42.77
-10.2967 -8.5277 4.0532 12.06
-10.2413 -8.3140 8.5467 29.28
-6.1333 -4.6786 9.2087 46.52
-10.3124 -7.9144 4.8653 15.81
-10.0811 -7.5636 9.3284 33.05
-5.5381 -3.8479 9.1666 50.32
-10.2828 -7.3048 5.6600 19.59
-8.7698 -6.0334 9.0739 36.82
-10.2522 -8.7394 2.2590 4.43
-10.2786 -8.5997 6.4955 21.66
-7.8547 -6.3226 9.2492 38.89
-10.3139 -8.1573 3.0991 8.19
-10.2783 -7.9689 7.3346 25.40
-7.1133 -5.2469 9.2310 42.65
-10.2929 -7.5364 3.8899 11.93
-10.2407 -7.3393 8.1807 29.20
-6.4228 -4.3312 9.1998 46.43
-10.3037 -6.9645 4.6830 15.73
-10.2549 -6.7737 9.0943 32.98
-5.7791 -3.5381 9.1521 50.21
-10.2745 -8.1867 5.8780 19.69
-8.6096 -6.6326 9.2852 36.92
-10.3319 -7.7665 2.6221 6.23
-10.2861 -7.5756 6.7068 23.47
-7.7282 -5.4584 9.2343 40.72
-10.1080 -7.0227 3.3725 10.02
-10.2826 -6.9951 7.5445 27.24
-6.9945 -4.5166 9.2274 44.44
-10.3102 -6.6201 4.1867 13.77
-10.2494 -6.4313 8.4033 31.04
-6.2738 -3.6742 9.1771 48.27
-10.2840 -7.7865 5.3038 17.73
-9.4271 -6.9484 9.3057 34.95
-5.2123 -3.5389 9.1403 52.19
-10.2745 -7.1970 6.1032 21.49
-8.4367 -5.7005 9.2655 38.74
-10.3037 -6.7887 2.9460 8.04
-10.2558 -6.6285 6.9178 25.30
-7.5580 -4.6569 9.2057 42.52
-10.3073 -6.2665 3.7144 11.82
-10.2720 -6.1070 7.7673 29.06
-6.8226 -3.8153 9.1978 46.25
-10.3179 -7.4268 4.7755 15.78
-10.2433 -7.2082 9.2613 33.01
-5.6673 -3.6926 9.1643 50.26
-10.2771 -6.8382 5.5473 19.54
-9.1813 -5.9208 9.2665 36.78
-10.3193 -6.4568 2.5043 6.08
-10.2696 -6.2923 6.3488 23.35
-8.2216 -4.8357 9.2388 40.57
-10.3084 -5.9182 3.6674 11.78
-10.2501 -5.7509 7.6431 29.02
-6.9060 -3.6430 9.1698 46.21
-10.2965 -7.0232 4.6935 15.74
-10.2282 -6.8224 9.0966 32.98
-5.7772 -3.5672 9.1748 50.22
-10.2826 -6.4746 5.4722 19.52
-9.3614 -5.7161 9.2818 36.74
-10.3017 -6.0677 2.8724 7.96
-10.2607 -5.9239 6.7190 25.22
-7.8115 -4.3004 9.2062 42.44
-10.2913 -5.5620 4.0197 13.65
-10.2802 -5.4218 8.0700 30.92
-6.5719 -3.2309 9.1790 48.15
-10.2963 -6.6361 5.0610 17.61
-9.9512 -6.2522 9.2823 34.83
-5.5129 -3.1834 9.1623 52.07
-10.2856 -6.1042 5.8356 21.37
-8.7119 -4.9858 9.1053 38.65
-10.1017 -5.6061 3.2003 9.85
-10.2601 -5.5643 7.0950 27.08
-7.4299 -3.8255 9.1863 44.29
-10.2833 -5.2096 4.3737 15.53
-10.2585 -5.0645 8.4636 32.78
-6.1007 -2.7779 8.9677 50.00
-10.2790 -6.2550 5.4218 19.49
-9.4378 -5.5673 9.2649 36.72
-10.3177 -5.8797 2.8584 7.95
-10.2534 -5.7139 6.6514 25.16
-7.8786 -4.1840 9.1978 42.41
-10.2615 -5.3411 3.9866 13.64
-10.2354 -5.1973 7.9654 30.86
-5.8505 -2.7315 8.1998 48.13
-10.2898 -4.8715 5.1427 19.31
-9.9952 -4.5961 9.2213 36.53
-10.2901 -5.9898 2.8673 7.97
-10.2672 -5.8503 6.6970 25.19
-7.8391 -4.2623 9.2125 42.44
-10.3051 -5.4863 4.0168 13.66
-10.2477 -5.3271 8.0111 30.86
-6.6141 -3.2099 9.1894 48.08
-10.2981 -4.9999 5.1710 19.33
-9.9656 -4.6946 9.2398 36.55
-10.3092 -4.6468 2.7438 7.79
-10.2750 -4.5185 6.3600 25.00
-8.2918 -3.4719 9.2008 42.28
-10.2825 -5.6133 4.0288 13.67
-10.2337 -5.4549 8.0526 30.91
-6.5501 -3.2548 9.1599 48.11
-10.2856 -5.1193 5.1864 19.33
-9.9167 -4.7876 9.2461 36.58
-10.2973 -4.7506 2.7545 7.82
-10.2701 -4.6332 6.3945 25.06
-8.2441 -3.5402 9.1872 42.28
-8.7991 -3.6350 3.4568 13.49
-10.2472 -4.1621 7.6764 30.76
-6.7397 -2.5319 8.9687 47.99
-10.3039 -5.2550 5.2223 19.37
-9.8712 -4.8811 9.2547 36.60
-10.3145 -4.8932 2.7633 7.81
-10.2768 -4.7582 6.4191 25.04
-8.2080 -3.6163 9.1903 42.29
-10.3001 -4.4185 3.8699 13.52
-10.2740 -4.2879 7.7157 30.74
-6.5980 -2.5429 8.8322 48.01
-8.7992 -3.3492 4.4242 19.19
-10.2654 -3.8334 9.1405 36.41
-10.3151 -5.0102 2.7773 7.84
-10.2789 -4.8767 6.4516 25.07
-8.1594 -3.6902 9.1897 42.32
-10.2986 -4.5299 3.8844 13.54
-10.2608 -4.3964 7.7370 30.74
-6.6988 -2.6628 8.9755 47.96
-8.7718 -3.4360 4.4313 19.21
-10.2650 -3.9420 9.1760 36.43
-10.3320 -3.7598 2.6757 7.67
-10.2873 -3.6394 6.1787 24.88
-8.3582 -2.7978 8.9924 42.16
-10.3035 -4.6615 3.9005 13.55
-10.2915 -4.5364 7.7997 30.79
-6.6588 -2.7197 8.9699 48.00
-8.7410 -3.5219 4.4332 19.21
-10.2433 -4.0463 9.1981 36.46
-9.7721 -3.6386 2.6018 7.68
-9.7273 -3.5305 5.9306 24.94
-8.3391 -2.8761 9.0006 42.16
-10.2977 -3.4292 3.7492 13.37
-9.3479 -2.9901 6.8975 30.64
-7.0858 -2.0987 9.1281 47.88
-10.2920 -4.3140 5.0466 19.25
-10.2429 -4.1590 9.2370 36.48
-10.3110 -3.9793 2.6918 7.71
-10.2781 -3.8595 6.2214 24.92
-8.1787 -2.9023 8.8766 42.17
-10.3088 -3.5412 3.7682 13.41
-10.2512 -3.4109 7.4796 30.62
-7.0554 -2.1594 9.1215 47.89
-8.8013 -2.6243 4.3172 19.07
-8.9308 -2.5708 7.8710 36.30
-10.3141 -4.0895 2.7003 7.72
-10.2749 -3.9678 6.2456 24.95
-8.4582 -3.1048 9.1893 42.20
-10.3038 -3.6445 3.7791 13.42
-10.2712 -3.5256 7.5158 30.63
-7.0470 -2.2328 9.1264 47.84
-8.7882 -2.7128 4.3266 19.10
-9.0901 -2.7118 8.0189 36.32
-10.0905 -2.8395 2.5832 7.55
-10.0779 -2.7424 5.9287 24.76
-8.6808 -2.2237 9.0782 42.04
-9.7078 -3.5323 3.6379 13.43
-10.2801 -3.6470 7.5566 30.67
-7.0169 -2.2961 9.1281 47.88
-8.7979 -2.8100 4.3406 19.10
-9.0425 -2.7903 8.0100 36.34
-10.0993 -2.9374 2.5936 7.58
-10.0473 -2.8351 5.9399 24.82
-8.6686 -2.3046 9.0913 42.05
-10.3005 -2.6028 3.6689 13.26
-10.2824 -2.4965 7.3139 30.53
-7.2659 -1.5955 9.1325 47.76
-8.7742 -2.8952 4.3487 19.13
-10.2528 -3.3041 8.9809 36.36
-10.0981 -3.0529 2.5999 7.59
-10.0731 -2.9487 5.9633 24.81
-8.6451 -2.3849 9.0912 42.05
-10.2436 -2.6893 3.6684 13.29
-10.2463 -2.5891 7.3022 30.50
-7.2416 -1.6593 9.1131 47.72
-9.2513 -2.0441 4.3921 18.96
-10.2326 -2.1825 8.6872 36.19
-10.3246 -3.2300 2.6396 7.61
-9.7010 -2.9202 6.2073 26.74
-8.1284 -2.2955 9.1496 44.02
-9.9968 -2.7119 3.9677 15.18
-9.8726 -2.5796 7.5558 32.46
-6.7528 -1.5895 9.1057 49.71
-10.3006 -2.3937 5.1653 20.90
-10.1161 -2.2435 9.1587 38.14
-9.7156 -1.9487 2.8185 9.38
-10.2888 -1.9974 6.3368 26.58
-8.3824 -1.4860 9.1441 43.85
-10.0947 -2.8309 4.3817 17.13
-9.8658 -2.6587 8.0385 34.35
-6.3171 -1.5164 9.0986 51.60
-10.2833 -2.4795 5.5661 22.81
-9.4467 -2.1554 9.1580 40.07
-10.1170 -2.1400 3.2343 11.27
-10.2838 -2.0841 6.7863 28.53
-7.8280 -1.4376 9.1241 45.76
-10.2972 -1.7910 4.3394 17.00
-10.2890 -1.6867 8.1313 34.22
-6.4822 -0.8934 9.0938 51.46
-10.2946 -2.5937 5.5931 22.85
-9.4202 -2.2392 9.1636 40.10
-10.1178 -2.2329 3.2457 11.31
-10.2724 -2.1792 6.7918 28.53
-7.7933 -1.5030 9.1048 45.77
-10.3211 -1.8904 4.3520 17.00
-10.2612 -1.7749 8.1258 34.23
-6.4591 -0.9500 9.0819 51.48
-10.2892 -1.4984 5.4505 22.65
-9.6324 -1.2882 9.1275 39.93
-10.1191 -2.3391 3.2536 11.32
-9.8327 -2.1796 6.5659 28.56
-7.7928 -1.5772 9.1262 45.79
-10.3001 -1.9892 4.3517 17.00
-10.2660 -1.8814 8.1479 34.24
-6.4452 -1.0088 9.0853 51.50
-10.2863 -1.5968 5.4711 22.73
-9.6235 -1.3806 9.1388 39.95
-10.1063 -1.2707 3.1812 11.16
-9.7990 -1.1439 6.4099 28.41
-7.9690 -0.8002 9.1141 45.60
-10.2934 -2.0883 4.3606 17.02
-10.2530 -1.9801 8.1520 34.24
-6.4513 -1.0710 9.1020 51.48
-10.2961 -1.6954 5.4820 22.72
-9.5943 -1.4678 9.1320 39.97
-10.1155 -1.3738 3.1838 11.15
-9.7468 -1.2326 6.3914 28.42
-7.9470 -0.8773 9.1170 45.65
-10.2828 -1.0207 4.2763 16.89
-10.2476 -0.9205 8.0069 34.14
-6.5586 -0.4352 9.0797 51.34
-10.3127 -1.8062 5.5013 22.74
-9.5825 -1.5548 9.1408 39.99
-10.1166 -1.4640 3.1932 11.19
-9.7574 -1.3241 6.4044 28.42
-7.9268 -0.9466 9.1075 45.66
-10.2870 -1.1133 4.2824 16.89
-10.2468 -1.0115 8.0093 34.12
-6.5465 -0.4940 9.0810 51.37
-10.2795 -0.7371 5.3850 22.55
-9.7339 -0.5919 9.1154 39.83
-10.1079 -1.5643 3.1991 11.21
-9.7549 -1.4208 6.4169 28.45
-7.9236 -1.0194 9.1201 45.68
-10.2958 -1.2148 4.2888 16.89
-10.2623 -1.1047 8.5317 36.05
-10.2961 -0.8997 2.5086 7.27
-10.2643 -0.8238 5.7938 24.53
-9.1027 -0.6154 9.1104 41.75
-10.3039 -0.5345 3.5354 12.97
-10.2877 -0.4483 7.0572 30.24
-7.0337 -0.1607 9.0793 49.37
-10.3041 -1.2961 5.0563 20.76
-10.2465 -1.1886 9.0631 37.99
-9.7236 -0.9317 2.7683 9.24
-10.2673 -0.9149 6.2158 26.47
-8.5267 -0.6337 9.1177 43.69
-10.3125 -0.6174 3.8941 14.88
-10.2611 -0.5287 7.4930 32.12
-7.0403 -0.2228 9.0994 49.40
-10.2808 -0.2457 4.9798 20.60
-10.2422 -0.1522 8.9508 37.84
-9.7021 -1.0218 2.7639 9.22
-10.2746 -1.0120 6.2196 26.45
-8.4957 -0.7079 9.1063 43.73
-10.3056 -0.7201 3.9055 14.94
-10.2772 -0.6351 7.5167 32.16
-7.0151 -0.2912 9.0788 49.42
-10.2870 -0.3418 4.9859 20.61
-10.2556 -0.2530 8.9699 37.86
-9.7589 -0.0285 2.7399 9.09
-10.2672 0.0274 6.1572 26.33
-8.5598 0.1360 9.0826 43.58
-10.3003 -0.8144 3.9048 14.93
-10.2468 -0.7214 7.5037 32.17
-7.0070 -0.3506 9.0755 49.42
-10.2859 -0.4404 4.9877 20.61
-10.2313 -0.3447 8.9554 37.87
-9.7506 -0.1291 2.7415 9.11
-10.2763 -0.0617 6.1629 26.33
-8.5716 0.0542 9.0838 43.54
-10.3075 0.2310 3.8678 14.79
-10.2679 0.3121 7.4651 32.05
-7.0476 0.3371 9.0632 49.27
-10.3000 -0.5411 5.0018 20.65
-10.2865 -0.4431 9.0090 37.89
-9.7359 -0.2194 2.7442 9.14
-10.2628 -0.1657 6.1658 26.37
-8.5618 -0.0218 9.0896 43.59
-10.3172 0.1352 3.8689 14.78
-10.2731 0.2151 7.4623 32.03
-7.0375 0.2753 9.0584 49.31
-8.7964 0.4495 4.4045 20.51
-10.2397 0.5870 8.9260 37.75
-9.7845 -0.3136 2.7467 9.10
-10.2892 -0.2618 6.1754 26.34
-8.5344 -0.0979 9.0762 43.63
-10.3029 0.0327 3.8762 14.84
-10.2608 0.1105 7.4629 32.06
-7.0361 0.2056 9.0593 49.32
-8.7937 0.3680 4.4042 20.52
-10.2423 0.4869 8.9308 37.77
-9.7127 0.6801 2.7186 9.00
-10.2912 0.7740 6.1578 26.23
-8.5703 0.7494 9.0874 43.48
-10.2927 -0.0611 3.8722 14.83
-10.2290 0.0228 7.4448 32.07
-7.0384 0.1458 9.0629 49.32
-10.2877 0.3079 4.9627 20.52
-10.2465 0.3945 8.9329 37.77
-9.7104 0.5795 2.7207 9.02
-10.2714 0.6836 6.1458 26.24
-8.5654 0.6670 9.0668 43.44
-10.2825 0.9812 3.8529 14.70
-10.2695 1.0570 7.4686 31.96
-7.0314 0.8350 9.0564 49.18
-10.2763 0.2086 4.9643 20.55
-10.2589 0.2998 8.9473 37.79
-8.7776 0.4554 2.5751 9.04
-8.7831 0.5152 5.4160 26.27
-8.5544 0.5902 9.0659 43.49
-10.3183 0.8877 3.8588 14.69
-10.2834 0.9605 7.4665 31.93
-7.0202 0.7720 9.0447 49.21
-10.2950 1.2543 4.9676 20.41
-10.2531 1.3316 8.9579 37.66
-8.8128 0.3739 2.5749 9.00
-8.7746 0.4340 5.4057 26.25
-8.5679 0.5139 9.0857 43.53
-10.3014 0.7836 3.8633 14.75
-10.2697 0.8543 7.4612 31.97
-7.0473 0.7044 9.0726 49.23
-10.2777 1.1559 4.9591 20.42
-10.2368 1.2285 8.9420 37.68
-9.7197 1.3947 2.7152 8.91
-10.2920 1.5275 6.1757 26.15
-8.4837 1.3557 9.0444 43.40
-10.2971 0.6891 3.8588 14.74
-10.2569 0.7650 7.4507 31.97
-7.0351 0.6434 9.0541 49.23
-10.3055 1.0593 4.9659 20.42
-10.2390 1.1354 8.9369 37.68
-9.7069 1.2912 2.7134 8.92
-10.2812 1.4356 6.1648 26.15
-8.5113 1.2772 9.0489 43.36
-10.3021 1.7438 3.8657 14.61
-10.2425 1.8069 7.4906 31.87
-6.9614 1.3276 9.0311 49.10
-10.2995 0.9587 4.9666 20.45
-10.2788 1.0435 8.9670 37.70
-9.7140 1.2004 2.7171 8.95
-10.2874 1.3304 6.1694 26.18
-8.5176 1.2013 9.0588 43.41
-10.3145 1.6478 3.8634 14.60
-10.2661 1.7115 7.4898 31.85
-6.9663 1.2661 9.0329 49.13
-10.2910 2.0177 4.9908 20.33
-10.2514 2.0877 9.0233 37.57
-9.7041 1.1071 2.7110 8.93
-10.2909 1.2346 6.1601 26.16
-8.5004 1.1218 9.0438 43.44
-10.2952 1.5404 3.8650 14.66
-10.2563 1.6033 7.4818 31.88
-6.9833 1.1982 9.0427 49.14
-10.3113 1.9226 4.9936 20.34
-10.2568 1.9852 9.0181 37.59
-9.7400 2.1272 2.7234 8.83
-10.2838 2.2943 6.2190 26.06
-8.3812 1.9580 9.0307 43.31
-10.2869 1.4387 3.8576 14.65
-10.2668 1.5123 7.4925 31.93
-6.9910 1.1374 9.0438 49.15
-10.2783 1.8214 4.9815 20.37
-10.2536 1.8901 9.0063 37.60
-9.5978 1.9950 2.6998 8.84
-10.3039 2.2051 6.2172 26.05
-8.3843 1.8812 9.0187 43.32
-10.3004 2.5221 3.8907 14.54
-10.2650 2.5797 7.5791 31.78
-6.8492 1.8127 8.9982 49.01
-10.2959 1.7211 4.9843 20.38
-6.7211 1.2103 6.2359 37.60
-9.7331 1.9282 2.7209 8.85
-10.2599 2.0938 6.1952 26.10
-8.4122 1.8051 9.0266 43.31
-10.2990 2.4121 3.8843 14.54
-10.2623 2.4770 7.5651 31.79
-6.8621 1.7482 9.0028 49.04
-10.2997 2.7981 5.0437 20.26
-10.0888 2.8248 9.0086 37.49
-9.6776 1.8224 2.7080 8.85
-10.2767 1.9951 6.1943 26.10
-8.4312 1.7295 9.0308 43.31
-10.3001 2.3109 3.8854 14.57
-10.3006 2.3885 7.5718 31.77
-6.8842 1.6884 9.0081 49.03
-10.2963 2.7011 5.0305 20.25
-10.1083 2.7259 9.0047 37.50
-10.0336 2.9605 3.1356 10.68
-9.9770 3.0060 6.5601 27.87
-7.7026 2.4043 8.9966 45.13
-9.4675 2.0483 3.9990 16.50
-10.2531 2.2847 8.0096 33.69
-6.4427 1.5319 8.9906 50.98
-10.2813 2.6023 5.4147 22.18
-9.4892 2.4781 9.0154 39.42
-8.6095 2.4625 2.8466 10.64
-10.2724 2.9951 6.7189 27.92
-7.7266 2.3258 9.0094 45.18
-9.1974 2.9847 3.9654 16.35
-9.1666 3.0324 7.4246 33.63
-6.2900 2.1574 8.9748 50.82
-10.2614 2.4938 5.4047 22.22
-9.5274 2.3953 9.0364 39.44
-8.6001 2.3719 2.8403 10.64
-10.2739 2.8875 6.7043 27.92
-7.7509 2.2602 9.0085 45.15
-9.4768 2.9705 4.0517 16.41
-9.8275 3.1439 7.8599 33.60
-6.3276 2.1053 9.0066 50.85
-10.2915 3.6266 5.5227 22.11
-8.6053 3.0989 8.4413 39.32
-9.1085 2.4188 2.9391 10.67
-10.3049 2.7928 6.7076 27.92
-7.7689 2.1880 9.0055 45.15
-9.2636 2.8114 3.9750 16.39
-9.8502 3.0478 7.8635 33.63
-6.3198 2.0409 8.9830 50.89
-10.2810 3.5137 5.4983 22.08
-8.9683 3.1344 8.7441 39.36
-10.3302 3.8810 3.2300 10.61
-10.2930 3.9274 6.8576 27.80
-7.5247 2.9452 8.9870 45.06
-9.3445 2.7413 3.9993 16.43
-10.1723 3.0477 8.0630 33.61
-6.3322 1.9798 8.9792 50.90
-9.9784 3.3097 5.3624 22.12
-9.0665 3.0750 8.7967 39.33
-10.3161 3.7659 3.2136 10.58
-10.2830 3.8204 6.8436 27.85
-7.5375 2.8621 8.9754 45.09
-8.8369 3.5919 3.9149 16.29
-10.2391 4.2176 8.3488 33.56
-6.1298 2.5905 8.9605 50.76
-10.0853 3.2385 5.4008 22.14
-9.3155 3.0640 8.9983 39.37
-10.2880 3.6512 3.5773 12.53
-9.3397 3.3793 6.7107 29.75
-7.1078 2.6401 9.0022 47.02
-10.3124 4.0756 4.7650 18.22
-10.2681 4.1248 8.8683 35.46
-10.3232 4.4533 2.5100 6.71
-10.3017 4.4954 6.0729 23.97
-7.3407 3.2566 7.9586 41.19
-10.3103 3.5505 3.5729 12.52
-9.5236 3.3464 6.8127 29.79
-7.1153 2.5676 8.9845 47.03
-10.2954 3.9599 4.7533 18.25
-10.2543 4.0129 8.8269 35.45
-10.3142 4.3309 2.5031 6.71
-10.2937 4.3824 6.0488 23.96
-8.4201 3.6455 8.9643 41.21
-9.5833 4.4284 3.4815 12.45
-10.2664 4.7976 7.4800 29.63
-6.7040 3.1891 8.7961 46.89
-10.3025 3.8505 4.7459 18.27
-8.9096 3.3946 7.7870 35.50
-10.3193 4.2271 2.5058 6.75
-10.2824 4.2643 6.0233 23.96
-8.1460 3.4361 8.6693 41.20
-9.7815 4.4113 3.5214 12.45
-10.2742 4.6842 7.4645 29.66
-6.6223 3.0772 8.6817 46.95
-8.8682 4.3755 4.3627 18.18
-10.0192 5.0016 8.9446 35.40
-10.3124 4.1070 2.4945 6.72
-10.2781 4.1484 6.0078 23.99
-8.3023 3.4110 8.7951 41.23
-10.2990 4.5207 3.6320 12.44
-10.2785 4.5751 7.4453 29.68
-6.7840 3.0767 8.8344 46.94
-9.1890 4.4262 4.4608 18.16
-10.0614 4.9068 8.9426 35.41
-10.3236 5.3768 2.5457 6.66
-9.3730 4.9238 5.7711 23.91
-8.0970 4.3010 8.9396 41.14
-10.3126 4.4118 3.6291 12.46
-10.2641 4.4559 7.4227 29.73
-6.9086 3.0558 8.9547 46.96
-10.3108 4.8494 4.8582 18.19
-10.0853 4.8071 8.9357 35.44
-10.2981 5.2365 2.5350 6.66
-8.7877 4.5160 5.4563 23.91
-8.1481 4.2375 8.9566 41.15
-10.3150 5.7098 3.7427 12.39
-10.2829 5.7419 7.7198 29.58
-6.5834 3.7173 8.9287 46.84
-9.7432 4.4703 4.6412 18.21
-10.1495 4.7202 8.9523 35.44
-8.8122 4.3840 2.3390 6.68
-8.7909 4.4145 5.4364 23.91
-8.1937 4.1628 8.9594 41.14
-10.3088 5.5830 3.7297 12.40
-10.2637 5.6051 7.6802 29.61
-5.8493 3.2312 8.0060 46.90
-10.3100 6.0539 5.0308 18.13
-9.6185 5.6972 8.9179 35.35
-8.8780 4.3094 2.3395 6.66
-9.5423 4.6789 5.7921 23.93
-8.2120 4.0765 8.9474 41.17
-10.2968 5.4440 3.7159 12.42
-10.2790 5.4941 7.6660 29.64
-6.6551 3.5994 8.9455 46.88
-10.3121 5.9314 5.4386 20.02
-9.0510 5.2529 8.9456 37.32
-8.7464 5.4018 2.7175 8.53
-10.2769 6.3911 6.9023 25.76
-7.2888 4.5647 8.9337 43.01
-9.6806 5.0079 3.9232 14.33
-10.2565 5.3638 8.1406 31.61
-6.1340 3.2514 8.7785 48.83
-10.2754 5.7891 5.4109 20.07
-9.0686 5.1504 8.9090 37.28
-8.7991 5.3165 2.7208 8.55
-10.2684 6.2629 6.8684 25.76
-7.3370 4.5082 8.9505 43.03
-9.2269 6.0278 3.9429 14.27
-10.2191 6.7258 8.5202 31.51
-5.9268 3.9189 8.9433 48.74
-10.2718 5.6556 5.3869 20.07
-9.1482 5.0863 8.9409 37.29
-8.8034 5.2083 2.7084 8.52
-10.2816 6.1365 6.8515 25.80
-7.3711 4.4355 8.9366 43.01
-9.0944 5.8103 3.8839 14.26
-10.2722 6.6232 8.5099 31.50
-5.9658 3.8660 8.9494 48.75
-10.2699 7.0779 5.6444 20.00
-8.5685 5.9489 8.9000 37.24
-8.8048 5.0967 2.7040 8.54
-10.2811 6.0034 6.8180 25.80
-7.4090 4.3681 8.9351 43.01
-9.2523 5.7903 3.9178 14.28
-10.2612 6.4862 8.4654 31.52
-6.0018 3.8142 8.9514 48.75
-10.2861 6.9569 5.6197 19.98
-8.5926 5.8444 8.8804 37.28
-9.1006 6.5846 2.8536 8.49
-10.2691 7.4703 7.1818 25.72
-6.9281 5.0524 8.9030 42.97
-9.4300 5.7814 3.9556 14.28
-10.2521 6.3416 8.4242 31.56
-6.0222 3.7510 8.9421 48.79
-10.2925 6.8281 5.6046 20.02
-8.6535 5.7685 8.8815 37.26
-9.1816 6.5075 2.8600 8.51
-10.2750 7.3388 7.1488 25.73
-6.9944 5.0101 8.9359 42.99
-8.8117 6.7167 3.9517 14.23
-10.1650 7.7988 8.8667 31.48
-5.6191 4.3053 8.9085 48.71
-10.2978 6.6873 5.5792 20.03
-8.6353 5.6433 8.8152 37.25
-8.8696 6.1609 2.7927 8.51
-10.2706 7.1874 7.1082 25.74
-7.0181 4.9292 8.9070 42.98
-8.7865 6.5576 3.9214 14.23
-10.2351 7.7006 8.8653 31.48
-5.6770 4.2674 8.9405 48.73
-9.7659 7.8342 5.6555 19.97
-8.1004 6.5278 8.8735 37.21
-8.8949 6.0536 2.7847 8.50
-10.2706 7.0414 7.0731 25.76
-7.0721 4.8728 8.9150 42.97
-8.7996 6.4395 3.9069 14.23
-10.2500 7.5682 8.8319 31.51
-5.7102 4.2135 8.9290 48.72
-10.2903 8.1121 5.8621 19.95
-8.1480 6.4384 8.8692 37.24
-10.3187 8.6988 3.1854 8.46
-10.2639 8.6751 7.5326 25.69
-6.5452 5.5207 8.8888 42.94
-8.8148 6.3259 3.8951 14.24
-10.2550 7.4182 8.7846 31.52
-5.7398 4.1556 8.9257 48.75
-10.2818 7.9570 5.8324 19.98
-8.2252 6.3758 8.8740 37.20
-10.3102 8.5186 3.1709 8.48
-10.2498 8.5107 7.4781 25.70
-6.5918 5.4644 8.8939 42.96
-10.0906 8.9465 4.5569 14.20
-9.5441 8.4828 8.8362 31.45
-5.2955 4.6761 8.8917 48.68
-10.2920 7.8046 5.8043 19.99
-8.2966 6.3115 8.8911 37.22
-10.3152 8.3613 3.1572 8.48
-10.2807 8.3703 7.4496 25.71
-6.6577 5.4160 8.9089 42.95
-9.7809 8.4983 4.8806 16.14
-8.7379 7.6125 8.6415 33.36
-5.0296 4.3572 8.9271 50.59
-10.0528 9.3707 7.1410 23.79
-6.6686 6.1904 8.8575 41.01
-9.6792 7.6898 3.8481 12.29
-10.2625 8.2072 8.4938 29.57
-5.9004 4.7039 8.9114 46.81
-10.2860 8.7818 5.5264 18.05
-8.4487 7.2286 8.8524 35.25
-8.7985 8.0046 2.5494 6.52
-9.8701 9.0319 6.9777 23.78
-6.7225 6.1322 8.8592 41.02
-8.7830 8.5659 3.8259 12.28
-9.5884 9.3873 8.6258 29.47
-5.4146 5.2562 8.9002 46.73
-10.2862 8.6122 5.4931 18.06
-8.5298 7.1594 8.8762 35.29
-8.8120 7.8755 2.5426 6.53
-10.0205 8.9985 7.0144 23.77
-6.7984 6.0847 8.8833 41.03
-8.7777 8.4029 3.8010 12.28
-9.6754 9.2951 8.6317 29.49
-5.4533 5.1983 8.9007 46.78
-10.2919 10.5776 5.9250 18.03
-7.7269 7.9182 8.8196 35.25
-8.8161 7.7242 2.5289 6.52
-10.2326 9.0150 7.0941 23.79
-6.8525 6.0192 8.8790 41.03
-8.8012 8.2571 3.7838 12.29
-9.6590 9.1116 8.5589 29.51
-5.4859 5.1338 8.8786 46.79
-10.2885 10.3720 5.8692 18.00
-7.8131 7.8599 8.8317 35.25
-9.1840 9.8877 2.7317 6.52
-6.5794 7.0378 5.7026 25.66
-5.8284 6.2261 8.8608 42.91
-10.0649 9.2881 4.6087 14.20
-9.3726 8.6719 8.8460 31.48
-5.1924 4.7658 8.8809 48.71
-9.7373 9.6379 6.0827 19.95
-7.3766 7.2750 8.8431 37.19
-10.3001 10.8973 3.4063 8.45
-6.6436 6.9850 5.7058 25.67
-5.8758 6.1699 8.8577 42.93
-10.3082 11.6973 5.0867 14.18
-8.2152 9.2888 8.6122 31.43
-4.7120 5.2509 8.8895 48.66
-8.7727 8.4985 5.5433 19.95
-7.4346 7.1999 8.8312 37.18
-10.3093 10.7029 3.3875 8.45
-6.6697 6.8790 5.6837 25.70
-5.9539 6.1376 8.8787 42.91
-10.3019 11.4505 5.0367 14.17
-8.1957 9.0903 8.5089 31.41
-4.7527 5.1984 8.8761 48.67
-10.2934 12.2588 6.9200 19.94
-6.6779 7.8973 8.8315 37.17
-10.3081 10.4962 3.3607 8.44
-6.7397 6.8203 5.6854 25.69
-5.9968 6.0712 8.8610 42.91
-10.2913 11.2210 4.9986 14.20
-8.3409 9.0873 8.5636 31.40
-4.8093 5.1678 8.8915 48.66
-10.2894 12.0348 6.8492 19.91
-6.7561 7.8363 8.8324 37.16
-10.3214 12.9493 3.6335 8.43
-9.9152 12.4169 8.7190 25.68
-5.3540 6.5969 8.8456 42.94
-10.2859 11.0124 5.4897 16.12
-8.0905 8.6425 8.7966 33.31
-4.5512 4.7908 8.8850 50.60
-10.2705 11.7906 7.9684 23.75
-6.0028 6.8089 8.8379 40.97
-10.2818 12.6468 4.7028 12.27
-7.7341 9.4556 8.4975 31.41
-4.4995 5.4055 8.8750 48.68
-10.2878 13.5757 6.6681 18.02
-6.2723 8.1782 8.8096 37.16
-10.3234 11.6071 3.4817 8.43
-10.2739 11.5638 8.5150 25.69
-5.6953 6.3367 8.8520 42.90
-10.2805 12.3842 5.2191 14.19
-7.8438 9.4164 8.5179 31.40
-4.5594 5.3801 8.8893 48.66
-10.2919 13.3107 6.5888 17.98
-6.6856 8.5603 8.6917 35.27
-8.8008 12.2006 2.4058 4.57
-10.0489 13.9524 8.6676 23.77
-5.3575 7.2968 8.8339 41.00
-10.3015 12.1714 4.6213 12.25
-8.7191 10.2889 8.6887 29.53
-4.8960 5.6827 8.8733 46.76
-10.2758 13.0465 7.1397 19.94
-6.4321 8.0659 8.8181 37.18
-10.3112 14.0436 3.1782 6.50
-9.3960 12.7798 8.7022 25.66
-5.0931 6.7955 8.8457 42.93
-10.2242 14.9849 5.1067 12.27
-7.6924 11.1808 8.7245 29.46
-4.2978 6.1035 8.8388 46.72
-10.2843 12.7864 6.4656 18.02
-6.9480 8.5694 8.8084 35.26
-8.8056 11.7228 2.3859 4.62
-10.2649 13.7023 7.9658 21.84
-5.8396 7.6753 8.8064 39.06
-10.3058 14.7920 4.4571 10.33
-8.3764 11.9703 8.7097 27.60
-4.6326 6.4646 8.8402 44.84
-9.7284 15.0406 5.6808 14.19
-6.0883 9.2668 7.8249 31.43
-3.9098 5.8158 8.8615 48.67
-10.2865 13.4634 7.2625 19.94
-5.9177 7.6329 8.8245 39.09
-8.8234 12.3741 3.4344 8.43
-9.1889 12.8891 8.6908 25.67
-4.9869 6.8557 8.8306 42.92
-10.1003 15.3027 5.1509 12.27
-7.5022 11.2546 8.7076 29.48
-4.2136 6.1698 8.8627 46.77
-9.3968 15.3402 6.3292 16.08
-6.1938 9.9591 8.7574 33.35
-3.5541 5.5403 8.8770 50.56
-10.2625 14.1344 8.1125 21.86
-5.7191 7.7499 8.8063 39.09
-10.0700 14.9377 3.8591 8.45
-8.7280 12.8896 8.5756 25.70
-4.5380 6.5363 8.8420 44.83
-9.6115 15.3405 5.7275 14.18
-6.7332 10.6279 8.7401 31.43
-3.8167 5.8521 8.8462 48.69
-10.2583 17.7403 7.8068 18.03
-5.3782 9.0856 8.4905 35.26
-10.1449 14.7568 2.6394 4.59
-9.7587 14.1543 8.6671 23.77
-5.2045 7.3908 8.8286 41.01
-10.2969 16.1188 4.6740 10.37
-7.8982 12.2713 8.6955 27.57
-4.3769 6.6316 8.8356 44.83
-10.2948 17.4074 6.2665 14.19
-6.4601 10.7619 8.7263 31.44
-3.6795 5.9400 8.8529 48.69
-9.9363 18.2279 7.1353 16.09
-5.6936 10.2199 8.7475 33.37
-3.2804 5.6761 8.8586 50.57
-9.8374 15.0633 7.6493 19.95
-5.6827 8.5448 8.7858 37.17
-10.3030 17.0950 3.4762 6.52
-8.7382 14.4006 8.5159 23.76
-4.7627 7.6507 8.8177 41.02
-10.1375 18.1793 4.9749 10.34
-7.1507 12.6779 8.6961 27.62
-3.9849 6.8363 8.8218 44.86
-9.3496 18.1994 5.6262 12.29
-6.2509 11.9583 8.7014 29.48
-3.3391 6.1328 8.8593 48.69
-10.2873 16.6529 7.5062 18.04
-5.7240 9.0908 8.6206 35.27
-10.2969 18.0874 2.8804 4.61
-8.6245 15.0378 8.0666 21.85
-4.8747 8.2931 8.8081 39.07
-9.5312 18.1380 3.5407 6.53
-7.9709 15.0535 8.6130 23.79
-4.3114 7.8956 8.8146 41.03
-8.7379 18.1151 4.1815 8.47
-6.8682 14.0374 8.6169 25.69
-3.8009 7.4957 8.7985 42.95
-10.2955 17.6421 5.6061 12.27
-6.8645 11.6159 8.7125 29.54
-3.8808 6.3655 8.8572 46.78
-9.8037 18.1958 6.3938 14.22
-6.0321 11.0064 8.7257 31.42
-3.4470 6.0644 8.8446 48.68
-9.0428 18.2426 7.0428 16.15
-4.7085 9.2241 7.8696 33.37
-3.0544 5.7696 8.8450 50.61
-8.2954 18.2691 7.6859 18.07
-4.6036 9.8316 8.7237 35.29
-9.9353 18.0938 2.8671 4.61
-8.5641 15.4656 8.2134 21.88
-4.7311 8.3247 8.7831 39.11
-9.1611 18.1184 3.5315 6.56
-7.6955 15.0703 8.5627 23.78
-4.1960 7.9510 8.8055 41.00
-8.4360 18.1666 4.1720 8.48
-6.6551 14.1579 8.6326 25.71
-3.6878 7.5536 8.7988 42.93
-7.6999 18.1586 4.8074 10.42
-5.7259 13.2637 8.6515 27.62
-3.2346 7.1807 8.8127 44.89
-9.4452 18.1888 5.6281 12.28
-6.2717 11.8906 8.6940 29.55
-3.5627 6.5111 8.8352 46.79
-8.7026 18.2393 6.2859 14.24
-5.4643 11.2228 8.6945 31.44
-3.1465 6.1911 8.8247 48.70
-7.9457 18.2188 6.9069 16.15
-4.7591 10.6123 8.7140 33.36
-2.7769 5.8928 8.8451 50.63
-7.2264 18.2688 6.8387 16.14
-4.3842 10.7295 8.7063 33.41
-2.5817 5.9765 8.8457 50.61
-8.9175 18.2358 7.7590 18.06
-4.7423 9.4216 8.5031 35.30
-8.0427 18.0673 2.1596 2.74
-8.1579 18.2432 8.4011 19.99
-4.2117 9.0702 8.6251 37.23
-7.3367 18.0977 2.8009 4.67
-6.9779 17.0590 8.5364 21.91
-3.7326 8.7538 8.7681 39.16
-6.6165 18.0851 2.7747 4.66
-5.6524 15.2074 7.6593 21.93
-3.4336 8.8576 8.7558 39.14
-8.2893 18.1298 3.4827 6.54
-6.9730 15.0780 8.4410 23.81
-3.8769 8.0783 8.7990 41.05
-7.5659 18.1473 4.1294 8.51
-6.0635 14.3245 8.6073 25.75
-3.3905 7.6721 8.7993 42.97
-6.8488 18.1396 4.0943 8.52
-5.5687 14.5149 8.6013 25.74
-3.1371 7.7866 8.8121 42.96
-6.1522 18.1698 4.0666 8.53
-5.0773 14.6715 8.5995 25.75
-2.8700 7.8449 8.7908 43.00
-7.7669 18.1381 4.8036 10.41
-5.7505 13.1775 8.6272 27.66
-3.2736 7.1808 8.8207 44.86
-7.0630 18.1806 4.7700 10.43
-5.3016 13.3633 8.6270 27.65
-3.0191 7.2493 8.7999 44.90
-6.3479 18.1522 4.7323 10.46
-4.8386 13.5113 8.6255 27.67
-2.7712 7.3100 8.7800 44.93
-5.6573 18.1380 4.6844 10.44
-4.3641 13.5942 8.6021 27.71
-2.5262 7.3918 8.7794 44.92
-7.2656 18.1913 4.7771 10.41
-5.4177 13.2863 8.6183 27.67
-3.0938 7.2334 8.8045 44.87
-6.5397 18.1403 4.7346 10.44
-4.9658 13.4629 8.6198 27.66
-2.8402 7.3006 8.7894 44.91
-5.8572 18.1715 4.7127 10.48
-4.4954 13.5848 8.6108 27.69
-2.5988 7.3791 8.7949 44.94
-5.1780 18.1628 4.6698 10.46
-4.0205 13.6569 8.5885 27.72
-2.3473 7.4401 8.7793 44.93
-6.7345 18.1413 4.7440 10.43
-5.0939 13.4175 8.6225 27.67
-2.9182 7.2948 8.8028 44.88
-6.0613 18.2066 4.7230 10.45
-4.6266 13.5492 8.6102 27.68
-2.6655 7.3633 8.7959 44.92
-5.3715 18.1861 4.6853 10.46
-4.1568 13.6686 8.6067 27.70
-2.4190 7.4250 8.7904 44.96
-4.6793 18.1338 4.0098 8.55
-3.9571 14.8940 8.5648 25.79
-2.2822 7.9658 8.7598 43.06
-6.2300 18.1283 4.0593 8.51
-4.7590 13.5176 8.6186 27.68
-2.7355 7.3354 8.7838 44.90
-5.5481 18.1390 4.6884 10.47
-4.2888 13.6369 8.6063 27.69
-2.4853 7.4086 8.7889 44.94
-4.8774 18.1413 4.0270 8.58
-4.0928 14.8507 8.5651 25.80
-2.3600 7.9608 8.7668 43.03
-4.1984 18.1101 3.3786 6.68
-3.5837 14.9509 8.5559 25.80
-2.0923 8.0221 8.7740 43.08
-5.7276 18.1028 4.0444 8.55
-4.7569 14.7160 8.5757 25.76
-2.6989 7.8676 8.7636 43.01
-5.0669 18.1647 4.0277 8.55
-4.2487 14.8592 8.5794 25.77
-2.4368 7.9521 8.7799 43.04
-4.3805 18.1186 3.3794 6.67
-4.0102 16.1856 8.5311 23.93
-2.1635 7.9901 8.7575 43.07
-3.7220 18.0689 3.3695 6.70
-3.4460 16.2708 8.5164 23.94
-1.9958 8.5691 8.7407 41.19
-5.2319 18.1213 3.3844 6.61
-4.5672 15.4659 8.2539 23.85
-2.6565 8.4522 8.7581 41.12
-4.5632 18.1164 2.7584 4.74
-4.5155 17.6139 8.4718 21.97
-2.5030 9.0889 8.7363 39.21
-3.8888 18.0839 2.1381 2.85
-4.0057 18.2580 7.9898 20.10
-2.2263 9.3438 8.3893 37.33
-3.2379 18.0890 1.5271 0.95
-3.3327 18.2277 7.2550 18.21
-2.0946 10.4883 8.6916 35.43
-4.6991 18.0407 0.8999 -1.01
-4.8189 18.2375 6.6563 16.24
-1.9618 6.6627 5.6681 33.47
-1.8729 6.1616 8.8229 50.72
-4.1601 18.2549 5.9597 14.34
-1.8280 7.1384 5.6225 31.58
-1.7578 6.6182 8.7987 48.80
-3.4737 18.1524 5.2625 12.45
-2.6111 12.8989 8.6099 29.68
-1.6159 7.1116 8.8061 46.94
-2.8348 18.1810 4.6163 10.55
-2.3129 13.9479 8.5817 27.81
-1.4367 7.6011 8.7702 45.03
-4.2879 18.1078 4.0061 8.59
-3.6420 14.9198 8.5559 25.83
-1.8454 6.8130 7.6159 43.06
-3.6278 18.1325 3.3779 6.71
-3.3605 16.3234 8.5212 23.90
-1.9468 8.5778 8.7323 41.16
-2.9787 18.1199 2.7474 4.79
-3.0124 17.7802 8.4462 22.04
-1.7275 9.0780 8.6173 39.27
-2.3165 18.0609 1.5374 0.99
-2.4123 18.2182 7.2236 18.25
-1.5830 10.5693 8.7064 35.47
-3.7567 18.0425 0.9147 -0.98
-3.8671 18.2141 6.6013 16.27
-2.5372 11.1719 8.6692 33.50
-1.5783 6.2296 8.8306 50.76
-3.2135 18.1872 5.9108 14.38
-2.2885 12.0461 8.6499 31.62
-1.4394 6.6745 8.8004 48.84
-2.5503 18.1896 4.6278 10.60
-2.0924 13.9452 8.5633 27.81
-1.3234 7.5972 8.7588 45.06
-1.8952 18.1270 3.3726 6.78
-1.7242 15.3611 8.0330 24.02
-1.1498 8.5807 8.6614 41.27
-3.3387 18.1144 2.7459 4.77
-3.3419 17.7630 8.4615 22.04
-1.8997 9.0834 8.6404 39.25
-2.6750 18.0763 2.1327 2.87
-2.7912 18.2787 7.9316 20.13
-1.5866 9.1437 8.1630 37.37
-2.0220 18.0692 0.9496 -0.88
-2.1302 18.2450 6.5603 16.35
-1.4955 11.2676 8.6529 33.59
-1.0103 6.2906 8.8084 50.81
-1.4704 18.1943 5.2466 12.54
-1.1880 12.6894 8.4156 29.77
-0.8518 7.1719 8.7839 47.02
-2.9039 18.1759 4.6129 10.53
-2.3636 13.9432 8.5838 27.82
-1.4694 7.6096 8.7788 45.01
-2.2452 18.1166 3.3718 6.77
-2.1373 16.4153 8.5011 23.96
-1.3107 8.5850 8.6677 41.22
-1.5953 18.0957 2.1555 2.96
-1.7047 18.2660 7.9119 20.20
-1.0751 9.4328 8.3557 37.43
-0.9486 18.0464 0.9560 -0.86
-1.0478 18.2003 6.5400 16.39
-0.8304 11.2775 8.6453 33.66
-0.6520 6.3053 8.8071 50.88
-2.4580 18.1867 5.2572 12.51
-1.9059 12.9871 8.6095 29.72
-1.1669 6.6344 8.7207 48.89
-1.8135 18.1614 4.6146 10.62
-1.5400 14.0059 8.5722 27.84
-1.0248 7.6329 8.7656 45.09
-1.1616 18.0980 3.3721 6.81
-1.1614 16.2567 8.4167 24.03
-0.8189 8.6596 8.7118 41.29
-0.5121 18.1089 2.1747 3.02
-0.6221 18.2525 7.9066 20.25
-0.5293 9.4409 8.3506 37.48
-1.9174 18.0084 0.9452 -0.90
-2.0254 18.2206 6.5437 16.33
-1.4348 11.3008 8.6665 33.58
-0.9768 6.2871 8.8053 50.84
-1.3757 18.1444 5.2338 12.53
-1.1339 12.9028 8.5369 29.77
-0.8143 7.1668 8.7704 47.00
-0.7293 18.1124 3.9984 8.77
-0.7364 15.1460 8.5375 25.98
-0.5958 8.1421 8.7395 43.21
-0.0744 18.1045 2.7752 4.93
-0.1819 17.8238 8.4391 22.20
-0.3068 9.0809 8.5613 39.40
-1.4750 18.0451 1.5536 1.05
-1.5865 18.2584 7.2264 18.29
-1.1011 10.5472 8.6734 35.54
-0.8267 18.0534 0.3582 -2.77
-0.8726 16.3499 5.4153 14.49
-0.8018 12.1228 8.6333 31.72
-0.6350 6.7431 8.8045 48.94
-0.2829 18.1573 4.6331 10.71
-0.3713 13.9876 8.5600 27.92
-0.4042 7.6271 8.7493 45.18
0.3602 18.1024 3.4012 6.90
0.2018 16.3423 8.4849 24.14
-0.1074 8.6664 8.7327 41.39
-1.0397 18.0754 2.1587 2.98
-1.1518 18.2633 7.9076 20.23
-0.7922 9.4538 8.3667 37.47
-0.4013 18.0834 0.9690 -0.82
-0.4947 18.2526 6.5639 16.43
-0.4917 11.3146 8.6625 33.66
-0.4682 6.3248 8.8241 50.89
0.1584 18.1783 5.2641 12.62
-0.0573 12.9808 8.5953 29.87
-0.2370 7.1546 8.7750 47.14
0.8085 18.1526 4.0249 8.82
0.5168 15.0313 8.5116 26.05
0.0682 8.0967 8.7292 43.33
-0.6081 18.1210 2.7670 4.90
-0.6850 17.8440 8.4377 22.17
-0.5633 9.0904 8.5673 39.38
0.0391 18.0141 1.5869 1.16
-0.0510 18.2613 7.2349 18.35
-0.2321 10.5544 8.6704 35.58
0.6946 18.0012 0.3952 -2.66
0.5968 18.2300 5.9223 14.54
0.2101 12.0801 8.6185 31.76
-0.0829 6.7140 8.7946 49.05
1.2445 18.1332 4.6572 10.76
0.7807 13.8898 8.5561 28.01
0.2172 7.5842 8.7439 45.25
-0.1615 18.1313 3.3808 6.83
-0.2739 16.3611 8.4795 24.11
-0.3527 8.6786 8.7287 41.34
0.4876 18.0704 2.1772 3.03
0.3859 18.2920 7.9378 20.29
-0.0156 9.4301 8.3573 37.53
1.1371 18.0518 1.0046 -0.71
1.0394 18.2464 6.6075 16.52
0.4322 11.2151 8.6357 33.75
0.0412 6.2640 8.7830 50.98
1.6963 18.1887 5.3235 12.72
1.0109 12.8405 8.5792 29.96
0.3509 7.1118 8.7759 47.20
0.2727 18.1705 4.0213 8.81
0.0842 15.0567 8.5140 26.05
-0.1589 8.1209 8.7307 43.27
0.9208 18.1097 2.8043 5.01
0.7865 17.7357 8.4272 22.23
0.1821 9.0817 8.5919 39.47
1.5705 18.0942 1.6114 1.22
1.4705 18.2572 7.3030 18.47
0.5185 9.1709 7.7340 35.70
2.2408 18.0365 0.4073 -2.60
2.1386 18.1979 5.9887 14.66
1.2026 11.9285 8.6199 31.91
0.4569 6.6554 8.7976 49.14
0.7211 18.1575 4.6416 10.72
0.3872 13.8835 8.5381 28.00
0.0056 7.6437 8.7773 45.20
1.3698 18.1339 3.4339 6.97
0.9975 15.1202 7.9665 24.16
0.3618 8.6488 8.7451 41.41
2.0254 18.1203 2.2278 3.16
1.9216 18.2730 8.0097 20.38
0.7312 9.1363 8.2009 37.64
2.6745 18.0347 1.0210 -0.65
2.5848 18.2203 6.6830 16.60
1.3578 11.0844 8.6513 33.88
0.5438 6.2038 8.7993 51.09
1.1610 18.1749 5.3039 12.71
0.6448 12.9127 8.5876 29.91
0.1450 7.1121 8.7497 47.16
1.8087 18.1231 4.0562 8.89
1.3351 14.9206 8.5093 26.11
0.5048 8.0802 8.7573 43.38
2.4781 18.1767 2.8497 5.09
2.2523 17.4994 8.4308 22.34
0.9349 9.0850 8.6784 39.56
3.1245 18.0316 1.6473 1.32
3.0491 18.2544 7.4078 18.56
1.4884 10.3104 8.6620 35.78
1.6943 18.0245 0.4028 -2.62
1.5993 18.2160 5.9681 14.63
0.8677 11.9847 8.6190 31.87
0.2707 6.6717 8.7846 49.10
2.2662 18.1866 4.7183 10.85
1.5378 13.7616 8.5506 28.07
0.6245 7.5369 8.7526 45.31
2.9266 18.1313 3.4866 7.05
2.3260 15.4016 8.2070 24.28
1.0584 8.5180 8.7333 41.53
3.6036 18.1084 2.2781 3.28
3.4992 18.2775 8.1526 20.50
1.5065 9.1634 8.3373 37.72
2.1433 18.0254 1.0161 -0.67
2.0536 18.2329 6.6571 16.58
1.0374 11.1179 8.6246 33.81
0.3730 6.2418 8.8110 51.06
2.7055 18.1653 5.3671 12.77
1.7010 12.7081 8.5712 30.01
0.7248 7.0402 8.7583 47.24
3.3747 18.1412 4.1414 9.02
2.5619 14.6627 8.5148 26.23
1.1518 7.9241 8.7206 43.46
4.0626 18.1119 2.9104 5.21
3.2486 15.2450 7.6361 22.46
1.6774 8.9285 8.6848 39.65
2.6038 18.0933 1.6317 1.28
2.5010 18.2494 7.3728 18.55
1.1988 10.3660 8.6646 35.77
3.2686 18.0382 0.4213 -2.53
2.8441 16.5387 5.6155 14.74
1.8358 11.8040 8.6202 31.97
0.8053 6.5977 8.8008 49.19
3.8535 18.1991 4.8161 10.97
2.6649 13.5030 8.5538 28.18
1.2285 7.4114 8.7582 45.43
4.5256 18.1213 3.5657 7.17
3.5995 15.1046 8.2368 24.40
1.7454 8.3398 8.7340 41.65
3.0538 18.1105 2.2542 3.22
2.9468 18.2661 8.0967 20.47
1.2448 9.1739 8.3047 37.71
3.7056 18.0196 1.0449 -0.57
3.6197 18.1881 6.7575 16.68
1.9515 10.9345 8.6335 33.91
0.8719 6.1450 8.8075 51.14
4.3152 18.1854 5.4882 12.89
2.7437 12.4580 8.5816 30.12
1.2853 6.9143 8.7744 47.37
4.9903 18.1443 4.8748 11.01
3.4368 13.2717 8.5637 28.27
1.6503 7.2923 8.7560 45.48
3.4988 18.1324 3.5022 7.06
2.7890 15.3316 8.2314 24.33
1.3042 8.4404 8.7134 41.56
4.1736 18.0662 2.2811 3.27
4.0807 18.2629 8.2019 20.52
1.7767 9.0786 8.3265 37.76
4.8431 18.0589 1.6938 1.44
4.7558 18.2610 7.5848 18.68
2.3825 10.0745 8.6707 35.91
5.5364 18.0262 1.0762 -0.46
5.4589 18.2369 6.9558 16.80
2.9183 10.5764 8.6050 34.07
1.4169 5.9921 8.8172 51.26
3.9475 18.2125 5.4709 12.89
2.5077 12.5350 8.5836 30.09
1.1562 6.9373 8.7590 47.34
4.6182 18.1240 4.2018 9.07
3.4848 14.4006 8.5111 26.29
1.6491 7.8102 8.7423 43.56
5.3193 18.1308 3.6098 7.21
4.2371 15.0750 8.3150 24.44
2.0643 8.2337 8.7262 41.68
6.0331 18.1322 3.0036 5.33
5.3186 16.5152 8.4234 22.58
2.5289 8.6686 8.7071 39.81
4.4839 18.0689 1.6814 1.41
3.9321 16.5746 7.5896 20.56
1.9239 9.0885 8.3721 37.80
5.1469 18.0616 1.7107 1.48
5.0710 18.2601 7.6118 18.68
2.5240 10.0090 8.6517 35.91
5.8667 18.0725 1.0948 -0.40
5.7572 18.2024 6.9848 16.83
2.9990 10.3035 8.4428 34.06
1.4985 5.9417 8.7926 51.29
6.4887 18.2198 6.3802 14.95
3.7275 11.1662 8.6133 32.20
1.8437 6.2637 8.7922 49.43
4.8998 18.1646 5.5378 12.95
3.0133 11.9992 8.3767 30.16
1.4881 6.8546 8.7729 47.40
5.5981 18.1533 4.9337 11.07
3.8283 13.1101 8.5470 28.29
1.8693 7.2348 8.7750 45.53
6.3032 18.1377 4.3332 9.21
4.6512 13.9630 8.5190 26.43
2.2724 7.5895 8.7370 43.65
7.0436 18.1592 4.3852 9.23
5.1282 13.7984 8.5352 26.45
2.5261 7.4960 8.7541 43.72
5.4378 18.1570 3.6100 7.19
4.3285 15.0897 8.3407 24.46
1.9509 7.7209 8.7471 43.60
6.1314 18.1445 3.6681 7.28
4.9136 15.0959 8.4306 24.47
2.3819 8.1135 8.7195 41.72
6.8568 18.1662 3.7152 7.32
5.4582 14.9979 8.4975 24.54
2.6434 7.9971 8.7163 41.79
7.5870 18.1592 3.7697 7.37
5.9375 14.7094 8.4797 24.60
2.6925 7.3882 8.7266 43.76
5.9361 18.1478 3.6402 7.22
4.7418 15.0946 8.4119 24.49
2.2989 8.1307 8.7108 41.72
6.6370 18.1239 3.7000 7.32
5.3096 15.0266 8.4740 24.51
2.5700 8.0213 8.7065 41.76
7.3685 18.1268 3.7478 7.35
5.7972 14.7781 8.4740 24.58
2.8390 7.9264 8.7301 41.82
8.1353 18.1673 3.8127 7.41
6.2902 14.5299 8.4820 24.64
3.0117 7.6023 8.5408 41.89
6.4514 18.1374 3.0252 5.35
5.6633 16.3796 8.4298 22.62
2.7063 8.6108 8.7139 39.82
7.1659 18.1104 3.0719 5.42
6.2072 16.1672 8.4366 22.64
2.9502 8.3918 8.6283 39.88
7.9102 18.1057 3.1101 5.45
6.5387 15.4427 8.2355 22.70
3.2682 8.3632 8.7238 39.94
8.6911 18.1635 3.8567 7.44
6.6291 14.3236 8.4752 24.68
3.2790 7.6932 8.7245 41.92
6.9618 18.1384 3.7201 7.33
5.5205 14.9247 8.4842 24.56
2.6847 7.9753 8.7129 41.79
7.6934 18.1221 3.7766 7.39
6.0366 14.7091 8.4882 24.58
2.9309 7.8083 8.6658 41.83
8.4475 18.1612 4.5111 9.32
5.9724 13.3372 8.5294 26.57
2.9573 7.2144 8.6857 43.80
9.2461 18.2041 5.3035 11.29
5.8920 12.1353 8.5670 28.55
2.9639 6.6630 8.7083 45.76
7.4736 18.1744 5.1006 11.17
4.9527 12.6309 8.5611 28.44
2.4770 6.9827 8.7668 45.63
8.2229 18.1666 5.1902 11.25
3.0705 7.4443 5.5830 28.46
2.7007 6.8541 8.7552 45.71
8.9975 18.1900 5.9893 13.21
3.0611 6.8263 5.6214 30.45
2.7111 6.3428 8.7897 47.68
9.4699 17.6813 7.3937 17.08
4.7225 9.3767 8.4066 34.35
8.0601 18.0614 1.7935 1.64
7.9785 18.2785 8.0560 18.92
3.6679 9.0665 8.3517 36.13
8.8370 18.1099 2.4873 3.58
8.0975 17.0088 8.3932 20.83
3.8614 8.7214 8.6892 38.07
9.4169 17.7626 3.1847 5.56
7.7600 15.0628 8.3563 22.81
3.8438 8.0242 8.7037 40.04
9.4615 16.5643 5.0651 11.37
6.4475 11.7509 8.5519 28.63
3.3087 6.5381 8.7813 45.84
8.5525 18.1856 5.9366 13.19
3.1712 7.3936 5.9380 30.39
2.5913 6.3948 8.7746 47.64
9.3189 18.1907 6.7607 15.15
5.0771 10.4831 8.6119 32.37
2.5911 5.9021 8.7888 49.59
8.2639 15.0291 7.1504 19.04
4.6769 8.9924 8.6700 36.26
9.2133 15.1751 2.9909 5.67
8.7184 14.6754 8.4549 22.92
4.3075 7.7618 8.7224 40.11
9.1628 18.1487 3.8806 7.44
6.9160 14.1756 8.4835 24.71
3.4251 7.5997 8.7096 41.94
9.4511 17.2975 5.1893 11.36
6.2580 11.9324 8.5711 28.57
3.1775 6.5877 8.7555 45.82
8.8141 15.0202 5.9849 15.26
5.6864 10.1356 8.6361 32.47
2.7072 5.3609 8.8204 51.61
8.2958 13.2785 8.4990 24.86
4.1559 7.1421 8.7219 42.11
9.4185 17.6123 4.5448 9.43
6.6755 12.9457 8.5433 26.66
3.3600 7.0571 8.7438 43.88
9.4586 16.3976 5.7033 13.29
6.0392 10.9307 8.6007 30.52
3.0020 5.9412 8.5656 47.75
9.3038 15.0563 7.3717 19.11
5.1097 8.7304 8.6883 36.34
9.4490 13.9961 3.5018 7.65
7.2850 11.1946 8.5748 28.74
3.7482 6.2115 8.7623 45.95
8.6016 15.3406 6.0102 15.20
5.4999 10.2517 8.6292 32.44
2.8120 5.7615 8.7848 49.67
9.1159 15.0550 7.3221 19.07
5.0332 8.7971 8.6898 36.30
9.4412 14.2707 3.5300 7.65
7.2008 11.2904 8.5828 28.71
3.6879 6.2504 8.7629 45.96
9.7606 13.9276 8.4800 23.03
4.8404 7.3638 8.7197 40.23
9.1415 15.2765 4.2051 9.48
7.2653 12.5142 8.5205 26.71
3.6902 6.8522 8.7476 43.95
8.9323 13.9381 5.7656 15.30
5.5430 9.0855 8.5490 34.44
2.8997 5.2176 8.8066 51.66
8.0897 11.9286 8.5422 26.83
4.1328 6.5453 8.7573 44.06
10.0854 13.6491 8.4819 23.07
5.0208 7.2360 8.7330 40.26
9.4565 14.9907 5.4519 13.38
6.4652 10.6624 8.6182 30.59
3.3120 5.9413 8.7625 47.83
9.4949 14.1364 8.4655 22.97
4.7106 7.4808 8.7340 40.21
10.9517 15.0502 8.4363 21.11
5.3180 7.7585 8.7138 38.36
9.4270 12.0086 4.3745 11.60
7.4776 9.8449 8.6210 30.75
3.8830 5.5159 8.7824 47.99
9.3748 14.2276 8.4726 22.99
4.6375 7.5227 8.7232 40.19
9.4441 13.2063 5.1212 13.44
6.0610 8.8912 8.6629 34.52
3.0565 4.9233 8.6276 51.74
7.9779 10.6494 8.5858 28.83
4.1296 5.9320 8.7894 46.07
9.8333 12.0620 8.5398 25.06
4.9641 6.5006 8.7352 42.31
11.7893 16.7818 8.3701 19.16
5.5575 8.3931 8.6838 36.40
9.4487 12.4927 3.9047 9.66
6.5687 9.0781 8.4404 32.63
3.5259 5.2849 8.8185 49.85
7.3636 9.4131 8.3899 30.79
3.9613 5.4559 8.7891 48.01
7.9375 9.4055 8.0770 28.94
4.4365 5.6235 8.7629 46.15
8.9781 12.3423 8.3561 24.95
4.6251 6.7900 8.7345 42.24
9.4552 11.9607 5.4615 15.45
6.0244 8.0044 8.6888 36.50
9.4445 11.1066 4.2537 11.66
7.3087 8.9112 8.6853 32.73
3.7963 5.0193 8.8026 49.97
8.0622 9.0844 8.0035 28.98
4.5761 5.5082 8.7801 46.19
9.4268 12.2124 6.6341 19.24
5.9352 8.0562 8.6733 36.48
9.4391 11.3029 4.2906 11.69
7.1992 8.9489 8.6530 32.71
3.7664 5.0751 8.8202 49.93
7.8257 9.0264 8.4198 30.87
4.2184 5.2339 8.8065 48.09
8.5019 9.0627 7.1073 25.15
5.4260 6.0831 8.7608 42.41
11.7618 14.3817 8.4616 21.20
5.7334 7.4350 8.7386 38.45
9.4516 10.8002 4.7221 13.61
6.4027 7.6711 8.7087 36.60
9.4493 10.0745 4.6122 13.68
7.6803 8.4593 8.6548 32.81
4.0316 4.8059 8.8196 50.05
8.9571 9.0781 7.8224 27.15
5.1750 5.5749 8.7670 44.37
10.0910 11.8631 8.5526 25.07
5.1006 6.3937 8.7552 42.36
7.5154 8.3324 5.6404 21.31
5.6955 6.5902 8.7374 40.48
9.1439 9.3264 5.3837 17.52
7.3325 7.7246 8.6947 34.78
3.8379 4.3971 8.8271 52.03
9.4285 9.0905 8.5805 29.10
4.9550 5.1184 8.7988 46.31
8.1113 9.1919 7.5290 27.04
4.8975 5.8854 8.7859 44.32
7.5401 7.9565 5.5514 21.35
6.2861 6.8557 8.7311 38.60
9.2602 8.9759 4.8725 15.65
8.0873 8.0493 8.6786 32.89
4.2467 4.5714 8.8213 50.13
7.7662 7.2564 8.7144 34.85
4.0809 4.1431 8.8482 52.12
8.7411 9.4037 8.4034 29.02
4.6851 5.4023 8.7863 46.23
9.0628 9.0380 6.7868 23.30
5.9997 6.2715 8.7454 40.56
11.3387 10.4549 8.5758 25.30
5.7814 5.6835 8.7716 42.54
7.5877 6.6556 5.6533 23.41
6.3973 5.8091 8.7627 40.67
9.2366 9.3225 5.4116 17.55
7.3709 7.6884 8.6982 34.78
3.8631 4.3801 8.8352 52.04
7.6186 7.3975 8.7010 34.85
4.0140 4.2323 8.8470 52.06
8.4500 7.5990 8.6822 32.97
4.4486 4.3259 8.8211 50.21
8.6822 7.2824 8.6902 33.05
4.5834 4.1463 8.8194 50.26
9.3466 9.0695 7.9669 27.16
5.2881 5.4554 8.7842 44.44
10.5474 9.4967 8.5915 27.22
5.4646 5.2527 8.7875 44.48
10.8665 9.1127 8.6156 27.29
5.6395 5.0476 8.7922 44.50
9.5549 7.5420 8.6765 31.16
5.0218 4.2674 8.8112 48.41
8.9098 8.2828 8.6256 31.05
4.6965 4.6986 8.8107 48.29
8.9718 7.7809 8.4726 31.10
4.8557 4.5230 8.8267 48.34
8.1685 6.6696 8.7050 34.98
4.3146 3.8293 8.8475 52.24
7.2768 5.6069 8.7578 38.88
9.4602 8.2154 5.2586 17.66
7.3636 6.6390 8.7413 36.80
9.4299 7.6163 4.7013 15.82
7.5664 6.3478 8.7366 36.86
9.4572 7.1207 5.0687 17.76
6.7396 5.3479 8.7692 40.75
11.5993 8.1418 8.6577 27.40
6.0111 4.5145 8.8069 44.64
10.9288 9.0627 8.6200 27.28
5.6581 5.0095 8.8000 44.56
9.5966 7.4933 8.6868 31.19
5.0542 4.2475 8.8279 48.42
8.5080 6.2514 8.7476 35.06
4.2636 3.4276 8.5035 52.32
9.3305 6.3299 8.7193 33.21
4.3451 3.2284 7.9713 50.43
7.6627 6.2331 8.7521 36.90
9.4699 6.9065 5.0447 17.82
6.8051 5.2267 8.7662 40.80
8.9305 6.1137 6.0411 23.66
6.5046 4.6814 8.7934 42.78
11.0598 6.9925 8.7068 29.42
5.7958 3.9404 8.8291 46.64
8.9355 6.8075 8.6464 33.09
4.7549 3.9129 8.8365 50.36
8.5895 6.1075 8.7459 35.09
4.3658 3.3913 8.5808 52.30
9.4314 6.1755 8.7225 33.22
4.7937 3.4182 8.5589 50.45
7.7829 4.8150 8.7978 39.05
9.4671 6.7031 5.4436 19.72
6.4271 4.8202 8.8024 42.77
8.9581 5.9336 5.9985 23.61
7.0488 4.8611 8.7860 40.89
11.1552 6.8046 8.7076 29.45
5.8466 3.8414 8.8332 46.68
8.9951 5.1780 8.6962 35.25
4.8145 3.0287 8.8784 52.50
8.0773 5.6015 8.7620 37.01
9.4328 5.8546 5.2959 19.83
6.6735 4.3995 8.7893 42.80
10.4838 6.0817 8.7383 31.39
5.3256 3.3544 8.5845 48.65
8.5630 4.6688 8.7754 37.19
9.4428 5.9875 4.8969 17.91
7.1151 4.7440 8.7840 40.90
11.2464 6.6234 8.7062 29.46
5.8899 3.7347 8.8201 46.70
8.9731 4.9762 8.6192 35.26
4.8488 2.9405 8.8615 52.50
7.5160 3.9230 8.7907 41.07
11.1646 6.7235 8.6956 29.47
5.8694 3.8074 8.8270 46.65
8.9868 5.0994 8.6623 35.24
4.8370 2.9980 8.8757 52.47
7.5062 4.0142 8.8169 41.06
8.9266 4.2096 6.0957 25.78
6.4750 3.2442 8.6577 44.93
9.7405 5.6187 8.7432 33.32
4.9314 3.1030 8.5287 50.55
8.0263 4.3532 8.8121 39.11
9.4631 4.5228 5.5331 21.93
6.7948 3.4566 8.5334 43.02
11.9040 5.1794 8.7451 29.66
6.2659 2.9624 8.8559 46.88
8.9659 4.9143 8.5922 35.25
4.8683 2.9169 8.8667 52.49
7.5725 3.8942 8.8290 41.08
8.9278 4.0261 6.0716 25.83
6.2228 3.0199 8.8403 46.88
8.0815 3.3975 7.6205 35.42
5.1039 2.3460 8.8821 52.68
7.5257 3.9666 8.8132 41.06
8.9147 4.1371 6.0816 25.80
6.4959 3.2032 8.6644 44.94
10.3062 4.3601 8.7798 33.50
5.4717 2.5457 8.8741 50.73
7.9601 3.1204 7.9405 37.40
9.4376 4.4379 5.1006 20.00
7.6107 3.7637 8.8154 41.10
8.9726 3.8875 6.0694 25.84
6.7188 3.0921 8.8350 44.98
8.1850 3.2824 7.6705 35.46
5.1383 2.2588 8.8833 52.69
8.8907 3.1945 8.6420 37.44
9.4526 4.1543 5.0734 20.04
7.3989 3.4344 8.5405 41.14
8.3743 3.4271 6.9328 31.60
5.9157 2.5997 8.8705 48.84
8.2569 3.0557 7.2261 33.57
5.5901 2.2512 8.9009 50.81
9.4091 3.0870 8.4727 35.53
3.0223 1.2139 5.8259 52.80
7.6067 3.2890 8.6703 41.18
8.9425 3.3529 6.3858 27.80
6.8605 2.7335 8.8576 45.06
9.0156 3.0242 6.8122 29.80
6.4620 2.3389 8.8620 47.04
9.0242 2.7229 8.6555 37.52
9.4456 3.5954 5.4123 22.04
7.3301 2.9729 8.8593 43.16
8.6759 3.0088 6.2032 27.84
6.9099 2.5465 8.8533 45.10
9.9123 3.0613 8.8242 35.58
3.0298 1.1574 5.8139 52.80
7.5575 2.1426 8.8655 43.29
9.2583 3.2997 6.5424 27.84
6.8843 2.6176 8.8577 45.12
9.8884 3.1632 8.8249 35.56
3.0308 1.1930 5.8284 52.80
7.5283 2.2222 8.8604 43.30
10.8089 2.5989 8.8297 33.75
3.3131 0.9977 5.8098 50.98
9.2249 3.0762 8.3428 35.53
3.0250 1.2302 5.8301 52.77
7.5173 2.3053 8.8512 43.23
10.7896 2.7011 8.8291 33.74
3.3032 1.0356 5.8059 50.96
8.1816 1.8372 8.8662 41.45
11.4695 3.4047 8.7906 31.77
6.0828 2.0128 8.8822 49.01
8.7143 2.3535 8.8719 39.48
9.4215 2.0742 5.6896 24.24
6.6478 1.6407 8.9051 47.21
9.4649 1.8037 8.8678 37.64
9.4451 2.5233 5.3191 22.19
7.0518 2.0639 8.8889 45.24
10.0665 2.3762 8.8374 35.66
3.0727 0.9288 5.8065 52.90
7.6428 1.6159 8.8677 43.40
7.4887 1.2325 5.7747 30.04
6.7125 1.2135 8.9033 47.25
9.3479 2.3392 8.8353 37.56
9.4448 1.9128 5.2882 22.30
7.1345 1.6095 8.8869 45.31
10.9551 1.8517 8.8582 33.83
5.8284 1.1660 8.9216 51.07
9.4981 1.3013 8.8636 37.74
9.4631 2.0112 5.2968 22.27
7.1033 1.6801 8.8713 45.31
10.1565 1.8463 8.8542 35.75
3.0955 0.7532 5.8046 52.99
8.8692 1.3357 8.8895 39.64
9.4450 0.9759 5.6546 24.35
7.7548 0.9229 8.9097 43.51
10.9047 2.0745 8.8439 33.82
5.8115 1.2852 8.9193 51.05
9.5013 1.4984 8.8781 37.71
9.4593 1.0597 5.2694 22.41
8.2998 1.0525 8.8965 41.56
8.9154 0.7147 6.1783 28.20
7.2484 0.6988 8.9165 45.45
11.7849 1.8923 8.8439 31.95
6.2514 1.1840 8.9130 49.20
10.2163 1.3120 8.8648 35.82
3.1069 0.5767 5.7929 53.04
8.9229 0.8682 8.9128 39.71
9.4473 0.4807 5.6522 24.40
7.7854 0.5112 8.9312 43.58
7.5153 1.0641 5.7856 30.08
6.7581 1.0662 8.9331 47.27
11.0138 1.0951 8.8639 33.92
5.8675 0.7500 8.9208 51.14
9.5885 0.6541 8.9145 37.82
9.4509 0.2241 5.2713 22.52
8.9266 0.3014 8.9148 39.79
9.4452 1.0166 5.6517 24.33
7.7502 0.9595 8.9161 43.53
7.5375 0.5895 5.7858 30.14
6.7627 0.6286 8.9229 47.38
9.4667 0.3759 7.8189 34.00
5.8681 0.3738 8.9193 51.25
9.5857 0.0485 8.9258 37.90
9.4411 0.7545 5.2584 22.44
8.3179 0.7818 8.9063 41.62
8.9287 0.4264 6.1891 28.25
7.2325 0.4575 8.9048 45.51
7.5411 0.1131 5.7970 30.23
6.7714 0.1997 8.9382 47.47
10.2973 -0.2349 8.9378 36.02
9.4446 0.5076 5.2615 22.47
8.3340 0.5620 8.9178 41.65
9.4558 0.1875 6.0671 26.38
7.7674 0.2662 8.9218 43.63
11.9053 -0.1990 8.9068 32.16
6.3201 0.0382 8.9533 49.39
9.5730 -0.4554 8.9474 37.97
9.4611 0.2610 5.2724 22.51
8.9236 0.3405 8.9059 39.77
9.4129 -0.0671 5.6508 24.48
7.7668 0.0601 8.9296 43.67
11.8749 -0.5082 8.9049 32.20
6.3080 -0.1313 8.9527 49.42
9.5538 -0.7069 8.9553 38.00
9.4610 0.0139 5.2789 22.54
8.3287 0.1212 8.9221 41.72
7.5439 -0.2073 5.8119 30.28
6.7768 -0.0960 8.9575 47.50
10.2639 -0.6748 8.9424 36.05
3.1017 -0.0717 5.8071 53.32
7.7369 -0.7275 8.9735 43.77
11.8831 -0.2705 8.9012 32.19
6.3049 0.0004 8.9473 49.43
9.5737 -0.5117 8.9530 37.97
9.4413 -0.9102 5.7216 24.64
7.2049 -0.5822 8.9476 45.67
10.1580 -1.3050 8.9383 36.14
3.0986 -0.2811 5.8426 53.39
8.3054 -0.3186 8.9297 41.78
7.5077 -0.6045 5.8174 30.33
6.7549 -0.4585 8.9773 47.57
9.5081 -1.1071 8.9621 38.03
9.4419 -1.5108 5.7655 24.66
6.6684 -0.9517 8.9699 47.65
10.2638 -0.7280 8.9423 36.04
3.1101 -0.0902 5.8147 53.29
7.7365 -0.7662 8.9683 43.73
10.1525 -1.4768 8.9548 36.14
3.0815 -0.3352 5.8316 53.41
7.1088 -1.2252 8.9654 45.75
10.2222 -1.0025 8.9435 36.09
3.1049 -0.1792 5.8254 53.33
7.7051 -0.9761 8.9849 43.81
10.1347 -1.7444 8.9820 36.17
3.0809 -0.4242 5.8484 53.40
7.1085 -1.4287 9.0156 45.79
10.2040 -1.2723 8.9625 36.12
3.0873 -0.2653 5.8193 53.36
7.1683 -1.0827 8.9996 45.75
9.3857 -1.8547 8.9867 38.11
9.4489 -2.2913 5.8581 24.74
6.5856 -1.4922 9.0165 47.73
9.4557 -1.4107 8.9645 38.06
9.4769 -1.8310 5.8148 24.69
6.6364 -1.1760 8.9832 47.67
8.7145 -1.9499 9.0158 40.07
9.5376 -2.5630 7.2457 30.53
6.5287 -1.6657 9.0093 47.75
8.8077 -1.5373 8.9970 39.98
11.6651 -2.5521 8.9983 32.35
6.1509 -1.2443 8.9881 49.61
8.0663 -2.0154 9.0002 41.96
8.7318 -2.5865 6.3754 28.61
6.9547 -1.9919 9.0252 45.86
9.3784 -1.9102 8.9917 38.11
9.4464 -2.3458 5.8650 24.75
7.0507 -1.6539 9.0207 45.83
9.0378 -2.5705 7.4090 32.44
6.0559 -1.6403 9.0160 49.70
8.4590 -2.7317 7.5521 34.44
5.5751 -1.7237 9.0205 51.64
7.5541 -1.7049 8.9909 43.88
9.3566 -2.5671 7.1384 30.51
6.5250 -1.7103 9.0174 47.75
8.2710 -2.5771 7.3836 34.38
5.5948 -1.6651 9.0185 51.62
7.6638 -2.6680 8.8538 42.07
10.7202 -2.8114 9.0195 34.32
5.6603 -1.3929 8.9926 51.58
8.9574 -2.6812 8.8485 38.21
9.4332 -3.2714 5.5866 22.90
7.5670 -2.5467 8.7260 42.03
10.3119 -3.9528 9.0439 34.49
5.4704 -2.0253 9.0330 51.68
8.8812 -2.5543 8.7578 38.19
9.4538 -3.1621 5.5811 22.91
7.8200 -2.5535 8.4466 40.14
11.1642 -4.1653 9.0330 32.50
5.8721 -2.1191 9.0019 49.76
8.2552 -3.3857 9.0465 40.18
8.8391 -2.8402 6.0687 26.72
7.3868 -2.3035 9.0094 43.96
8.1144 -2.9086 7.8103 36.32
5.1234 -1.7651 9.0205 53.56
7.0228 -2.7779 8.8527 44.03
10.9047 -4.8603 9.0575 32.53
5.7422 -2.5021 9.0401 49.81
8.2295 -2.8368 8.8477 40.13
12.0093 -4.7121 9.0563 30.60
6.2751 -2.3946 9.0179 47.85
9.4608 -4.0876 9.0684 36.38
4.9933 -2.0972 9.0347 53.61
7.0016 -3.3082 9.0505 44.07
10.3765 -3.9255 9.0577 34.42
5.4701 -2.0009 9.0199 51.67
6.8802 -2.8567 8.7611 44.06
10.8423 -5.0492 9.0804 32.56
5.5057 -2.5102 8.7944 49.83
7.9621 -4.0354 9.0660 40.24
11.9430 -4.9033 9.0730 30.64
6.2609 -2.5043 9.0535 47.87
9.3945 -4.2421 9.0700 36.38
4.9433 -2.1748 9.0204 53.64
6.9589 -3.4246 9.0664 44.09
9.7141 -5.2785 9.0804 34.58
4.9468 -2.6498 8.7806 51.77
8.1782 -3.5730 9.0524 40.19
11.6619 -5.6679 9.1113 30.65
5.9166 -2.8279 8.8580 47.90
8.4665 -4.4779 9.0710 38.35
9.4750 -5.5175 6.0295 23.02
5.8399 -3.3494 9.0658 47.95
8.6808 -4.0791 9.0730 38.32
9.4363 -4.9153 5.8875 23.01
6.4255 -3.2872 9.0565 46.02
8.8999 -5.0203 9.0238 36.45
4.5163 -2.5155 8.7344 53.74
8.1823 -5.0194 9.0965 38.38
9.4467 -4.8028 5.8667 22.99
6.4446 -3.2190 9.0349 45.99
8.9474 -4.9283 9.0165 36.43
4.6415 -2.5199 8.8738 53.69
8.2247 -4.9256 9.0864 38.38
8.9610 -5.8621 6.3775 25.01
6.5131 -4.2281 9.0910 44.15
9.7906 -5.2642 9.1014 34.51
4.9582 -2.6308 8.7803 51.77
7.1705 -4.1871 9.0698 42.23
10.1425 -6.4599 9.1452 32.64
5.2902 -3.3484 9.0640 49.91
7.9074 -5.4487 9.1054 38.41
9.4628 -5.4522 6.0097 23.02
6.2877 -3.5771 9.0747 46.03
9.4694 -5.8959 9.1418 34.56
4.9591 -3.0599 9.0628 51.81
7.4008 -4.9844 9.0873 40.33
10.5068 -7.6657 9.1721 30.78
5.4502 -3.9685 9.0871 48.01
9.4727 -5.7623 8.5381 32.62
5.3713 -3.2429 9.0663 49.86
8.0159 -5.2832 9.1025 38.40
11.4551 -8.1765 9.1515 28.81
5.8949 -4.1986 9.0968 46.11
8.1500 -6.2817 9.0947 36.53
4.2890 -3.3140 9.0830 53.79
6.5223 -4.1884 9.0751 44.14
8.9732 -6.2674 9.0037 34.59
4.7815 -3.3262 9.0645 51.84
6.6671 -5.0245 9.1074 42.23
10.9743 -8.9003 9.1954 28.86
5.6245 -4.5830 9.1133 46.12
8.9861 -6.1325 8.9533 34.57
4.8285 -3.2866 9.0828 51.83
6.7002 -4.9430 9.1013 42.28
10.1754 -8.1020 9.1789 30.80
5.2627 -4.1990 9.0848 48.05
8.4327 -7.2281 9.1381 34.68
4.4247 -3.8143 9.0886 51.88
6.7679 -4.8820 9.1089 42.25
9.5093 -7.4022 9.1646 32.66
4.9478 -3.8623 9.0820 49.93
7.9361 -6.6672 9.1507 36.54
4.1401 -3.4989 9.0751 53.77
7.7087 -6.9815 9.1797 36.56
4.0082 -3.6657 9.0980 53.82
6.1801 -4.7129 9.1015 44.18
10.0373 -8.2508 9.1609 30.78
5.2195 -4.3096 9.1166 48.02
8.9352 -7.9128 9.1012 32.71
4.6900 -4.1815 9.0976 49.98
8.7263 -8.3053 9.1840 32.75
4.5369 -4.3625 9.1014 49.96
8.0693 -6.5055 9.1482 36.53
4.2238 -3.4143 9.0929 53.78
6.7809 -5.8951 9.1459 40.38
9.1763 -8.5824 6.7339 23.14
6.5565 -6.1402 9.1490 40.41
7.6608 -7.7197 6.0166 23.16
6.3526 -6.3968 9.1651 40.38
11.7383 -9.9496 9.2204 26.96
5.9311 -5.0494 9.1200 44.20
9.3500 -8.5516 7.8395 26.97
5.7410 -5.2745 9.1338 44.23
8.8640 -8.7203 7.7255 27.00
5.5539 -5.4931 9.1437 44.23
8.3979 -8.8892 7.6137 26.98
5.3420 -5.6988 9.1401 44.23
9.5065 -8.5171 8.4456 28.88
5.3878 -4.8545 9.1074 46.12
9.2096 -8.8692 8.4603 28.89
5.2244 -5.0658 9.1382 46.15
8.2219 -8.5352 7.9437 28.90
5.0358 -5.2681 9.1411 46.14
9.4844 -10.5378 9.2259 28.90
4.8352 -5.4564 9.1443 46.15
9.0350 -8.5346 8.2614 28.88
5.2710 -5.0133 9.1299 46.13
8.5150 -8.6486 8.1023 28.90
5.0826 -5.2019 9.1323 46.16
8.1115 -8.8720 8.0370 28.90
4.8827 -5.3924 9.1253 46.14
9.2807 -10.8669 9.2875 28.90
4.6888 -5.5877 9.1455 46.16
8.6621 -8.6248 8.1499 28.89
5.1199 -5.1403 9.1168 46.16
9.4991 -10.1427 9.0733 28.90
4.9490 -5.3462 9.1435 46.16
9.3495 -10.7440 9.2626 28.90
4.7452 -5.5328 9.1463 46.17
9.4942 -11.7237 9.0661 26.99
4.8856 -6.1338 9.1633 44.24
7.6455 -8.0316 7.0330 26.98
5.3762 -5.6786 9.1470 44.22
9.4685 -10.6542 8.6456 26.99
5.1668 -5.8874 9.1643 44.25
9.4639 -11.4480 8.9566 27.01
4.9458 -6.0723 9.1550 44.24
9.1546 -11.9289 8.4056 25.08
5.0914 -6.7346 9.1916 42.32
9.4663 -10.4419 7.9618 25.05
5.6110 -6.2465 9.1558 42.31
9.4794 -11.2342 8.2512 25.08
5.3717 -6.4498 9.1586 42.34
9.3630 -11.9551 7.8528 23.16
5.5272 -7.1443 9.1817 40.43
8.7130 -11.9769 7.1024 21.25
5.6884 -7.9228 9.2188 38.48
9.4694 -11.0142 6.9908 21.23
6.2962 -7.3714 9.1818 38.49
9.4489 -11.8111 6.6428 19.34
6.5038 -8.1953 9.2142 36.56
3.3454 -4.3188 9.1157 53.82
6.5090 -8.8334 9.0204 34.66
3.4410 -4.7868 9.1308 51.91
5.9512 -8.7305 8.2046 32.72
3.5104 -5.2756 9.1237 49.98
7.6848 -9.4408 9.2467 32.72
3.9427 -4.9468 9.1222 49.96
7.9522 -10.5169 9.2791 30.84
4.0525 -5.4818 9.1519 48.06
8.2389 -11.7397 9.3101 28.91
4.1398 -6.0359 9.1483 46.13
7.7399 -11.9164 8.6103 26.98
4.2117 -6.6374 9.1640 44.24
9.2439 -11.9339 8.4268 25.06
5.1183 -6.7082 9.1852 42.31
8.5915 -11.9556 7.6569 23.17
5.2274 -7.3903 9.1881 40.41
7.9299 -11.9404 6.9084 21.23
5.3356 -8.1381 9.1961 38.49
7.3937 -12.0375 5.7468 17.41
5.8696 -9.6500 9.2481 34.71
2.9632 -5.0519 9.0612 51.90
7.2044 -9.8641 9.2690 32.72
3.6798 -5.1703 9.1371 49.96
7.4242 -10.9643 9.3006 30.81
3.7550 -5.7001 9.1514 48.06
7.4744 -11.9179 8.5442 27.01
4.1179 -6.7222 9.1837 44.24
6.9054 -11.9559 7.2548 23.16
4.4970 -7.9241 9.2143 40.38
8.3055 -11.9743 7.0038 21.23
5.5154 -8.0446 9.2171 38.49
7.7180 -12.0212 5.7947 17.40
6.0703 -9.5471 9.2477 34.65
3.0096 -4.8972 8.9285 51.91
6.7323 -11.4266 9.3062 30.81
3.3851 -5.9369 9.1549 48.09
6.4749 -11.9254 8.2732 26.97
3.6932 -7.0024 9.2004 44.22
7.8301 -11.9373 8.0369 25.05
4.5685 -7.1006 9.1778 42.31
7.2600 -11.9914 6.7918 21.26
5.0013 -8.3927 9.2194 38.48
6.6937 -12.0036 5.6176 17.39
4.8041 -8.7549 8.3213 34.65
2.7752 -5.2424 9.1477 51.91
6.0749 -11.9144 8.7532 28.88
3.2517 -6.6245 9.1863 46.13
7.3936 -11.9421 7.9260 25.05
4.4025 -7.2591 9.2150 42.31
6.8442 -12.0010 6.7099 21.25
4.7561 -8.4851 9.1803 38.48
6.3032 -12.0290 5.5633 17.38
3.1645 -6.2716 6.2692 34.64
2.6375 -5.3274 9.1557 51.90
5.6886 -11.9190 8.6559 28.87
2.9945 -6.5496 8.9935 46.13
6.9644 -11.9363 7.8169 25.05
3.9019 -6.8635 9.1849 44.22
6.4239 -11.9745 7.1500 23.13
4.2341 -8.0730 9.2169 40.39
5.9153 -12.0413 5.5074 17.37
4.9735 -10.2544 9.2825 34.63
2.4992 -5.4123 9.1636 51.88
5.3144 -11.9295 8.5750 28.88
2.9022 -6.8107 9.1951 46.12
6.5737 -11.9748 7.7387 25.04
4.0162 -7.4944 9.2151 42.30
6.0467 -12.0161 6.0360 19.31
4.6940 -9.4716 9.2605 36.54
2.3543 -5.0053 9.1503 53.80
3.1583 -7.1204 6.0294 30.81
2.7475 -6.3108 9.1781 48.06
4.9647 -11.9716 6.8710 23.13
3.4316 -8.4952 9.2242 40.34
6.1999 -12.0032 5.5426 17.39
3.1352 -6.3027 6.2772 34.64
2.4017 -4.9656 9.1319 53.79
3.2474 -7.1205 6.0465 30.78
2.8096 -6.2770 9.1661 48.03
5.0993 -11.9469 7.4133 25.03
3.2550 -7.8843 9.2190 42.29
4.6492 -12.0401 5.3393 17.36
4.0735 -10.7174 9.3098 34.60
2.0005 -5.6412 9.1558 51.83
5.7419 -11.9160 8.6697 28.88
3.0130 -6.5164 8.9686 46.12
5.2668 -11.9860 6.9246 23.11
3.5984 -8.4238 9.2341 40.37
4.7948 -12.0482 4.8802 15.45
4.5255 -11.5020 9.3180 32.68
2.2322 -6.0374 9.1793 49.94
4.2403 -11.9618 7.2537 24.98
2.7713 -8.1305 9.2487 42.25
5.4238 -12.0065 5.9258 19.28
4.2977 -9.6861 9.2709 36.53
2.1351 -5.1077 9.1408 53.78
3.1414 -7.9110 6.0571 28.86
2.6835 -6.9009 9.1885 46.12
4.4093 -12.0258 6.2811 21.16
3.1647 -8.8899 8.9062 38.42
3.9637 -12.0844 3.8883 11.61
3.8728 -11.9116 8.2503 28.82
2.1764 -7.1315 9.2124 46.07
5.0450 -12.0130 6.3763 21.19
3.6058 -8.7951 8.9748 38.44
4.5852 -12.0716 4.3866 13.50
4.4860 -11.9221 8.9542 30.75
2.3161 -6.5364 9.2022 48.00
4.0508 -12.0075 6.2228 21.15
3.0956 -9.4386 9.2920 38.41
3.6178 -12.0775 3.8613 11.60
3.5337 -11.9191 8.1955 28.82
1.9914 -7.2053 9.2219 46.06
4.6667 -11.9793 6.3055 21.18
3.3591 -8.8542 8.9375 38.42
4.2170 -12.0535 4.3506 13.50
4.1267 -11.9138 8.8657 30.73
2.1401 -6.5964 9.1920 47.99
3.7148 -12.0126 6.1876 21.17
2.8435 -9.5118 9.2801 38.40
3.2803 -12.0614 3.8263 11.55
3.2053 -11.9667 8.1593 28.79
1.8013 -7.2552 9.2142 46.06
4.3161 -11.9937 6.2577 21.17
3.1119 -8.9054 8.9006 38.41
3.8815 -12.0720 3.8805 11.61
3.8044 -11.9578 8.2702 28.85
2.1338 -7.1316 9.1995 46.08
3.3828 -12.0240 5.6612 19.22
2.8198 -10.3216 9.3032 36.47
1.3267 -5.4495 9.1712 53.72
2.8853 -11.9916 7.0652 24.94
1.9091 -8.4263 9.2538 42.19
4.0063 -12.0650 4.7975 15.41
3.8743 -11.7981 9.3456 32.68
1.8725 -6.1688 9.1615 49.89
3.4887 -11.9989 6.6468 23.07
2.3643 -8.5104 8.9160 40.32
3.0917 -12.1093 3.8236 11.54
2.9958 -11.9177 8.0892 28.75
1.6836 -7.2864 9.2132 46.06
2.5998 -12.0367 5.1176 17.26
2.3742 -11.3172 9.3264 34.52
1.0794 -5.9615 9.1665 51.72
3.6122 -11.9797 7.1606 24.97
2.3705 -8.2528 9.2320 42.23
3.1927 -12.0592 4.2733 13.49
3.1123 -11.9388 8.6814 30.69
1.6132 -6.7777 9.1944 47.94
2.7213 -12.0352 5.5961 19.19
2.2878 -10.5010 9.3143 36.42
1.0350 -5.5338 9.1686 53.67
2.2375 -11.9971 6.4932 23.00
1.4965 -8.6471 8.8342 40.27
3.3335 -12.0678 4.2806 13.47
3.2507 -11.9627 8.7294 30.73
1.6849 -6.7501 9.1922 47.97
2.8351 -12.0071 5.5968 19.19
2.3863 -10.4564 9.3152 36.47
1.0926 -5.5080 9.1517 53.67
2.3732 -12.0065 6.5090 23.00
1.6271 -8.8361 9.0113 40.26
1.9517 -11.9120 3.3018 9.60
1.9078 -11.9696 7.4524 26.81
1.1358 -8.0233 9.2495 44.03
2.9859 -12.0540 4.7009 15.37
2.8969 -11.8936 9.2067 32.63
1.3844 -6.3539 9.1924 49.85
2.5050 -12.0095 6.0485 21.13
1.9444 -9.7882 9.2781 38.32
2.1171 -12.1078 2.9077 7.66
2.0362 -11.9707 6.9549 24.89
1.3162 -8.4997 9.1897 42.14
1.6378 -11.9101 3.2882 9.58
1.5900 -11.9658 7.4233 26.81
0.9249 -8.0572 9.2490 44.03
2.6569 -12.0544 4.6747 15.35
2.5764 -11.9218 9.1690 32.62
1.2154 -6.3954 9.1876 49.83
2.1864 -12.0106 5.5377 19.15
1.8390 -10.5754 9.3014 36.44
0.8017 -5.5992 9.1780 53.64
1.7297 -11.9897 6.4407 22.96
1.1180 -8.6409 8.7591 40.23
1.3585 -12.1119 2.8808 7.62
1.2791 -11.9795 6.8921 24.85
0.7767 -8.5160 9.1157 42.09
2.3496 -12.0657 3.7734 11.52
2.2735 -11.9530 8.0216 28.77
1.2602 -7.4194 9.2279 45.99
1.8978 -12.0632 4.6286 15.33
1.8137 -11.9286 9.0601 32.57
0.8138 -6.5114 9.2199 49.80
1.4470 -12.0722 5.0534 17.22
1.3102 -11.5681 9.3428 34.46
0.5064 -6.0757 9.1713 51.68
0.9984 -12.0265 5.4697 19.11
0.8025 -10.8150 9.3280 36.32
0.2336 -5.6869 9.1757 53.59
1.9904 -12.0115 6.4697 22.96
1.3010 -8.6577 8.8027 40.24
1.5958 -12.0746 2.8874 7.65
1.5314 -11.9908 6.9185 24.87
0.9454 -8.5122 9.1514 42.16
1.1364 -11.9070 3.2641 9.53
1.0885 -11.9853 7.3825 26.75
0.5870 -8.1296 9.2659 43.99
0.7265 -12.0941 3.2865 9.52
0.6525 -11.9669 7.3517 26.75
0.2904 -8.1488 9.2517 43.97
1.7039 -12.0606 4.1716 13.39
1.6195 -11.9281 8.4707 30.64
0.7829 -6.9708 9.1926 47.88
1.2658 -12.0683 4.5916 15.28
1.1829 -11.9244 8.9861 32.53
0.4691 -6.5693 9.2193 49.76
0.8285 -12.0645 4.5631 15.22
0.7508 -11.9130 8.9328 32.47
0.2285 -6.5922 9.2126 49.74
0.3960 -12.0425 4.5428 15.19
0.3129 -11.8918 8.8866 32.43
-0.0169 -6.6289 9.2207 49.68
1.3723 -12.0386 5.0367 17.21
1.2466 -11.5992 9.3566 34.45
0.4679 -6.0900 9.1876 51.70
0.9263 -12.0340 5.4687 19.11
0.7408 -10.8276 9.3439 36.36
0.2007 -5.6925 9.1675 53.55
0.5020 -12.0470 5.4477 19.05
0.3549 -10.8847 9.3412 36.28
-0.0121 -5.7248 9.1846 53.53
0.0684 -12.0248 5.4257 19.02
-0.0400 -10.8890 9.3233 36.25
-0.2211 -5.7284 9.1792 53.52
1.0375 -12.0160 5.9251 21.00
0.7656 -10.0612 9.3185 38.24
0.6864 -12.1461 2.0326 3.74
0.6087 -12.0184 5.9036 20.97
0.4031 -10.1079 9.3151 38.19
0.2509 -12.1315 2.0226 3.71
0.1851 -12.0390 5.9006 20.97
0.0367 -10.1339 9.3216 38.19
-0.1709 -12.1798 1.6037 1.75
-0.2399 -12.0377 5.4224 19.00
-0.3221 -10.9287 9.3428 36.23
-0.3733 -5.7303 9.1743 53.50
0.7361 -12.0350 5.4540 19.07
0.5767 -10.8632 9.3405 36.29
0.1078 -5.7078 9.1798 53.56
0.3059 -12.0429 5.4438 19.06
0.1794 -10.8876 9.3459 36.31
-0.1019 -5.7344 9.1862 53.51
-0.1170 -12.0401 5.4254 19.00
-0.2094 -10.9099 9.3314 36.23
-0.3167 -5.7440 9.1876 53.48
-0.5380 -12.0381 4.9694 17.07
-0.6133 -11.7872 9.3671 34.28
-0.5333 -6.1788 9.1956 51.52
0.4390 -12.0659 4.9976 17.13
0.3445 -11.7130 9.3570 34.39
-0.0173 -6.1543 9.1981 51.63
0.0100 -12.0436 4.9787 17.10
-0.0741 -11.7441 9.3597 34.36
-0.2424 -6.1609 9.1841 51.58
-0.4095 -12.0154 4.5141 15.12
-0.4818 -11.9143 8.8771 32.38
-0.4695 -6.6351 9.2136 49.64
-0.8346 -12.0953 4.0977 13.18
-0.9044 -11.9392 8.3463 30.46
-0.7354 -7.1103 9.2106 47.67
0.1438 -12.0603 4.1049 13.26
0.0650 -11.9290 8.3534 30.53
-0.1403 -7.1102 9.2266 47.77
-0.2833 -12.0906 3.6847 11.36
-0.3511 -11.9183 7.8059 28.60
-0.3963 -7.6208 9.2241 45.82
-0.7021 -12.1259 3.2576 9.39
-0.7680 -11.9775 7.3068 26.61
-0.6951 -8.1896 9.2462 43.85
-1.1268 -12.1423 2.8318 7.43
-1.1961 -11.9961 6.8178 24.66
-1.0084 -8.5234 9.0343 41.90
-0.1395 -12.1141 2.4322 5.62
-0.1969 -12.0016 6.3491 22.86
-0.2959 -9.4175 9.2791 40.09
-0.5530 -12.1338 2.0074 3.64
-0.6271 -12.0342 5.8806 20.90
-0.6492 -10.1639 9.3176 38.10
-0.9837 -12.1532 1.5861 1.67
-1.0430 -12.0291 5.4105 18.93
-1.0598 -10.9432 9.3512 36.16
-0.7750 -5.7446 9.1900 53.40
-1.4592 -12.0629 4.5334 15.09
-1.5337 -11.9064 8.8798 32.27
-1.0686 -6.6322 9.2238 49.52
-0.4732 -12.0496 4.0949 13.23
-0.5499 -11.9213 8.3329 30.48
-0.5142 -7.1122 9.2160 47.72
-0.9026 -12.1122 3.6812 11.31
-0.9678 -11.9666 7.8154 28.50
-0.7980 -7.6485 9.2579 45.78
-1.3224 -12.1143 3.2485 9.33
-1.3851 -11.9630 7.3033 26.55
-1.0762 -7.6152 9.2360 45.75
-1.7467 -12.1009 2.8217 7.37
-1.8145 -11.9655 6.8163 24.60
-1.4551 -8.5059 9.0490 41.85
-0.7572 -12.1096 2.4215 5.56
-0.8127 -11.9868 6.3250 22.77
-0.7879 -9.4564 9.3073 40.03
-1.1720 -12.1272 1.9964 3.58
-1.2431 -11.9952 5.8649 20.85
-1.1770 -10.1506 9.3160 38.04
-1.5973 -12.1592 1.1653 -0.28
-1.6600 -12.0502 4.9739 16.98
-1.7176 -11.7539 9.3763 34.21
-1.1205 -6.1504 9.1948 51.43
-2.0772 -12.0535 4.0961 13.10
-2.1469 -11.9355 8.3854 30.35
-1.4867 -7.0832 9.2403 47.55
-1.0853 -12.0848 3.6731 11.29
-1.1537 -11.9589 7.8162 28.50
-0.9228 -7.6435 9.2477 45.73
-1.5101 -12.1405 2.8298 7.40
-1.5662 -11.9616 6.8182 24.66
-1.2896 -8.5292 9.0548 41.87
-1.9242 -12.1510 1.9899 3.52
-1.9832 -12.0122 5.8853 20.78
-1.8079 -10.0999 9.3222 38.01
-2.3450 -12.1541 1.1424 -0.38
-2.4072 -12.0381 4.9808 16.89
-2.4411 -11.6782 9.3746 34.13
-1.5117 -6.1028 9.1964 51.37
-1.4028 -12.0779 4.0994 13.17
-1.4778 -11.9543 8.3533 30.37
-1.0773 -7.1148 9.2345 47.62
-1.8192 -12.0959 3.2432 9.28
-1.8930 -11.9794 7.3335 26.53
-1.4713 -8.1581 9.2629 43.77
-2.2444 -12.1045 2.3955 5.38
-2.3108 -12.0003 6.3616 22.64
-1.8589 -8.7829 8.8082 39.90
-2.6699 -12.1307 1.5605 1.53
-2.7381 -12.0363 5.4497 18.77
-2.5886 -10.8037 9.3589 36.01
-1.5886 -5.6430 9.1714 53.24
-1.7269 -12.0664 4.5333 15.05
-1.7928 -11.9248 8.9106 32.28
-1.1877 -6.4461 9.0177 49.50
-2.1506 -12.0953 3.6713 11.17
-2.2112 -11.9495 7.8481 28.39
-1.5964 -7.5720 9.2366 45.65
-2.5756 -12.1271 2.8245 7.29
-2.6409 -12.0017 6.8713 24.52
-2.0536 -8.5173 9.1229 41.77
-3.0077 -12.1337 1.9734 3.40
-3.0713 -12.0239 5.9404 20.69
-2.7005 -9.9802 9.3276 37.89
-1.9833 -12.1295 1.5672 1.58
-2.0531 -12.0282 5.4238 18.84
-1.9739 -10.9056 9.3715 36.07
-1.2386 -5.5510 8.9827 53.32
-2.4673 -12.0505 4.5427 14.98
-2.5354 -11.8997 8.9483 32.22
-1.6259 -6.5572 9.2160 49.45
-2.9047 -12.0931 3.6792 11.09
-2.9641 -11.9563 7.8984 28.29
-2.0745 -7.5076 9.2517 45.60
-3.3461 -12.1143 2.8208 7.19
-3.4118 -11.9838 6.9227 24.45
-2.6077 -8.5130 9.2124 41.70
-2.3087 -12.1429 1.9788 3.46
-2.3770 -12.0117 5.8924 20.72
-2.1313 -10.0837 9.3435 37.98
-2.7355 -12.1351 1.1424 -0.38
-2.7983 -12.0422 4.9945 16.85
-1.7972 -6.8587 6.0782 34.10
-1.7127 -6.0871 9.2158 51.33
-3.2313 -12.0560 4.1178 12.97
-3.3046 -11.9337 8.4791 30.22
-2.1574 -6.9693 9.2385 47.44
-3.6821 -12.1059 3.2635 9.10
-3.7481 -11.9849 7.4726 26.34
-2.6954 -7.9505 9.2653 43.58
-2.6385 -12.1220 2.4020 5.38
-2.6943 -12.0214 6.3986 22.64
-2.1460 -8.7716 8.8389 39.88
-3.0699 -12.1379 1.5600 1.52
-3.1296 -12.0094 5.4578 18.72
-1.8610 -6.3055 6.0418 35.95
-1.7766 -5.6269 9.1992 53.21
-3.5604 -12.0302 4.5651 14.83
-3.6301 -11.9108 9.0703 32.09
-2.2104 -6.4465 9.2233 49.35
-4.0135 -12.0629 3.7018 10.98
-4.0796 -11.9352 8.0176 28.21
-2.7411 -7.3602 9.2556 45.48
-2.9546 -12.0979 2.8205 7.25
-3.0234 -11.9607 6.8860 24.51
-2.3303 -8.4939 9.1478 41.74
-3.4035 -12.1599 1.9774 3.39
-3.4670 -12.0188 5.9503 20.59
-3.0136 -9.9133 9.3187 37.83
-3.8596 -12.1901 1.1189 -0.48
-3.9126 -12.0522 5.0564 16.75
-3.8271 -11.3924 9.3657 34.00
-2.2532 -5.9620 9.2140 51.23
-4.3549 -12.0383 4.1564 12.85
-4.4234 -11.9167 8.6186 30.10
-2.7731 -6.8022 9.2272 47.32
-3.2960 -12.0981 3.2582 9.15
-3.3591 -11.9363 7.4133 26.39
-2.4543 -8.0124 9.2677 43.61
-3.7414 -12.1300 2.3998 5.26
-3.8020 -11.9845 6.4583 22.50
-2.9795 -8.8247 9.0137 39.74
-4.2031 -12.1675 1.5401 1.39
-4.2542 -12.0373 5.5442 18.62
-3.8757 -10.5327 9.3731 35.88
-2.2817 -5.4924 9.1921 53.11
-4.7129 -12.0515 4.6404 14.74
-4.7759 -11.8874 9.2433 31.98
-2.7934 -6.2934 9.2409 49.24
-3.6293 -12.0781 3.6966 11.03
-3.6933 -11.9493 7.9874 28.28
-2.5159 -7.4251 9.2561 45.50
-4.0886 -12.1155 2.8389 7.16
-4.1392 -11.9686 6.9875 24.38
-3.1239 -8.4355 9.2687 41.67
-4.5415 -12.1346 1.9687 3.27
-4.6006 -12.0146 6.0564 20.53
-3.8909 -9.6947 9.3393 37.75
-5.0200 -12.1776 1.0904 -0.59
-5.0762 -12.0492 5.1347 16.61
-4.8367 -11.1328 9.3875 33.87
-2.7903 -5.7993 9.2082 51.06
-3.9706 -12.0709 4.1518 12.91
-4.0387 -11.9297 8.5717 30.15
-2.5554 -6.8529 9.2229 47.39
-4.4284 -12.1034 3.2808 9.03
-4.4953 -11.9670 7.5515 26.26
-3.1623 -7.8300 9.2719 43.50
-4.8880 -12.0892 2.4075 5.16
-4.9577 -11.9886 6.5783 22.38
-3.8019 -8.7067 9.1153 39.64
-5.3930 -12.1813 1.5241 1.28
-5.4402 -12.0237 5.6512 18.51
-4.7878 -10.1965 9.3395 35.73
-2.7728 -5.3280 9.1882 52.96
-4.3272 -12.0762 4.6231 14.78
-4.3817 -11.9141 9.1976 32.04
-2.5856 -6.3343 9.2056 49.25
-4.7869 -12.0794 3.7436 10.94
-4.8482 -11.9518 8.1506 28.17
-3.1667 -7.2243 9.2470 45.39
-5.2585 -12.0986 2.8558 7.03
-5.3268 -11.9836 7.1438 24.26
-3.8723 -8.2183 9.2750 41.50
-5.7580 -12.1345 1.9652 3.15
-5.8234 -12.0233 6.1983 20.40
-4.7480 -9.3960 9.3407 37.62
-4.6083 -12.1707 1.0987 -0.56
-4.6598 -12.0231 5.0957 16.66
-4.4967 -11.2417 9.3886 33.92
-2.6072 -5.8554 9.2147 51.16
-5.1402 -12.0464 4.2024 12.78
-5.2130 -11.9351 8.7587 30.00
-3.1756 -6.6768 9.2403 47.25
-5.6355 -12.1042 3.3228 8.92
-5.6841 -11.9491 7.7229 26.13
-3.8531 -7.5883 9.2696 43.37
-6.1285 -12.1168 2.4249 5.04
-6.2037 -11.9903 6.7476 22.25
-4.6088 -8.4940 9.1964 39.53
-4.9593 -12.1381 1.5249 1.30
-5.0290 -12.0291 5.6093 18.55
-4.4773 -10.3350 9.3558 35.77
-2.6017 -5.3820 9.1839 53.03
-5.5051 -12.0633 4.7055 14.69
-5.5494 -11.8682 9.3955 31.92
-3.1545 -6.1498 9.2223 49.14
-6.0090 -12.0915 3.7986 10.78
-6.0630 -11.9481 8.3467 27.99
-3.8086 -6.9805 9.2523 45.29
-6.4174 -11.8732 3.3160 8.81
-6.5846 -11.9448 7.8863 26.04
-4.3176 -7.3611 9.2559 43.31
-5.3287 -12.0987 2.4147 5.13
-5.3738 -11.9678 6.6193 22.32
-4.0435 -8.5186 9.0350 39.59
-5.8351 -12.1538 1.5199 1.25
-5.8906 -12.0193 5.6944 18.45
-5.1225 -10.0873 9.3489 35.67
-2.9450 -5.2536 9.1897 52.93
-6.3941 -12.0496 4.7665 14.55
-6.2997 -11.5978 9.4064 31.81
-3.5363 -5.9740 9.2115 49.07
-6.9327 -12.0624 4.3351 12.61
-6.9944 -11.9177 9.1488 29.86
-4.0026 -6.3155 9.2331 47.07
-5.7116 -12.0938 3.3254 8.91
-5.7777 -11.9516 7.7434 26.13
-3.8988 -7.5656 9.2780 43.41
-6.2385 -12.1659 2.4229 5.00
-6.2776 -11.9805 6.7608 22.26
-4.6762 -8.5068 9.2232 39.51
-6.7449 -12.1309 1.9662 3.05
-6.7878 -11.9758 6.3157 20.31
-5.2396 -8.8487 9.1116 37.53
-7.2994 -12.1517 1.4951 1.09
-7.3701 -12.0388 5.8909 18.32
-6.0979 -9.6120 9.3386 35.55
-3.4606 -4.9868 9.1750 52.82
-6.1105 -12.0566 4.7533 14.62
-6.0635 -11.6923 9.4129 31.87
-3.4206 -6.0473 9.2283 49.07
-6.6433 -12.0773 4.3140 12.64
-6.6908 -11.9084 9.0599 29.86
-3.8673 -6.3721 9.2273 47.11
-7.1814 -12.0975 3.8734 10.67
-7.2240 -11.9324 8.5910 27.87
-4.3498 -6.7068 9.2374 45.18
-7.6224 -11.8965 3.3929 8.74
-7.8070 -11.9585 8.1624 25.96
-4.9017 -7.0728 9.2604 43.18
-6.4544 -12.1169 2.4319 5.02
-6.4842 -11.9559 6.7766 22.21
-4.8462 -8.5021 9.2775 39.48
-6.9950 -12.1529 1.9704 3.04
-7.0515 -12.0013 6.3639 20.29
-5.3917 -8.7977 9.1298 37.52
-7.5512 -12.1414 1.4870 1.05
-7.5989 -12.0046 5.9143 18.30
-6.2540 -9.5361 9.3421 35.52
-3.5586 -4.9615 9.2001 52.76
-8.1857 -12.0227 5.4794 16.35
-7.0664 -10.0696 9.3599 33.57
-3.9710 -5.2140 9.1847 50.77
-6.8796 -12.0482 4.8190 14.53
-6.6704 -11.4132 9.4088 31.79
-3.7368 -5.8891 9.2185 49.00
-7.4445 -12.0739 4.3806 12.56
-7.4877 -11.8975 9.2704 29.83
-4.2005 -6.1933 9.2196 47.03
-7.9892 -12.0537 3.9244 10.60
-8.0552 -11.9258 8.7917 27.80
-4.7107 -6.5203 9.2507 45.10
-8.4569 -11.8637 3.4381 8.66
-8.6775 -11.9539 8.3645 25.87
-5.2632 -6.8331 9.2414 43.10
-7.2460 -12.1116 2.9152 6.84
-7.3064 -11.9583 7.4712 24.06
-4.9668 -7.7077 9.2598 41.32
-7.8268 -12.1303 2.4490 4.85
-7.8907 -11.9904 7.0422 22.11
-5.6088 -8.1430 9.3004 39.36
-8.4067 -12.1213 1.9719 2.90
-8.4700 -11.9960 6.5993 20.16
-6.2647 -8.5081 9.2578 37.38
-9.0492 -12.1271 1.9760 2.85
-9.1121 -11.9950 6.7181 20.10
-6.6111 -8.3517 9.2961 37.32
-7.6414 -12.1444 1.4943 1.07
-7.6966 -11.9979 5.9269 18.29
-6.2970 -9.4896 9.3347 35.54
-3.5776 -4.9319 9.1814 52.77
-8.2866 -12.0277 5.4906 16.32
-7.1257 -10.0320 9.3628 33.58
-4.0075 -5.2027 9.2060 50.79
-8.9267 -12.0471 5.5910 16.29
-7.5198 -9.8400 9.3888 33.52
-4.2023 -5.0847 9.2038 50.71
-9.5755 -12.0422 5.6767 16.20
-7.8534 -9.5705 9.3591 33.45
-4.3865 -4.9424 9.1920 50.67
-8.1173 -12.0403 4.9496 14.42
-7.5525 -10.9344 9.3997 31.68
-4.1975 -5.6262 9.2084 48.89
-8.7372 -12.0661 4.5026 12.45
-8.5886 -11.6175 9.4247 29.67
-4.6936 -5.9092 9.2275 46.92
-9.3723 -12.0668 4.5727 12.40
-8.9977 -11.3264 9.4213 29.65
-4.9043 -5.7524 9.2211 46.89
-10.0582 -12.0736 4.6450 12.33
-9.4102 -11.0426 9.4259 29.61
-5.1183 -5.5996 9.2137 46.80
-8.5469 -12.0827 3.9770 10.56
-8.5877 -11.9070 8.9437 27.81
-4.9089 -6.3710 9.2166 45.02
-9.1926 -12.0837 4.0373 10.53
-9.2263 -11.9030 9.1216 27.77
-5.1485 -6.2262 9.2300 44.98
-9.8312 -12.0589 4.0750 10.42
-9.8747 -11.8904 9.3066 27.71
-5.3851 -6.0683 9.2426 44.95
-10.3237 -11.8006 4.0858 10.39
-10.2875 -11.5319 9.2685 27.62
-5.6037 -5.8911 9.2221 44.85
-8.9724 -12.0406 4.0052 10.52
-9.0500 -11.9159 9.0753 27.77
-5.0969 -6.2851 9.2465 44.98
-9.6585 -12.0664 4.0760 10.49
-9.7233 -11.9252 9.2758 27.73
-5.3135 -6.1082 9.2274 44.94
-10.3047 -12.0214 4.1179 10.40
-10.2853 -11.7781 9.3586 27.60
-5.5347 -5.9311 9.2211 44.90
-10.3205 -11.1826 4.5156 12.27
-9.9620 -10.5692 9.3885 29.50
-5.4106 -5.3575 9.2109 46.75
-9.4595 -12.0444 4.5724 12.38
-9.0444 -11.2654 9.4068 29.64
-4.9396 -5.7324 9.2169 46.85
-10.1341 -12.0225 4.6535 12.36
-9.4713 -10.9788 9.4051 29.56
-5.1438 -5.5698 9.2076 46.81
-10.3242 -11.4022 4.5570 12.29
-9.8454 -10.6451 9.3805 29.51
-5.3386 -5.3964 9.1922 46.76
-10.3357 -10.6161 4.9323 14.14
-9.4697 -9.4895 9.3447 31.40
-5.2098 -4.8642 9.1880 48.61
-9.9603 -12.0240 5.1791 14.27
-8.6774 -10.2084 9.3866 31.49
-4.7859 -5.2289 9.2088 48.74
-10.2968 -11.5916 5.1361 14.23
-9.0047 -9.8717 9.3444 31.45
-4.9647 -5.0607 9.1824 48.69
-10.3188 -10.7899 5.4978 16.07
-8.3939 -8.5096 9.0140 33.31
-4.8444 -4.5616 9.1739 50.53
-10.3143 -10.0196 5.8380 17.91
-8.4341 -7.9424 9.3039 35.15
-4.7016 -4.0840 9.1534 52.40
-10.3013 -11.7885 6.2990 18.04
-7.7120 -8.4987 9.2843 35.28
-4.3313 -4.3996 9.1533 52.53
-10.3261 -10.9810 6.6531 19.92
-7.5173 -7.6752 9.2884 37.14
-10.3215 -10.3780 2.3765 4.53
-10.2945 -10.1698 6.9640 21.77
-6.7272 -6.3251 8.6136 39.00
-10.3298 -9.6540 2.8008 6.41
-9.7553 -8.9221 6.9640 23.65
-7.0487 -6.1735 9.2302 40.88
-10.3299 -11.3405 2.9686 6.52
-10.2878 -11.0973 7.8431 23.75
-6.5055 -6.6736 9.2425 41.00
-10.1226 -10.3243 3.3432 8.39
-10.2882 -10.2987 8.1541 25.61
-6.3393 -6.0180 9.2338 42.86
-10.3331 -9.8112 3.7821 10.25
-9.2395 -8.5684 7.7264 27.50
-6.1555 -5.4026 9.2096 44.70
-10.1037 -8.9124 4.0921 12.12
-9.8560 -8.5057 8.4746 29.35
-5.9404 -4.8229 9.1705 46.58
-10.3188 -10.6857 4.9434 14.14
-8.7967 -8.8676 8.7729 31.35
-5.1924 -4.8864 9.1947 48.62
-10.3141 -9.9290 5.2993 16.00
-9.0723 -8.4969 9.2942 33.23
-5.0232 -4.3680 9.1524 50.50
-10.0227 -8.9646 5.5204 17.86
-8.7007 -7.5594 9.2328 35.08
-4.8870 -3.9117 9.1678 52.36
-10.2972 -8.5426 6.4764 21.62
-7.8857 -6.2969 9.2502 38.88
-10.3254 -10.2325 2.8545 6.44
-10.2859 -10.0152 7.4706 23.67
-6.7202 -6.2316 9.0713 40.92
-10.3246 -9.5166 3.2592 8.31
-9.4258 -8.4816 7.2246 25.53
-6.6537 -5.7166 9.2254 42.78
-10.1355 -8.6788 3.6031 10.20
-10.1541 -8.5379 8.0411 27.42
-6.4417 -5.1132 9.2054 44.62
-10.3231 -8.2034 4.4625 13.93
-10.2831 -7.9989 9.0272 31.19
-5.8192 -4.2231 9.1580 48.41
-10.2905 -9.5972 5.2214 15.98
-9.2352 -8.3943 9.3165 33.20
-5.1127 -4.3114 9.1642 50.43
-9.9766 -8.6425 5.4387 17.86
-8.7430 -7.3514 9.1511 35.06
-4.9367 -3.8342 9.1347 52.31
-10.3166 -8.3008 6.4172 21.61
-7.9809 -6.1696 9.2372 38.85
-10.3099 -7.8222 3.0607 8.16
-10.3023 -7.6591 7.2455 25.38
-7.1917 -5.0970 9.2012 42.64
-10.1012 -9.0010 3.6333 10.18
-9.7949 -8.5480 7.9140 27.45
-6.3114 -5.2132 9.1933 44.69
-10.3156 -8.5392 4.5283 13.99
-10.2816 -8.3359 9.1623 31.21
-5.7345 -4.3301 9.1701 48.45
-10.3186 -7.9141 5.3376 17.73
-9.3415 -6.9706 9.2711 34.96
-5.1833 -3.5571 9.1381 52.24
-10.3099 -7.3077 6.1502 21.53
-8.3685 -5.7213 9.2340 38.75
-10.2539 -8.7131 2.7012 6.32
-10.2845 -8.5865 7.0065 23.55
-7.3403 -5.8633 9.2158 40.80
-10.3148 -8.1378 3.5471 10.12
-10.3020 -7.9411 8.4266 29.24
-6.2238 -4.5101 9.1615 46.48
-10.3086 -7.5115 4.7880 15.78
-10.2329 -7.2935 9.2933 33.03
-5.6264 -3.7119 9.1332 50.25
-10.3104 -6.9445 5.5986 19.62
-9.1164 -5.9510 9.2454 36.80
-10.3406 -8.3478 2.6724 6.28
-9.7849 -7.7372 6.5902 23.50
-7.5266 -5.7148 9.2458 40.76
-10.3118 -7.7201 3.4905 10.08
-10.2668 -7.5245 7.7239 27.32
-6.7923 -4.7168 9.2046 44.53
-10.3164 -7.1443 4.2752 13.83
-10.2757 -6.9546 8.5984 31.05
-6.1088 -3.8628 9.1543 48.32
-10.3007 -6.5758 5.0448 17.58
-9.9624 -6.2054 9.2701 34.83
-5.5168 -3.1575 9.1495 52.07
-10.3211 -7.7815 6.2750 21.56
-8.1813 -5.9453 9.2339 38.80
-10.3365 -7.3473 3.0096 8.10
-10.2989 -7.1698 7.0896 25.33
-7.3640 -4.8921 9.1952 42.57
-10.2971 -6.7594 3.7825 11.88
-10.2899 -6.6158 7.9409 29.10
-6.6253 -4.0107 9.1606 46.35
-10.3031 -6.2318 4.5452 15.63
-10.2826 -6.0766 8.8300 32.88
-5.9670 -3.2613 9.1368 50.11
-10.3297 -7.4052 5.6985 19.61
-8.7541 -6.0647 9.0811 36.82
-10.3427 -6.9823 2.5554 6.16
-10.3161 -6.8320 6.5031 23.38
-7.9940 -5.0728 9.1987 40.61
-10.1276 -6.2997 3.2884 9.95
-10.2880 -6.2786 7.3236 27.18
-7.1926 -4.1516 9.1730 44.37
-10.3108 -5.8887 4.4875 15.59
-10.2995 -5.7442 8.7163 32.84
-5.3742 -2.7339 8.1959 50.07
-10.3074 -7.0017 5.5972 19.57
-9.1004 -5.9850 9.2502 36.80
-10.3438 -6.6101 2.5240 6.12
-10.2887 -6.4467 6.3896 23.34
-8.1635 -4.9046 9.2289 40.57
-10.3080 -6.0486 3.6851 11.80
-10.2772 -5.9004 7.6982 29.02
-6.8400 -3.6974 9.1532 46.26
-10.2842 -5.5238 4.8360 17.45
-10.2857 -5.3913 9.1332 34.70
-5.6363 -2.6971 8.9422 51.92
-10.2976 -6.6047 5.9629 21.44
-8.6293 -5.3431 9.2102 38.67
-10.3068 -6.2110 2.8884 7.98
-10.2720 -6.0552 6.7528 25.20
-7.7562 -4.3674 9.1984 42.45
-10.3090 -5.7010 4.0441 13.66
-10.2869 -5.5488 8.1033 30.89
-6.5003 -3.2728 9.1343 48.16
-10.2813 -5.1882 5.2004 19.35
-9.8596 -4.8249 9.2262 36.60
-10.3381 -6.3804 2.4998 6.07
-10.3028 -6.2352 6.3361 23.30
-8.2195 -4.7744 9.2042 40.55
-10.2794 -5.8241 3.6530 11.79
-10.2858 -5.6951 7.6374 29.00
-6.9203 -3.6071 9.1721 46.24
-10.3295 -5.3551 4.8231 17.46
-10.3062 -5.2072 9.0765 34.68
-5.6054 -2.5727 8.8428 51.95
-10.3067 -4.8508 6.0114 23.16
-8.6724 -3.9142 9.1431 40.39
-10.2962 -5.9727 3.6698 11.78
-10.2824 -5.8325 7.6783 29.01
-6.8839 -3.6691 9.1730 46.24
-10.2924 -5.4597 4.8375 17.50
-10.3007 -5.3208 9.1166 34.70
-5.6580 -2.6691 8.9555 51.94
-10.2848 -4.9649 6.0235 23.16
-8.6854 -4.0209 9.1919 40.39
-10.3397 -4.6354 3.5149 11.63
-10.3018 -4.4967 7.3032 28.86
-6.7609 -2.7507 8.5818 46.10
-10.3064 -5.6009 4.8590 17.48
-10.2630 -5.4284 9.1352 34.71
-5.6152 -2.7125 8.9384 51.96
-10.2972 -5.0971 6.0585 23.18
-8.6293 -4.0933 9.1832 40.41
-10.2883 -4.7261 3.5152 11.64
-10.2744 -4.6057 7.3147 28.86
-6.9590 -2.9186 8.8452 46.11
-8.7993 -3.6091 4.1251 17.33
-10.2671 -4.1411 8.6947 34.54
-6.0394 -2.2123 9.0989 51.76
-10.3020 -5.2222 6.0864 23.18
-8.5893 -4.1782 9.1918 40.43
-10.3036 -4.8579 3.5358 11.67
-10.3062 -4.7382 7.3661 28.88
-6.3641 -2.7139 8.1968 46.12
-10.2990 -4.3966 4.6542 17.34
-10.2925 -4.2705 8.7498 34.56
-6.0037 -2.2577 9.1000 51.84
-10.3018 -3.9416 5.8144 23.01
-8.7864 -3.2102 8.9580 40.28
-10.3375 -5.0027 3.5533 11.66
-10.2839 -4.8555 7.3872 28.89
-6.3072 -2.7565 8.1639 46.12
-10.3195 -4.5220 4.6846 17.38
-10.2553 -4.3616 8.7578 34.58
-5.9776 -2.3150 9.0942 51.82
-10.3015 -4.0581 5.8394 23.04
-8.7456 -3.2885 8.9493 40.27
-9.7804 -3.5220 3.2964 11.51
-10.2795 -3.6048 7.0728 28.74
-7.4893 -2.4521 9.1346 45.98
-10.3222 -4.6467 4.6979 17.36
-10.2869 -4.4949 8.8209 34.59
-5.9635 -2.3739 9.1132 51.84
-8.7964 -3.5241 5.1650 23.06
-8.7238 -3.3742 8.9660 40.29
-9.7743 -3.6220 3.3042 11.52
-10.2948 -3.7249 7.1037 28.74
-7.4364 -2.5123 9.1087 45.99
-9.7075 -3.1914 4.3128 17.19
-9.1315 -2.8907 7.6262 34.43
-6.2162 -1.7838 9.0967 51.67
-10.2960 -4.2867 5.8808 23.06
-8.7449 -3.4828 9.0240 40.31
-10.3291 -3.9594 3.4404 11.55
-10.2910 -3.8329 7.1271 28.76
-7.2578 -2.5204 8.9408 46.00
-9.7090 -3.3014 4.3313 17.22
-9.1060 -2.9802 7.6328 34.44
-6.1968 -1.8362 9.1065 51.72
-10.0095 -2.9947 5.5422 22.93
-8.9694 -2.5530 8.8870 40.16
-10.3285 -4.0783 3.4473 11.54
-10.2822 -3.9492 7.1498 28.77
-7.1512 -2.5537 8.8518 46.01
-9.7181 -3.4072 4.3527 17.26
-10.2695 -3.4953 8.5085 34.46
-6.1854 -1.8991 9.1146 51.70
-10.2993 -3.1989 5.6841 22.92
-8.6179 -2.5313 8.5975 40.16
-10.1197 -2.8267 3.2941 11.40
-9.6447 -2.5867 6.5398 28.63
-7.6547 -1.9068 9.0938 45.86
-9.7605 -3.5323 4.3751 17.24
-10.2995 -3.6180 8.5619 34.48
-6.1582 -1.9529 9.1099 51.72
-10.2869 -3.3052 5.6974 22.94
-9.0053 -2.7486 8.9711 40.18
-10.0761 -2.9095 3.6487 13.31
-9.3822 -2.5941 6.8209 30.53
-7.1621 -1.8253 9.1006 47.81
-8.8060 -2.1640 4.2715 19.06
-10.2644 -2.4514 8.7746 36.25
-10.3495 -3.5189 2.6577 7.62
-10.3029 -3.4058 6.1456 24.87
-8.2501 -2.5667 8.8234 42.13
-10.0798 -3.0160 3.6642 13.35
-9.5527 -2.7498 6.9521 30.57
-7.1453 -1.8910 9.1035 47.81
-8.8130 -2.2532 4.2753 19.03
-10.1566 -2.5240 8.7127 36.25
-10.3295 -2.3668 2.5832 7.48
-10.2935 -2.2641 5.9554 24.71
-8.7415 -1.7925 9.0155 41.97
-10.3001 -3.1909 3.7249 13.34
-9.5765 -2.8578 6.9795 30.55
-7.1278 -1.9573 9.1093 47.82
-8.8151 -2.3487 4.2868 19.04
-9.8458 -2.5378 8.4990 36.26
-10.3084 -2.4689 2.5899 7.51
-10.3031 -2.3762 5.9752 24.72
-8.7412 -1.8791 9.0303 41.96
-10.3142 -2.0702 3.6279 13.18
-10.2851 -1.9680 7.2235 30.44
-7.3246 -1.2467 9.0839 47.66
-8.8010 -2.4291 4.2927 19.05
-9.6362 -2.5723 8.3641 36.29
-10.3240 -2.5714 2.5949 7.51
-10.2885 -2.4666 5.9812 24.73
-8.7477 -1.9654 9.0592 41.98
-10.2993 -2.1717 3.6325 13.20
-10.2967 -2.0705 7.2378 30.42
-7.3298 -1.3184 9.1074 47.67
-9.2505 -1.5768 4.3555 18.95
-10.2621 -1.6699 8.6189 36.14
-10.3055 -2.6708 2.5959 7.51
-10.3020 -2.5809 6.0055 24.75
-8.6990 -2.0362 9.0429 42.02
-10.3180 -2.2796 3.6495 13.23
-10.2783 -2.1743 7.2492 30.46
-7.2938 -1.3799 9.0902 47.70
-9.0988 -1.6345 4.3014 18.91
-10.2685 -1.7694 8.6376 36.14
-10.3139 -1.5756 2.5397 7.37
-10.2925 -1.4843 5.8574 24.59
-8.7680 -1.1446 8.8999 41.86
-10.3238 -2.3803 3.6546 13.22
-10.2918 -2.2812 7.2657 30.43
-7.2858 -1.4484 9.1009 47.71
-9.2588 -1.7631 4.3657 18.92
-10.2661 -1.8678 8.6529 36.15
-10.3162 -1.6799 2.5484 7.40
-10.2840 -1.5890 5.8675 24.61
-8.7543 -1.2266 8.8963 41.85
-10.2937 -1.2896 3.5674 13.06
-10.2975 -1.2004 7.1279 30.34
-7.4360 -0.7253 9.0843 47.56
-9.2417 -1.8449 4.3686 18.94
-10.2829 -1.9675 8.6858 36.17
-10.3507 -1.7815 2.5547 7.40
-10.2741 -1.6781 5.8721 24.62
-8.7344 -1.3052 8.8949 41.87
-10.3228 -1.3958 3.5831 13.09
-10.2714 -1.2939 7.1153 30.31
-7.4218 -0.7931 9.0874 47.59
-9.3686 -0.9030 4.3413 18.85
-6.6936 -0.5307 5.9008 36.03
-10.3211 -1.8768 2.5531 7.40
-10.3064 -1.7799 6.3238 26.58
-8.3840 -1.3131 9.1078 43.82
-10.3050 -1.4803 3.9442 15.01
-10.2892 -1.3844 7.5999 32.25
-6.9242 -0.7815 9.0599 49.52
-10.3021 -1.1029 5.0340 20.70
-10.2822 -0.9938 9.0627 37.96
-9.7208 -0.7476 2.7557 9.18
-10.2908 -0.7218 6.2040 26.41
-8.5159 -0.4739 9.0850 43.66
-10.3183 -1.5807 3.9551 15.03
-10.3073 -1.4887 7.6251 32.26
-6.9523 -0.8489 9.0948 49.49
-10.2838 -1.1952 5.0413 20.75
-10.2738 -1.0970 9.0678 37.97
-9.7166 -0.8352 2.7633 9.22
-10.3051 -0.8217 6.2258 26.45
-8.5122 -0.5504 9.0859 43.65
-10.3073 -0.5197 3.8887 14.87
-10.2939 -0.4347 7.5097 32.12
-7.0082 -0.1560 9.0453 49.36
-10.3097 -1.2960 5.0550 20.74
-10.2635 -1.1923 9.0726 37.98
-9.7155 -0.9307 2.7659 9.23
-10.3137 -0.9128 6.2392 26.47
-8.5050 -0.6323 9.0935 43.68
-10.3231 -0.6224 3.8998 14.90
-10.2897 -0.5352 7.5162 32.14
-7.0231 -0.2252 9.0703 49.37
-10.2840 -0.2449 4.9778 20.59
-9.7241 -0.1242 9.0696 39.77
-10.1111 -1.0662 3.1699 11.13
-9.7629 -0.9435 6.3665 28.36
-7.9698 -0.6422 9.0962 45.60
-10.2901 -0.7100 4.2626 16.85
-10.2730 -0.6151 7.9850 34.06
-6.5656 -0.2465 9.0597 51.30
-10.2927 -0.3339 5.3738 22.52
-9.7391 -0.2149 9.0827 39.76
-10.1321 -0.0349 3.1372 11.00
-10.2716 0.0432 6.5804 28.24
-8.0000 0.1466 9.0522 45.48
-10.2869 -0.8108 4.2603 16.83
-10.3094 -0.7164 8.0191 34.07
-6.5427 -0.3047 9.0405 51.32
-10.3052 -0.4337 5.3844 22.54
-9.7215 -0.3041 9.0768 39.78
-10.0960 -0.1258 3.1326 11.01
-10.2761 -0.0559 6.5826 28.23
-8.0003 0.0718 9.0569 45.49
-10.3051 0.2390 4.2243 16.69
-10.2738 0.3172 7.9348 33.93
-6.5957 0.3357 9.0507 51.18
-10.2946 -0.5284 5.3867 22.56
-9.7155 -0.3977 9.0808 39.80
-10.1063 -0.2239 3.1397 11.04
-10.2888 -0.1506 6.5935 28.25
-7.9953 0.0001 9.0535 45.49
-10.3016 0.1363 4.2290 16.72
-10.2837 0.2187 7.9429 33.94
-6.5780 0.2793 9.0384 51.22
-8.7860 0.4585 4.7313 22.44
-9.7335 0.5763 9.0554 39.67
-10.1314 -0.3244 3.1417 11.02
-10.2777 -0.2527 6.5919 28.26
-7.9939 -0.0716 9.0546 45.50
-10.3088 0.0409 4.2382 16.75
-10.2940 0.1294 7.9541 33.96
-6.5777 0.2163 9.0320 51.21
-10.2836 0.4138 5.3468 22.43
-9.7489 0.4867 9.0631 39.66
-8.6850 0.6224 2.8445 10.91
-9.8112 0.7587 6.3230 28.15
-7.9784 0.7154 9.0257 45.38
-10.3126 -0.0596 4.2356 16.73
-10.3004 0.0318 7.9627 33.97
-6.5864 0.1567 9.0466 51.22
-10.3017 0.3155 5.3564 22.44
-9.7375 0.3964 9.0566 39.68
-8.6893 0.5441 2.8453 10.92
-9.7914 0.6629 6.3083 28.14
-7.9951 0.6416 9.0405 45.39
-9.7351 0.9427 4.0450 16.58
-10.2569 1.0603 7.9270 33.84
-6.5725 0.7985 9.0262 51.06
-10.2929 0.2204 5.3525 22.44
-9.7260 0.3025 9.0500 39.70
-8.8025 0.4646 2.8703 10.94
-8.8026 0.5291 5.7788 28.15
-8.0056 0.5703 9.0481 45.40
-9.7126 0.8437 4.0430 16.62
-10.2992 0.9646 7.9518 33.85
-6.5829 0.7435 9.0519 51.13
-10.2898 1.2641 5.3498 22.31
-9.6759 1.2735 9.0306 39.58
-8.7893 0.3783 2.8650 10.93
-8.7911 0.4414 5.7727 28.16
-8.0130 0.4988 9.0525 45.40
-9.7152 0.7538 4.0482 16.66
-10.2715 0.8729 7.9329 33.86
-6.5815 0.6800 9.0381 51.11
-10.2904 1.1643 5.3506 22.34
-9.6943 1.1854 9.0348 39.57
-9.1873 1.3240 2.9392 10.82
-9.7798 1.4711 6.3258 28.06
-7.9284 1.2821 9.0148 45.30
-9.6548 0.6558 4.0243 16.64
-10.2697 0.7750 7.9308 33.88
-6.5902 0.6207 9.0470 51.13
-10.2746 1.0633 5.3430 22.35
-9.7044 1.0962 9.0404 39.59
-9.5064 1.2788 2.9993 10.83
-9.7548 1.3722 6.3042 28.05
-7.9298 1.2069 9.0081 45.31
-9.5122 1.6246 3.9898 16.51
-10.2615 1.8138 7.9728 33.75
-6.5023 1.2562 9.0037 51.01
-10.3201 0.9716 5.3584 22.35
-9.7103 1.0026 9.0423 39.61
-8.6151 1.0856 2.8294 10.85
-9.7913 1.2860 6.3202 28.06
-7.9614 1.1388 9.0318 45.31
-9.6980 1.5556 4.0464 16.54
-10.2915 1.7177 7.9841 33.76
-6.5131 1.2013 9.0162 51.04
-10.2968 2.0290 5.3888 22.26
-9.5840 1.9679 9.0214 39.50
-8.6380 1.0030 2.8297 10.84
-9.7770 1.1860 6.3086 28.07
-7.9813 1.0690 9.0434 45.31
-9.6972 1.4641 4.0485 16.57
-10.2704 1.6234 7.9648 33.78
-6.5326 1.1407 9.0226 51.03
-10.3010 1.9275 5.3806 22.25
-9.5830 1.8761 9.0038 39.49
-9.1236 1.9973 2.9354 10.74
-10.2837 2.3089 6.6499 27.98
-7.8241 1.8409 8.9926 45.21
-9.5665 1.3533 4.0030 16.56
-10.2989 1.5259 7.9832 33.81
-6.5452 1.0802 9.0293 51.04
-10.3042 1.8262 5.3795 22.27
-9.6127 1.7893 9.0252 39.53
-9.2226 1.9290 2.9465 10.71
-10.2856 2.2027 6.6449 28.00
-7.8456 1.7697 9.0023 45.23
-9.3770 2.3084 3.9761 16.43
-10.2657 2.5885 8.0679 33.71
-6.4209 1.7119 8.9982 50.91
-10.2946 1.7289 5.3736 22.29
-9.6094 1.6930 9.0142 39.54
-8.6186 1.7254 2.8320 10.74
-10.2819 2.1080 6.6249 27.96
-7.8897 1.7065 9.0290 45.22
-9.6165 2.2697 4.0459 16.45
-10.2839 2.4898 8.0603 33.69
-6.4392 1.6574 9.0066 50.92
-10.2860 2.8080 5.4323 22.15
-9.4150 2.6462 8.9913 39.42
-8.5987 1.6418 2.8285 10.76
-10.2842 2.0070 6.6239 28.00
-7.8673 1.6271 9.0002 45.25
-9.6599 2.1832 4.0515 16.44
-10.2894 2.3909 8.0482 33.69
-6.4300 1.5902 8.9856 50.95
-10.2752 2.7043 5.4233 22.18
-9.4448 2.5587 8.9958 39.42
-8.6287 2.5564 2.8535 10.64
-9.9911 3.0146 6.5728 27.89
-7.6836 2.3958 8.9806 45.15
-9.4669 2.0465 3.9913 16.46
-10.2962 2.2914 8.0490 33.73
-6.4602 1.5354 9.0067 50.95
-10.3131 2.6076 5.4273 22.18
-9.4608 2.4718 8.9893 39.41
-8.5980 2.4629 2.8458 10.65
-10.2698 2.9866 6.7165 27.92
-7.7148 2.3231 8.9913 45.15
-9.2219 2.9912 3.9775 16.38
-9.1645 3.0303 7.4206 33.62
-6.2783 2.1516 8.9744 50.88
-10.3090 2.5080 5.4244 22.22
-9.4604 2.3748 8.9842 39.46
-8.6064 2.3792 2.8439 10.66
-10.2877 2.8944 6.7111 27.91
-7.7432 2.2577 9.0028 45.16
-9.4102 2.9537 4.0291 16.39
-9.8274 3.1433 7.8633 33.62
-6.3154 2.1034 8.9941 50.86
-10.3047 3.6303 5.5227 22.08
-8.6158 3.1027 8.4543 39.33
-9.1379 2.4340 2.9480 10.69
-10.2806 2.7876 6.6952 27.92
-7.7628 2.1868 9.0053 45.17
-9.2282 2.8021 3.9603 16.37
-9.8253 3.0433 7.8413 33.61
-6.3239 2.0397 8.9856 50.88
-10.3117 3.5270 5.5176 22.11
-8.7664 3.0638 8.5640 39.35
-10.2822 3.8650 3.2126 10.57
-10.2770 3.9261 6.8572 27.84
-7.5138 2.9381 8.9789 45.08
-9.3666 2.7460 4.0019 16.41
-10.2017 3.0536 8.0843 33.62
-6.3391 1.9815 8.9821 50.88
-10.0071 3.3165 5.3717 22.10
-9.0296 3.0637 8.7668 39.34
-10.3103 3.7684 3.2143 10.58
-10.2939 3.8163 6.8502 27.86
-7.5367 2.8626 8.9679 45.06
-8.8108 3.5801 3.9111 16.31
-10.2891 4.2364 8.3816 33.55
-6.1194 2.5842 8.9611 50.82
-10.0871 3.2422 5.4014 22.14
-9.3223 3.0617 8.9959 39.35
-10.3084 3.6590 3.2079 10.59
-10.2579 3.7014 6.8083 27.84
-7.5745 2.8014 8.9909 45.09
-8.8239 3.4891 3.9035 16.31
-10.2629 4.1127 8.3346 33.55
-6.1450 2.5328 8.9608 50.80
-10.3208 4.4981 5.6509 22.06
-8.7250 3.8622 8.7508 39.27
-10.3015 3.5525 3.2055 10.61
-9.5271 3.3392 6.3828 27.85
-7.5884 2.7283 8.9815 45.10
-8.8581 3.4062 3.9070 16.32
-10.2582 4.0017 8.3057 33.55
-6.1738 2.4764 8.9728 50.82
-10.2860 4.3712 5.6157 22.05
-8.7539 3.7773 8.7484 39.28
-10.3130 4.7578 3.2698 10.51
-10.2984 4.8193 7.5093 29.66
-6.6796 3.1777 8.7801 46.94
-10.2989 3.8496 4.7413 18.25
-8.9108 3.3982 7.7863 35.49
-10.2844 4.2106 2.4947 6.71
-10.3066 4.2742 6.0338 23.96
-8.1281 3.4284 8.6601 41.23
-9.7310 4.3875 3.5078 12.45
-10.2729 4.6822 7.4699 29.69
-6.6161 3.0740 8.6722 46.95
-9.0591 4.4706 4.4297 18.17
-9.9883 4.9882 8.9203 35.40
-10.3396 4.1178 2.5038 6.75
-10.2643 4.1421 5.9993 23.98
-8.2863 3.4031 8.7832 41.24
-10.2826 4.5162 3.6300 12.44
-10.3010 4.5828 7.4637 29.70
-6.7550 3.0619 8.8041 46.95
-10.3044 4.9655 4.8728 18.19
-10.0193 4.8861 8.9170 35.43
-10.3049 5.3673 2.5376 6.63
-9.3607 4.9196 5.7614 23.90
-8.0879 4.2974 8.9293 41.13
-10.3004 4.4126 3.6245 12.44
-10.2798 4.4688 7.4285 29.71
-6.9058 3.0599 8.9560 46.97
-10.2808 4.8355 4.8489 18.19
-10.0753 4.7947 8.9277 35.44
-10.3227 5.2579 2.5390 6.66
-8.7694 4.5070 5.4448 23.90
-8.1082 4.2199 8.9211 41.16
-10.3081 5.7099 3.7373 12.37
-10.2929 5.7547 7.7362 29.61
-6.5796 3.7153 8.9369 46.89
-9.7726 4.4916 5.0429 20.12
-9.4801 4.4144 8.9524 37.36
-8.7938 4.3764 2.6576 8.58
-8.8190 4.4303 5.8408 25.84
-7.6676 3.9001 8.9541 43.08
-10.3300 5.6039 4.5454 16.21
-10.2852 5.6316 8.7519 33.46
-5.6097 3.1113 8.6520 50.71
-10.2821 6.0479 5.8941 21.94
-8.3939 4.9794 8.9063 39.18
-10.2885 5.0109 3.2812 10.48
-10.2825 5.0554 7.0818 27.77
-7.1939 3.5868 8.9270 45.00
-8.7878 4.6579 4.0180 16.20
-10.2666 5.4987 8.6972 33.45
-5.6403 3.0590 8.6583 50.72
-10.3109 5.9380 5.8875 21.96
-8.4632 4.9139 8.9309 39.20
-10.3095 6.3736 3.3941 10.42
-10.2807 6.4082 7.4079 27.69
-6.8292 4.2851 8.9258 44.90
-8.7969 4.5557 4.0134 16.24
-10.2670 5.3759 8.6601 33.45
-5.7791 3.0675 8.8118 50.72
-10.2924 5.7950 5.8500 21.95
-8.5069 4.8377 8.9285 39.19
-10.3122 6.2451 3.3849 10.44
-10.2874 6.2713 7.3776 27.71
-6.8769 4.2226 8.9371 44.92
-10.3009 6.7387 4.7002 16.18
-9.9834 6.5751 8.8923 33.42
-4.9236 3.2503 8.0202 50.69
-10.2950 5.6745 5.8355 21.99
-8.5446 4.7509 8.9213 39.19
-10.2984 6.1054 3.3697 10.44
-10.2916 6.1508 7.3423 27.69
-6.9030 4.1560 8.9325 44.95
-10.2946 6.5959 4.6738 16.17
-10.0469 6.4815 8.8923 33.41
-4.9842 3.2299 8.0627 50.66
-9.5092 6.5619 5.7428 21.93
-8.0135 5.5604 8.8926 39.14
-10.2976 5.9797 3.3631 10.46
-10.2757 6.0092 7.2988 27.70
-6.9307 4.0873 8.9224 44.95
-10.2935 6.4575 4.6491 16.16
-10.1120 6.3921 8.8943 33.41
-5.4007 3.4315 8.6270 50.68
-9.6735 6.5456 5.7908 21.92
-8.0663 5.4856 8.8960 39.15
-10.3234 7.4775 3.5015 10.39
-10.2731 7.4882 7.7098 27.64
-6.4952 4.7423 8.9095 44.91
-10.2841 6.3214 5.0638 18.11
-9.4727 5.8755 8.8930 35.35
-9.7373 6.4224 2.5331 6.58
-8.7862 5.8265 5.7331 23.82
-7.6087 5.0752 8.9108 41.10
-10.3229 7.3370 3.9204 12.33
-10.2812 7.3437 8.2046 29.57
-6.1401 4.3977 8.9198 46.83
-10.2897 7.8624 5.3388 18.05
-8.7245 6.6922 8.7738 35.29
-9.6974 6.2626 2.5259 6.62
-8.7711 5.6962 5.6999 23.84
-7.6627 5.0076 8.9191 41.10
-10.3015 7.1716 3.8942 12.32
-10.2684 7.1940 8.1511 29.57
-6.1757 4.3364 8.9138 46.83
-10.2820 7.7039 5.3099 18.07
-8.7309 6.5668 8.7269 35.30
-9.2966 7.4400 2.5570 6.56
-10.2751 8.2682 6.9019 23.82
-7.1229 5.7304 8.8938 41.03
-10.2972 7.0294 3.8751 12.32
-10.2849 7.0750 8.1156 29.56
-6.2101 4.2827 8.9152 46.85
-10.2709 7.5447 5.2768 18.08
-8.7332 6.4384 8.6800 35.33
-9.1939 7.2199 2.5305 6.55
-10.2680 8.1078 6.8479 23.79
-7.1575 5.6583 8.8845 41.05
-9.4198 7.9388 3.8338 12.27
-10.2835 8.7142 8.6713 29.52
-5.7512 4.8495 8.8864 46.80
-10.2726 7.3958 5.2475 18.07
-8.7895 6.3649 8.6769 35.31
-9.3450 7.1947 2.5415 6.55
-10.2830 7.9624 6.8134 23.79
-7.2235 5.5963 8.8979 41.06
-9.6199 7.9520 3.8746 12.30
-10.2681 8.5236 8.6013 29.54
-5.8152 4.8140 8.9135 46.80
-9.5578 8.4705 5.2762 18.03
-8.2973 7.3672 8.8416 35.27
-9.5182 7.1842 2.5633 6.58
-10.2815 7.8037 6.7748 23.81
-7.2730 5.5257 8.8956 41.07
-9.5360 7.7263 3.8274 12.29
-10.2744 8.3714 8.5505 29.54
-5.8629 4.7618 8.9178 46.80
-9.6909 8.4278 5.3035 18.04
-8.3712 7.2928 8.8489 35.28
-8.8044 8.1702 2.5649 6.53
-10.0485 9.3703 7.1415 23.79
-6.6846 6.2072 8.8759 41.01
-10.2906 8.1899 4.4769 14.23
-9.9895 7.9853 8.8486 31.46
-5.5355 4.4103 8.9038 48.69
-9.6666 8.2426 5.7227 19.97
-7.9009 6.7431 8.8565 37.18
-9.2009 8.3773 3.0273 8.45
-9.8799 9.0379 7.5125 25.69
-6.3249 5.7702 8.8951 42.96
-10.2926 10.0737 4.7925 14.21
-9.0890 8.8909 8.8062 31.45
-5.0694 4.9092 8.8861 48.68
-8.7682 7.3360 5.6868 21.89
-7.4566 6.2456 8.8618 39.09
-10.0050 8.9609 3.6199 10.35
-10.0657 9.0478 8.1338 27.61
-5.9839 5.3480 8.8890 44.86
-8.7735 8.4018 4.6378 16.09
-8.5748 8.2283 8.8320 33.34
-4.8066 4.5711 8.9055 50.59
-10.2687 10.5576 7.0083 21.86
-6.7179 6.8656 8.7675 39.08
-10.1703 8.9450 3.6458 10.37
-10.2712 9.0581 8.2182 27.61
-6.0358 5.2967 8.8938 44.87
-10.2803 9.6812 5.2122 16.11
-8.6414 8.1402 8.8225 33.34
-4.8479 4.5236 8.9047 50.60
-10.2805 10.3749 6.9545 21.85
-6.8501 6.8723 8.8480 39.09
-9.6976 10.4501 3.7670 10.33
-10.0104 10.8186 8.7664 27.60
-5.4808 5.8517 8.8767 44.81
-10.0878 9.3141 5.0984 16.11
-8.6597 8.0049 8.7770 33.36
-4.8878 4.4791 8.9002 50.59
-9.4393 9.3279 6.4149 21.84
-6.9059 6.8050 8.8470 39.11
-9.7010 10.2607 3.7398 10.32
-8.7612 9.2574 7.7272 27.61
-5.5292 5.7893 8.8730 44.85
-10.2911 11.6756 6.1855 18.01
-7.3359 8.2773 8.8165 35.23
-8.8012 8.5097 2.5928 6.54
-9.2869 9.0086 6.7827 23.77
-6.5354 6.3097 8.8507 41.03
-10.2970 10.6903 4.3811 12.26
-8.7332 9.0611 8.1692 29.51
-5.2393 5.3806 8.8757 46.77
-10.2839 11.4452 6.1292 18.02
-7.4233 8.2185 8.8314 35.25
-8.7843 10.4405 2.7447 6.50
-6.7086 7.9265 5.6526 23.72
-5.8754 6.9162 8.8421 40.99
-8.7955 8.9401 3.8797 12.25
-9.5874 9.7931 8.7969 29.49
-5.3036 5.3559 8.9076 46.78
-10.2631 11.2041 6.0663 18.02
-7.4767 8.1196 8.8101 35.27
-8.8665 10.3444 2.7444 6.51
-6.7902 7.8766 5.6642 23.75
-5.9319 6.8630 8.8441 41.01
-10.2830 12.9021 4.7449 12.26
-8.5019 10.6307 8.7595 29.52
-4.7323 5.8092 8.8744 46.79
-10.2977 11.0266 6.0292 18.01
-7.5687 8.0804 8.8270 35.25
-9.0696 10.3783 2.7606 6.50
-10.2610 11.7794 7.9604 23.74
-5.9989 6.8040 8.8437 41.02
-10.2791 12.6411 4.6995 12.26
-7.5548 9.2250 7.7985 29.50
-4.7861 5.7671 8.8679 46.76
-10.2920 13.5874 6.0569 16.09
-6.5634 8.5658 8.1245 33.33
-4.0539 5.1870 8.8713 50.60
-10.2686 11.5585 7.8938 23.76
-6.0734 6.7592 8.8577 41.02
-10.2878 12.3994 4.6566 12.25
-7.8299 9.3915 8.5146 31.45
-4.5607 5.3833 8.8915 48.65
-10.2682 13.2850 6.5883 18.02
-6.7937 8.7024 8.8132 35.25
-8.7904 12.1916 2.4142 4.61
-10.2643 14.2610 8.1549 21.86
-5.7047 7.7932 8.8244 39.07
-9.1167 10.7675 3.7456 10.35
-9.5164 11.2456 8.7610 27.59
-5.2153 6.0690 8.8748 44.84
-10.2677 13.0222 5.9123 16.06
-6.7110 8.4273 8.1047 33.31
-4.1594 5.1285 8.8876 50.58
-10.2922 14.0113 7.4171 19.92
-6.1461 8.2621 8.7993 37.15
-10.1655 14.9069 3.2546 6.52
-9.6884 14.1732 8.6610 23.78
-5.1802 7.4195 8.8332 40.99
-10.2702 12.7745 4.7155 12.24
-7.9678 9.8558 8.7799 31.42
-4.4776 5.4346 8.8775 48.65
-10.2688 13.7011 7.9619 21.82
-5.8416 7.6796 8.8120 39.06
-10.2824 14.7703 4.4541 10.33
-8.3862 11.9662 8.7133 27.61
-4.6422 6.4802 8.8517 44.82
-9.7261 15.0397 5.6873 14.21
-6.9071 10.5495 8.7591 31.45
-3.9162 5.8203 8.8710 48.67
-10.2851 13.4565 6.6296 18.00
-6.7326 8.7280 8.8018 35.25
-8.7880 12.3180 2.4169 4.59
-10.2536 14.4092 8.1895 21.83
-5.6558 7.8142 8.8133 39.06
-10.0913 15.2750 3.8989 8.44
-8.6719 13.0673 8.6264 25.68
-4.7523 7.0116 8.8299 42.92
-10.2801 16.8240 5.4443 12.25
-7.1136 11.5056 8.7159 29.50
-3.9974 6.2818 8.8423 46.78
-10.2853 14.1678 6.1845 16.07
-6.7528 9.2017 8.5386 33.34
-3.9529 5.2625 8.8662 50.58
-10.1674 15.0572 7.7113 19.94
-5.8202 8.4682 8.7900 37.16
-10.2983 16.5103 3.4156 6.52
-9.1062 14.5221 8.6436 23.76
-4.8606 7.5708 8.8013 41.02
-10.2854 17.8083 4.9276 10.34
-7.3394 12.5686 8.6877 27.60
-4.0861 6.7952 8.8352 44.86
-10.3031 14.9662 5.7449 14.19
-7.2172 10.3794 8.7684 31.42
-4.0786 5.7206 8.8728 48.65
-9.8329 15.3791 7.0716 18.02
-5.9092 9.0809 8.6852 35.28
-10.2689 17.4192 2.8337 4.61
-9.5208 16.0722 8.6050 21.85
-4.9994 8.2256 8.8153 39.09
-9.8594 18.1100 3.5584 6.54
-8.2201 14.9730 8.6374 23.80
-4.4326 7.8384 8.8151 41.01
-9.9945 15.3409 4.5182 10.35
-8.0250 12.2179 8.7132 27.59
-4.4417 6.5978 8.8464 44.85
-9.7496 16.1237 5.9240 14.21
-6.5617 10.7015 8.7318 31.46
-3.7411 5.9238 8.8647 48.66
-10.1866 18.2554 7.9432 18.04
-5.3233 9.3077 8.6119 35.27
-9.2928 18.1079 2.1928 2.76
-9.3515 18.1727 8.5576 19.98
-4.7992 9.0556 8.7929 37.18
-10.2903 16.6903 3.4402 6.54
-9.0352 14.5756 8.6515 23.77
-4.8396 7.6125 8.8242 41.03
-10.2737 18.0341 4.9642 10.35
-7.2908 12.6440 8.7107 27.60
-4.0540 6.8191 8.8394 44.86
-9.5625 18.1914 5.6427 12.29
-6.3518 11.8710 8.6970 29.53
-3.5977 6.4994 8.8397 46.79
-8.8021 18.2260 6.2951 14.24
-5.5486 11.2256 8.7292 31.48
-3.1891 6.1905 8.8463 48.70
-10.2589 17.5726 7.7553 18.02
-5.3998 9.0495 8.4778 35.27
-9.6975 18.0782 2.1796 2.70
-9.7144 18.0045 8.5567 19.96
-4.9772 8.9704 8.7961 37.18
-8.9405 18.1131 2.8407 4.63
-8.2877 16.6686 8.5925 21.88
-4.3780 8.5197 8.7942 39.11
-8.1965 18.1211 3.4851 6.57
-6.9105 15.1021 8.4248 23.77
-3.8463 8.0982 8.7999 41.04
-9.9692 18.1294 4.2594 8.45
-7.6533 13.7919 8.6773 25.68
-4.1893 7.3217 8.8121 42.92
-9.2133 18.1974 4.9058 10.36
-6.6397 12.9258 8.6867 27.62
-3.7142 6.9748 8.8214 44.87
-8.4479 18.1830 5.5418 12.30
-5.7588 12.1422 8.6938 29.55
-3.2831 6.6500 8.8364 46.79
-7.7140 18.1987 6.1847 14.26
-4.9762 11.4251 8.6954 31.47
-2.8921 6.3243 8.8521 48.72
-9.4792 18.2459 7.0830 16.10
-4.9388 9.2500 7.9525 33.37
-3.1643 5.7215 8.8514 50.60
-8.7073 18.2509 7.7325 18.06
-4.6308 9.4043 8.4617 35.31
-7.8480 18.0687 2.1522 2.73
-7.9760 18.2658 8.3760 19.97
-4.1037 9.0669 8.5865 37.21
-7.1298 18.0816 2.1539 2.77
-7.2376 18.2539 8.2833 20.00
-3.7481 9.0549 8.4784 37.22
-8.8074 18.0724 2.8285 4.62
-8.1758 16.6709 8.5791 21.89
-4.3187 8.5106 8.7746 39.14
-8.0689 18.1108 3.4723 6.55
-6.7857 15.0495 8.3900 23.79
-3.7975 8.1055 8.7960 41.06
-7.3677 18.1382 4.1140 8.50
-5.9591 14.4521 8.6407 25.74
-3.3103 7.6900 8.7956 43.00
-6.6583 18.1733 4.0895 8.52
-5.4508 14.6084 8.6294 25.75
-3.0594 7.7933 8.8025 43.00
-8.3138 18.1893 4.8362 10.36
-6.1057 13.1194 8.6691 27.65
-3.4355 7.0879 8.8051 44.88
-7.5891 18.1682 5.4671 12.31
-5.2744 12.3540 8.7011 29.56
-3.0250 6.7552 8.8386 46.82
-6.8811 18.2089 5.4297 12.34
-4.8414 12.4771 8.6817 29.58
-2.7921 6.8292 8.8257 46.84
-6.1687 18.1837 5.3723 12.33
-4.3963 12.5986 8.6740 29.61
-2.5579 6.8908 8.8159 46.88
-7.7986 18.1679 6.1703 14.22
-5.0487 11.4704 8.7378 31.47
-2.9181 6.3241 8.8614 48.71
-6.4157 16.4286 5.6352 14.23
-4.6576 11.6131 8.7413 31.50
-2.7043 6.4047 8.8601 48.73
-6.3835 18.2048 6.7534 16.18
-3.9727 10.9266 8.7362 33.41
-2.3533 6.0570 8.8579 50.67
-5.6815 18.1702 6.6945 16.21
-3.6010 11.0424 8.7402 33.44
-2.1514 6.1193 8.8619 50.71
-7.3074 18.2157 7.5498 18.08
-4.1843 10.0640 8.7655 35.31
-6.4883 18.0606 1.5025 0.84
-6.5988 18.2314 7.4880 18.11
-3.8248 10.1543 8.7469 35.34
-5.8046 18.0865 1.5122 0.87
-5.9029 18.2404 7.4188 18.11
-3.1477 9.2153 7.9661 35.35
-5.1241 18.0721 1.5086 0.87
-5.2393 18.2483 7.3707 18.14
-3.1372 10.3833 8.7637 35.37
-6.6884 18.0961 1.5042 0.84
-6.8008 18.2325 7.5017 18.09
-3.9325 10.1392 8.7558 35.32
-5.9815 18.0366 1.5037 0.85
-6.0881 18.2001 7.4274 18.12
-3.2402 9.1998 7.9743 35.35
-5.3084 18.0613 1.5154 0.89
-5.4118 18.2364 7.3796 18.13
-3.2294 10.3489 8.7600 35.38
-4.6220 18.0390 0.9007 -1.01
-4.7217 18.1923 6.6262 16.21
-1.9338 6.6827 5.6757 33.46
-1.8572 6.1951 8.8564 50.72
-6.2679 18.1788 6.7346 16.18
-3.9235 10.9532 8.7417 33.41
-2.3176 6.0644 8.8548 50.68
-5.5850 18.1775 6.6886 16.21
-3.5429 11.0482 8.7360 33.45
-2.1158 6.1298 8.8529 50.68
-4.9103 18.1885 6.6525 16.25
-2.0086 6.7155 5.7070 33.45
-1.9145 6.1801 8.8515 50.70
-4.2428 18.1893 5.9478 14.34
-1.8729 7.1797 5.6522 31.57
-1.7975 6.6425 8.8347 48.80
-5.7723 18.1860 6.0189 14.27
-3.8922 11.8303 8.7185 31.52
-2.2986 6.5275 8.8489 48.76
-5.0893 18.1850 5.9845 14.31
-3.4821 11.9020 8.7037 31.56
-2.0748 6.5735 8.8332 48.79
-4.4065 18.1328 5.2835 12.41
-3.2691 12.9099 8.6881 29.67
-1.9550 7.0598 8.8173 46.90
-3.7534 18.1403 4.6288 10.52
-1.9151 8.3464 5.6204 27.75
-1.7249 7.1342 8.8500 46.93
-5.2606 18.1485 5.3255 12.39
-3.8387 12.7851 8.6850 29.62
-2.2596 6.9931 8.8213 46.86
-4.5973 18.1328 4.6538 10.50
-3.6157 13.8596 8.6424 27.74
-2.1311 7.5070 8.8009 44.98
-3.9258 18.1323 3.9991 8.60
-3.3724 15.0637 8.5922 25.82
-1.9806 8.0650 8.7926 43.08
-3.2714 18.1393 3.3746 6.72
-3.0696 16.4985 8.5927 23.96
-1.7995 8.6596 8.7892 41.20
-4.7325 18.0949 2.7502 4.71
-4.7478 17.8193 8.5712 21.96
-2.5814 9.0371 8.7026 39.18
-4.0677 18.0631 2.1337 2.84
-4.1765 18.2310 7.9918 20.10
-2.3126 9.2991 8.3640 37.31
-3.4213 18.0941 1.5306 0.96
-3.5021 18.1754 7.2423 18.19
-2.2012 10.5361 8.7390 35.44
-2.7705 18.0177 1.5292 0.96
-2.8814 18.2232 7.2376 18.23
-1.8447 10.5724 8.7296 35.46
-4.1667 17.7647 0.9131 -0.99
-4.3364 18.2043 6.6141 16.24
-1.8016 6.7088 5.6742 33.47
-1.7294 6.2134 8.8479 50.75
-3.6730 18.2044 5.9200 14.34
-2.5978 12.0810 8.7035 31.61
-1.5993 6.6790 8.8389 48.84
-3.0142 18.1611 5.2595 12.49
-2.3100 13.0698 8.6838 29.70
-1.4436 7.1569 8.8306 46.97
-2.3527 18.0995 3.9782 8.66
-2.0843 15.0759 8.5274 25.91
-1.3051 8.0910 8.7343 43.17
-3.8142 18.1111 3.3754 6.70
-3.5526 16.4311 8.5833 23.90
-2.0389 8.6304 8.7951 41.17
-3.1496 18.0976 2.7443 4.78
-3.2142 18.0194 8.5620 22.06
-1.7293 8.5535 8.1941 39.27
-2.5008 18.0739 2.1491 2.93
-2.6047 18.2282 7.9115 20.15
-1.5044 9.1729 8.1813 37.38
-1.8494 18.0648 0.9440 -0.90
-1.9411 18.1897 6.5440 16.36
-1.3868 11.3585 8.7024 33.58
-0.9559 6.3117 8.8364 50.85
-3.3858 18.1474 5.8983 14.35
-2.4106 12.1043 8.6936 31.60
-1.5031 6.6941 8.8377 48.85
-2.7482 18.1883 5.2556 12.48
-2.1114 13.0558 8.6660 29.72
-1.3372 7.1568 8.8121 46.97
-2.0852 18.1501 3.9860 8.68
-1.8533 15.0472 8.4960 25.89
-1.1763 8.0060 8.6374 43.16
-1.4280 18.0974 2.7631 4.89
-1.5215 18.1158 8.5452 22.12
-0.9684 9.0570 8.5493 39.35
-2.8597 18.0766 2.1432 2.90
-2.9646 18.2481 7.9265 20.12
-1.6997 9.2987 8.2964 37.38
-2.1973 18.0197 0.9365 -0.92
-2.3060 18.2100 6.5474 16.32
-1.6135 11.3907 8.7316 33.55
-1.0693 6.2980 8.8320 50.84
-1.6468 18.1663 5.2479 12.55
-1.3386 13.1025 8.6567 29.76
-0.9234 7.1844 8.8070 47.03
-0.9979 18.1409 3.9905 8.73
-0.9617 15.0141 8.4745 25.97
-0.7206 8.1970 8.8023 43.24
-2.4041 18.0805 2.7409 4.80
-2.5005 18.0562 8.5386 22.07
-1.4441 9.0196 8.5431 39.29
-1.7602 18.0110 1.5433 1.01
-1.8582 18.2009 7.2137 18.29
-1.2444 10.3738 8.5538 35.52
-1.1142 18.0813 0.3512 -2.79
-1.1111 16.3251 5.4033 14.46
-0.9775 12.1944 8.6775 31.70
-0.7307 6.7623 8.8343 48.95
-0.5620 18.1139 4.6025 10.64
-0.5910 14.1418 8.6388 27.91
-0.5193 7.6835 8.8019 45.15
-1.9742 18.0972 3.3593 6.75
-1.9106 16.5646 8.5683 24.00
-1.1779 8.5645 8.6420 41.24
-1.3181 18.0649 2.1521 2.95
-1.4205 18.2509 7.8954 20.19
-0.9727 9.9352 8.7431 37.47
-0.6669 18.0212 0.9611 -0.85
-0.7654 18.2111 6.5547 16.43
-0.6593 11.3717 8.6939 33.63
-0.5626 6.3402 8.8482 50.90
-0.1128 18.1572 5.2492 12.59
-0.2516 13.1013 8.6587 29.85
-0.3387 7.2113 8.8234 47.10
-1.5277 18.1227 3.9811 8.70
-1.3944 15.0657 8.5145 25.98
-0.9172 7.6808 8.8107 45.11
-0.8857 18.1030 3.3716 6.81
-0.9244 16.5742 8.5685 24.07
-0.6948 8.7323 8.7752 41.31
-0.2411 18.0847 2.1778 3.04
-0.3412 18.2215 7.9001 20.27
-0.3913 9.9266 8.7311 37.51
0.4053 18.0534 0.9839 -0.77
0.3153 18.2098 6.5604 16.45
0.0031 11.3566 8.6978 33.68
-0.2011 6.3316 8.8465 50.95
-1.0947 18.1643 5.2440 12.56
-0.9515 13.1224 8.6627 29.79
-0.7146 7.1866 8.7938 47.04
-0.4531 18.0908 3.9933 8.77
-0.5082 14.9986 8.4698 26.00
-0.4756 8.2092 8.8014 43.22
0.1881 18.0919 2.7842 4.96
0.0978 18.0083 8.5217 22.22
-0.1772 9.0414 8.5412 39.44
0.8422 18.1136 1.5883 1.15
0.7412 18.2160 7.2511 18.42
0.2267 10.5682 8.7070 35.65
-0.5503 18.0406 0.3678 -2.75
-0.6610 18.1926 5.8877 14.48
-0.6156 12.1678 8.6594 31.73
-0.5329 6.7534 8.8196 48.97
-0.0207 18.1512 4.6256 10.69
-0.1506 14.0937 8.6243 27.95
-0.2913 7.6623 8.7875 45.19
0.6307 18.0594 3.3913 6.88
0.4574 16.5267 8.5706 24.13
0.0233 8.7080 8.7738 41.39
1.2889 18.0764 2.1965 3.09
1.1990 18.2247 7.9516 20.35
0.4243 9.8855 8.7511 37.63
-0.1193 18.0655 0.9758 -0.80
-0.2179 18.2073 6.5512 16.43
-0.3271 11.3705 8.6986 33.66
-0.3752 6.3282 8.8373 50.93
0.4198 18.1141 5.2609 12.65
0.1398 13.0541 8.6440 29.88
-0.1275 7.1922 8.8051 47.10
1.0763 18.1323 4.0355 8.85
0.7450 15.0527 8.5452 26.10
0.1871 8.1263 8.7654 43.33
1.7326 18.1000 2.8231 5.05
1.5896 17.8438 8.5225 22.30
0.5729 9.0513 8.6054 39.53
0.3210 18.0574 1.5801 1.13
0.2161 18.1726 7.2170 18.38
-0.0764 10.6010 8.7118 35.61
0.9576 17.9910 0.3937 -2.67
0.8704 18.1296 5.9155 14.59
0.3866 12.1178 8.6714 31.84
0.0156 6.7236 8.8123 49.06
1.5167 18.1063 4.6613 10.78
1.0013 13.9517 8.6101 28.04
0.3327 7.6074 8.7793 45.26
2.1724 18.0899 3.4502 7.00
1.8197 16.2882 8.5573 24.25
0.7300 8.6203 8.7682 41.47
0.7576 18.0846 2.1954 3.09
0.6589 18.1996 7.9192 20.32
0.1458 9.9216 8.7480 37.56
1.4094 18.0403 0.9987 -0.73
1.3082 18.1681 6.5913 16.52
0.6118 11.2973 8.6991 33.75
0.1362 6.2975 8.8445 51.03
1.9715 18.1721 5.3386 12.76
1.2212 12.9358 8.6507 29.97
0.4560 7.1367 8.8244 47.24
2.6364 18.1684 4.0994 8.94
2.0025 14.9443 8.5896 26.19
0.8506 8.0476 8.7862 43.45
1.2067 18.0943 2.7990 4.99
1.0710 17.9567 8.5304 22.24
0.3143 9.0478 8.5686 39.46
1.8481 18.0670 1.6100 1.22
1.7558 18.2017 7.3022 18.49
0.7977 10.4988 8.7093 35.72
2.5090 18.0331 0.4114 -2.58
2.4161 18.1482 5.9931 14.68
1.3913 11.9719 8.6639 31.91
0.5559 6.6516 8.8118 49.16
3.0785 18.1429 4.7400 10.86
2.1501 13.7734 8.6262 28.13
0.9487 7.5303 8.8080 45.37
1.6365 18.1093 3.4379 6.98
1.3512 16.4146 8.5668 24.18
0.4934 8.6512 8.7655 41.45
2.3020 18.0975 2.2314 3.17
2.1960 18.1835 8.0072 20.43
0.8612 9.1042 8.1890 37.64
2.9674 18.0553 1.0333 -0.61
2.8726 18.2012 6.6987 16.63
1.5410 11.1294 8.6945 33.86
0.6368 6.2134 8.8325 51.11
3.5434 18.1427 5.4227 12.85
2.2756 12.7044 8.6511 30.09
1.0263 7.0088 8.8034 47.33
2.0844 18.0949 4.0628 8.91
1.5789 15.0296 8.5866 26.14
0.6264 8.0897 8.7842 43.40
2.7524 18.0935 2.8511 5.10
2.5570 17.6363 8.5224 22.38
1.0627 9.0391 8.6626 39.59
3.4116 18.0508 1.6533 1.34
3.3283 18.2098 7.4149 18.57
1.6551 10.3271 8.7034 35.81
4.0962 18.0191 0.4231 -2.50
4.0103 18.1977 6.1219 14.78
2.3654 11.7418 8.6783 32.07
1.0888 6.5446 8.8293 49.28
2.5265 18.1424 4.7288 10.89
1.7579 13.8552 8.6239 28.09
0.7379 7.5496 8.7848 45.33
3.2064 18.0988 3.4834 7.04
2.5674 15.3906 8.2259 24.29
1.1917 8.5430 8.7868 41.57
3.8784 18.0653 2.2862 3.30
3.7845 18.2347 8.1637 20.52
1.6496 9.1558 8.3612 37.75
4.5569 18.0090 1.0608 -0.51
4.4518 18.2119 7.5308 18.65
1.9900 9.1698 7.9584 35.88
3.0848 18.0210 0.4230 -2.53
2.9761 18.1652 6.0311 14.70
1.7450 11.9151 8.6729 31.95
0.7503 6.6256 8.8235 49.19
3.6404 18.1316 4.7782 10.92
2.5703 13.6483 8.6182 28.18
1.1659 7.4575 8.7875 45.41
4.3311 18.1051 3.5426 7.12
3.4770 15.2297 8.2673 24.37
1.6781 8.4037 8.7684 41.62
5.0151 18.0707 2.9543 5.28
4.0362 15.1800 7.7104 22.51
2.1245 8.8802 8.7595 39.74
3.5289 18.0746 1.6525 1.33
3.4254 18.2210 7.4286 18.58
1.7085 10.3363 8.7158 35.81
4.2017 18.0499 0.4394 -2.44
4.1101 18.1724 6.1193 14.77
2.4280 11.7474 8.6837 32.04
1.1290 6.5463 8.8367 49.27
4.7816 18.1269 5.5193 12.94
2.9924 12.1616 8.4615 30.15
1.4625 6.8991 8.8169 47.42
5.4808 18.1467 4.9093 11.03
3.7860 13.2488 8.6111 28.29
1.8327 7.2719 8.7987 45.53
3.9669 18.1515 3.5407 7.13
3.1938 15.3671 8.2859 24.33
1.5280 8.4607 8.7797 41.59
4.6400 18.0370 2.3052 3.33
4.5595 18.2505 8.2646 20.58
2.0403 9.2101 8.4825 37.79
5.3436 18.0823 1.7078 1.47
5.2531 18.2185 7.6242 18.70
2.6465 10.0596 8.7209 35.94
6.0360 18.0094 1.0900 -0.41
5.9566 18.1898 7.0079 16.85
3.2208 10.6103 8.6888 34.06
1.5622 5.9577 8.8466 51.33
4.4073 18.1339 5.4839 12.90
2.6029 11.6815 8.6688 32.04
1.2186 6.5054 8.8185 49.28
5.0742 18.1467 5.5435 12.95
3.2640 12.4288 8.6626 30.18
1.5590 6.8571 8.8013 47.42
5.7899 18.1558 4.9526 11.09
3.9919 13.1925 8.6207 28.30
1.9397 7.2274 8.7964 45.56
6.5080 18.1282 4.3412 9.20
4.8288 14.0421 8.5924 26.45
2.3575 7.6075 8.7935 43.70
4.9154 18.0919 3.5754 7.17
3.9118 15.0468 8.2471 24.40
1.9344 8.3516 8.7890 41.66
5.6249 18.0885 2.9767 5.29
5.0755 16.8397 8.5152 22.57
2.3759 8.7814 8.7495 39.78
6.3231 18.0361 2.3807 3.46
6.2504 18.2650 8.4976 20.68
2.8137 9.0318 8.5574 37.92
6.9763 17.8723 2.3872 3.47
6.8422 17.9162 8.4717 20.73
3.1606 9.0314 8.6745 38.00
5.4532 18.0549 1.7097 1.47
5.3493 18.2063 7.6285 18.70
2.6957 10.0479 8.7216 35.93
6.1517 18.0159 1.0898 -0.41
6.0621 18.1986 7.0157 16.83
3.2779 10.6039 8.6960 34.06
1.5904 5.9264 8.8232 51.34
6.7930 18.2254 7.1306 16.91
3.6321 10.4459 8.6958 34.13
1.7907 5.8785 8.8571 51.37
7.5070 18.1666 7.1980 16.92
3.5073 9.1736 7.8751 34.17
1.9742 5.7743 8.8297 51.41
5.8767 18.1869 6.3091 14.93
3.4452 11.4067 8.6833 32.15
1.6780 6.3583 8.8273 49.39
6.5900 18.1771 6.3761 14.94
3.8175 11.2452 8.6821 32.21
1.8884 6.2781 8.8269 49.43
7.3168 18.1703 6.4752 15.02
4.1890 11.0505 8.6666 32.26
2.0945 6.1960 8.8355 49.48
8.0675 18.1753 6.5771 15.07
4.5705 10.9098 8.6892 32.29
2.2914 6.0933 8.8208 49.51
6.3990 18.1583 5.6743 13.03
4.0372 12.1333 8.6625 30.26
1.9791 6.7057 8.8011 47.50
7.1131 18.1670 5.7537 13.08
4.4363 11.9369 8.6552 30.32
2.2046 6.6237 8.8173 47.56
7.0249 16.3048 5.3701 13.15
4.8410 11.7573 8.6625 30.36
2.4197 6.5180 8.8161 47.62
8.6346 18.1989 6.6566 15.09
4.8165 10.7435 8.6857 32.38
2.4340 6.0204 8.8329 49.59
6.9082 18.1973 6.4214 14.97
3.9907 11.1809 8.6828 32.21
1.9798 6.2476 8.8353 49.45
7.6476 18.1822 6.5108 15.01
4.3557 11.0058 8.6883 32.28
2.1819 6.1472 8.8264 49.50
8.4170 18.2405 7.3637 16.99
4.3786 10.1011 8.7061 34.22
2.1935 5.6744 8.8399 51.47
9.1592 18.2195 8.2361 18.97
4.2386 9.0331 8.5263 36.19
7.4882 18.0025 1.7707 1.60
7.4053 18.2126 7.9245 18.83
3.1742 8.5445 8.3241 38.00
8.1382 17.8356 2.4489 3.57
6.7385 15.2125 7.5504 20.83
3.6718 8.8894 8.7353 38.03
9.0171 18.1022 3.1870 5.54
7.2933 15.0525 8.2539 22.79
3.6836 8.2012 8.7677 40.01
9.4777 17.5313 4.5354 9.42
6.7933 13.0292 8.6097 26.66
3.4038 7.0751 8.7899 43.92
8.0068 18.1297 4.4661 9.29
5.7873 13.6149 8.6047 26.53
2.8625 7.3715 8.7833 43.79
8.7501 18.1339 5.2360 11.26
3.3010 7.4454 5.6470 28.52
2.8806 6.8158 8.8091 45.75
8.9729 17.0890 5.7769 13.26
3.2367 6.7553 5.6347 30.47
2.8720 6.2734 8.8143 47.73
8.4694 14.9800 6.5385 17.14
4.9903 9.3076 8.4552 34.35
2.6330 5.4198 8.8400 51.61
8.4959 18.2092 8.1062 18.91
3.9080 9.0189 8.4031 36.17
9.2628 17.8479 2.5074 3.64
8.6110 16.9707 8.4948 20.90
4.1077 8.6929 8.7656 38.10
9.4708 16.8924 3.8000 7.56
7.6336 14.0065 8.5887 24.75
3.7730 7.4655 8.7678 42.01
9.2170 15.2834 4.8368 11.42
6.8393 11.7465 8.6628 28.64
3.4740 6.4638 8.8132 45.88
8.1908 16.4053 5.5277 13.20
3.1172 6.8486 5.6460 30.44
2.7599 6.3526 8.8219 47.68
9.4867 17.4805 7.3434 17.08
4.7769 9.3550 8.4006 34.31
2.5414 5.4884 8.8536 51.59
9.4844 16.2171 8.4408 20.98
4.5882 8.3762 8.7622 38.22
9.4617 14.8418 4.8011 11.46
7.0999 11.5230 8.6477 28.67
3.6359 6.3776 8.8351 45.92
9.4657 17.7559 5.9622 13.24
3.3002 6.7925 5.6735 30.48
2.9027 6.2573 8.8089 47.71
8.5594 14.9607 6.5491 17.14
5.0455 9.2951 8.4659 34.35
2.6599 5.3936 8.8310 51.62
8.9940 14.6087 8.5017 22.94
4.4371 7.7221 8.7652 40.16
9.4579 14.0771 5.2832 13.42
5.7711 9.0481 8.6211 34.47
2.9778 5.1282 8.7821 51.73
8.3436 14.9872 7.7938 20.93
4.4330 8.4775 8.7593 38.18
9.1584 14.9364 3.5635 7.58
8.1497 13.6168 8.5777 24.81
4.0614 7.2986 8.7909 42.09
9.4780 14.4086 5.3491 13.41
5.6369 9.0340 8.5565 34.45
2.9287 5.1586 8.7727 51.70
7.6384 11.1104 8.6561 28.76
3.9192 6.1431 8.8171 46.00
8.8844 14.9549 5.9779 15.25
5.7962 10.1952 8.7028 32.47
2.9298 5.6491 8.7485 49.70
8.5112 13.4423 8.6136 24.85
4.2367 7.1856 8.7988 42.13
9.4743 13.6639 5.2155 13.45
5.9727 9.0469 8.7028 34.48
2.9923 4.9887 8.6435 51.72
7.8988 10.8933 8.6540 28.79
4.0703 6.0402 8.8329 46.04
9.4040 14.9755 6.7063 17.18
5.3652 9.0072 8.4294 34.41
2.8704 5.2787 8.8556 51.68
8.0788 12.1616 8.6322 26.82
4.1020 6.6314 8.8033 44.04
10.1023 13.9361 8.5726 23.04
4.9774 7.3299 8.7801 40.28
9.4685 12.0731 4.9291 13.51
7.5510 9.9353 8.6934 30.76
3.8959 5.5388 8.8141 48.00
8.6799 13.2691 8.5958 24.87
4.3481 7.1105 8.7947 42.12
10.9532 15.3477 8.5318 21.12
5.2748 7.8626 8.7594 38.36
9.4565 12.2874 4.4169 11.58
6.6713 9.0368 8.4648 32.65
3.5825 5.2578 8.8449 49.89
8.4133 10.4542 8.6670 28.87
4.3433 5.7964 8.8317 46.13
9.8451 14.1646 8.5806 23.03
4.8433 7.4375 8.7813 40.26
9.4444 12.5860 5.5764 15.39
6.3194 8.7921 8.7197 34.54
3.2730 4.9710 8.8545 51.80
7.7035 9.8175 8.7054 30.79
3.9841 5.4855 8.8325 48.02
7.8882 9.3429 8.0254 28.91
4.4816 5.6678 8.8258 46.14
9.0397 12.4361 8.4133 24.97
4.6686 6.8478 8.7950 42.22
9.4601 11.9825 5.4611 15.43
6.0772 8.0716 8.7599 36.53
9.4457 11.0964 4.2551 11.68
6.8224 8.3729 8.7419 34.64
3.5443 4.7383 8.8554 51.87
7.9888 8.9992 7.9338 28.95
4.6159 5.5443 8.8333 46.18
9.4939 12.3199 7.2735 21.16
5.5552 7.5945 8.7398 38.42
9.4732 11.3748 4.8192 13.57
6.7463 8.4538 8.7452 34.62
3.5033 4.7807 8.8658 51.88
7.8253 9.0204 8.4177 30.87
4.2383 5.2574 8.8426 48.10
8.5201 9.0878 7.6505 27.09
5.0743 5.7445 8.8033 44.32
10.8492 13.3403 8.6101 23.15
5.3612 7.0162 8.7955 40.38
9.4766 10.8597 5.2517 15.51
5.9935 7.2374 8.7748 38.53
9.4562 10.0992 5.1141 15.59
7.7726 8.5599 8.7478 32.83
4.0508 4.8275 8.8600 50.07
9.1857 9.3099 8.5494 29.04
4.8604 5.2729 8.8321 46.28
9.3719 11.0808 8.6632 27.00
4.7893 6.0604 8.8292 44.26
7.5149 8.3330 5.6470 21.34
5.7507 6.6519 8.8024 40.46
8.8494 9.0585 5.7372 19.45
6.8798 7.2991 8.7723 36.67
9.3995 8.9014 4.4285 13.77
8.9060 8.6359 8.7455 30.98
4.6340 4.8386 8.8584 48.27
8.2662 9.3421 7.1211 25.13
5.2979 6.3030 8.8183 42.38
8.8362 9.2238 5.7682 19.43
6.8181 7.3752 8.7841 36.69
9.2465 8.9377 4.4031 13.76
8.7924 8.6885 8.7189 30.99
4.5966 4.8913 8.8567 48.22
9.8353 8.9988 8.7233 29.12
5.0941 4.9931 8.8306 46.36
8.3433 8.9707 7.0307 25.17
5.4366 6.1469 8.8113 42.42
9.0430 8.9746 5.7697 19.47
6.9876 7.1855 8.7856 36.73
9.4554 8.7042 4.8761 15.71
7.7598 7.3875 8.7699 34.85
4.0699 4.2083 8.8868 52.09
8.6010 7.5756 8.7580 33.01
4.5113 4.2932 8.8588 50.23
9.1380 9.3244 7.9719 27.13
5.1841 5.6283 8.8166 44.39
7.6685 7.3382 5.8584 23.34
6.2048 6.1634 8.8153 40.58
7.5389 6.7389 5.6578 23.40
6.3988 5.9219 8.8151 40.63
9.4511 7.7526 5.6284 19.59
6.1379 5.3377 8.8298 42.60
9.3056 8.9461 5.8453 19.52
7.1010 7.0713 8.7881 36.73
9.4518 8.4546 4.8309 15.72
7.8694 7.2685 8.7754 34.86
4.1167 4.1281 8.8710 52.12
8.7194 7.4495 8.7643 33.01
4.5657 4.2179 8.8602 50.27
7.7247 6.2263 8.7840 36.90
9.4436 8.6021 4.8534 15.70
7.7996 7.3384 8.7725 34.87
4.0878 4.1796 8.8760 52.08
8.6453 7.5329 8.7600 33.00
4.5266 4.2643 8.8457 50.22
7.6970 6.3281 8.8087 36.88
9.4316 6.9640 5.0441 17.81
6.8431 5.3130 8.8290 40.77
7.5614 6.6851 5.6530 23.41
6.4163 5.8759 8.8089 40.66
9.4504 7.6616 5.6171 19.63
6.1562 5.2884 8.8259 42.64
10.5246 8.0082 8.7363 29.31
5.4897 4.4715 8.8490 46.53
9.9878 7.0977 8.7541 31.23
5.2407 4.0161 8.8678 48.51
9.4360 7.9152 8.7476 31.13
4.9400 4.4598 8.8598 48.36
8.3476 6.6074 8.7797 34.98
4.3845 3.7700 8.8741 52.25
7.9631 5.8946 8.8039 36.97
9.4483 6.2695 4.9432 17.89
7.0843 4.9409 8.8423 40.86
11.2591 8.8586 8.7084 27.34
5.8002 4.8789 8.8383 44.59
9.8583 7.2987 8.7529 31.21
5.1809 4.1290 8.8708 48.45
8.6879 6.0504 8.7821 35.09
4.4115 3.3576 8.6134 52.34
7.7019 5.0438 8.8197 38.99
9.4544 7.0527 5.5121 19.73
6.3509 5.0191 8.8358 42.71
11.7571 8.1488 8.7370 27.43
6.0608 4.4898 8.8413 44.67
9.4793 6.1376 6.7126 25.56
6.6679 4.5413 8.8561 42.80
10.4639 6.2910 8.7771 31.35
4.8148 3.1721 7.9750 48.63
8.9824 6.4876 8.5737 33.17
4.8663 3.7982 8.8743 50.40
9.4859 6.3252 8.2604 31.29
5.3702 3.8455 8.8874 48.53
8.3632 5.2489 8.8290 37.09
9.4377 5.2965 5.2094 19.88
6.8976 4.1011 8.8531 42.88
10.9785 7.3993 8.7702 29.36
5.7213 4.1388 8.8689 46.61
8.9324 5.6939 8.8176 35.17
4.5315 3.1602 8.6216 52.40
7.3576 4.4326 8.8433 40.96
11.6022 6.1389 8.7749 29.53
5.8655 3.3592 8.6222 46.77
9.4732 6.0764 7.1735 27.48
6.2183 4.2254 8.8491 44.75
9.7256 5.8096 8.7861 33.29
4.9644 3.2325 8.6304 50.50
7.9909 4.5010 8.8345 39.09
9.4525 4.6977 5.5575 21.92
7.0914 3.7345 8.8784 42.96
10.4439 6.3350 8.7859 31.37
4.7965 3.1865 7.9592 48.60
8.5272 4.8720 8.8198 37.17
9.4380 4.7972 5.1501 19.98
7.0613 3.8101 8.8793 42.94
11.8697 5.5228 8.7875 29.61
5.9768 3.0237 8.5925 46.85
8.9747 5.2108 8.6897 35.23
4.7459 3.0152 8.7769 52.45
7.5257 4.1191 8.8633 41.03
8.9365 4.3134 6.1176 25.77
6.4856 3.3232 8.6950 44.91
10.2974 4.5444 8.8194 33.49
5.4716 2.6468 8.9179 50.72
8.0099 4.4491 8.8339 39.11
9.4486 4.6364 5.5509 21.94
7.0867 3.6768 8.8624 43.00
11.0678 4.9790 8.8130 31.56
5.8398 2.8675 8.8952 48.79
7.6572 3.2691 8.7052 41.18
8.9238 4.5330 6.1501 25.74
5.9578 3.2335 8.1832 44.91
11.0611 5.1107 8.8334 31.53
5.8243 2.9295 8.9063 48.78
7.6080 3.3420 8.6870 41.17
8.6911 3.3218 6.2577 27.82
6.8681 2.7835 8.8771 45.04
10.9663 5.2015 8.8029 31.53
5.7978 2.9924 8.9048 48.77
7.4638 3.3738 8.5738 41.15
8.4002 3.3381 6.9359 31.63
5.9648 2.5510 8.9105 48.86
8.2877 2.9703 7.2358 33.61
5.6160 2.1906 8.9127 50.84
8.2912 3.7991 8.8483 39.23
11.2390 4.5091 8.8187 31.61
5.9291 2.6045 8.8931 48.86
8.5168 3.1465 7.4071 33.57
5.5911 2.2523 8.9082 50.83
9.1174 2.9952 8.2538 35.53
3.0228 1.2125 5.8216 52.77
6.7951 2.9995 8.8826 45.03
11.3741 4.2262 8.8490 31.65
5.9857 2.4444 8.8991 48.90
9.0607 3.0694 7.7438 33.60
5.6448 2.1026 8.9216 50.87
8.1055 2.4964 8.9044 41.33
8.5249 3.3157 6.5770 29.71
6.4102 2.6573 8.8960 46.94
8.4611 2.9632 6.9077 31.69
6.0462 2.2855 8.9148 48.94
8.6522 2.7336 8.8825 39.40
9.4202 2.4823 5.7023 24.12
6.5983 1.9241 8.8991 47.12
9.2308 3.3137 7.4201 31.66
6.0194 2.3483 8.9048 48.92
9.3068 2.9822 7.8922 33.64
3.2601 1.2582 5.8109 50.86
8.0995 2.3568 8.8708 41.35
11.7190 2.7797 8.8610 31.82
6.1860 1.6641 8.9184 49.10
9.0252 2.9972 7.7112 33.62
3.2468 1.2914 5.8082 50.86
8.0887 2.4436 8.8791 41.34
11.6752 2.8879 8.8570 31.84
6.1737 1.7266 8.9111 49.06
8.8262 1.9502 8.9046 39.53
9.4520 2.8005 5.7450 24.09
6.5770 2.1381 8.9220 47.06
9.3814 2.5020 8.8908 37.56
9.4694 2.0704 5.3122 22.31
7.1548 1.7322 8.9229 45.27
10.9667 2.0300 8.8844 33.83
5.8177 1.2586 8.9245 51.06
8.1167 2.3136 8.8840 41.38
11.7306 2.7074 8.8645 31.84
6.1882 1.6201 8.9061 49.09
9.4658 1.9056 8.8795 37.63
9.4444 1.4588 5.2745 22.37
8.3009 1.4076 8.9237 41.52
11.7163 2.8282 8.8721 31.84
6.1815 1.6883 8.9127 49.07
9.4805 2.0065 8.9051 37.64
9.4370 1.5573 5.2679 22.33
7.7517 1.4254 8.9439 43.42
7.5254 1.0331 5.7853 30.06
6.7447 1.0302 8.9228 47.30
9.4599 2.0969 8.8918 37.60
9.4389 1.6591 5.2719 22.31
7.7113 1.4959 8.9168 43.42
7.5148 1.1174 5.7893 30.08
6.7508 1.1040 8.9401 47.30
11.0370 1.1642 8.8878 33.94
5.8655 0.7844 8.9298 51.17
8.8379 1.7521 8.8921 39.56
9.4616 1.4180 5.6683 24.28
7.7387 1.2910 8.9223 43.46
7.5163 0.9170 5.7837 30.12
6.7577 0.9220 8.9330 47.34
11.0817 0.8774 8.9129 33.97
5.8855 0.6268 8.9465 51.20
9.5271 1.5962 8.8969 37.67
9.4216 1.1568 5.2621 22.43
8.3096 1.1393 8.9112 41.56
8.9414 0.8042 6.1968 28.21
7.2685 0.7695 8.9374 45.43
11.9776 0.6158 8.9237 32.06
6.3364 0.4855 8.9679 49.35
10.2519 1.4218 8.8941 35.80
3.1137 0.6134 5.8053 53.02
8.9109 0.9577 8.9051 39.70
9.4600 0.5727 5.6579 24.39
7.8043 0.5973 8.9417 43.54
8.9349 0.2437 6.1967 28.28
7.2789 0.3100 8.9468 45.51
11.9352 1.2860 8.9107 32.01
6.3098 0.8494 8.9444 49.25
10.3215 0.7871 8.9202 35.86
3.1193 0.4026 5.8020 53.13
8.9027 0.3967 8.8872 39.76
9.4561 -0.0206 5.6666 24.46
7.7963 0.1021 8.9444 43.62
7.5577 0.6696 5.7963 30.12
6.7778 0.6997 8.9357 47.35
11.1047 0.5275 8.9237 34.00
5.9056 0.4366 8.9612 51.22
9.4527 0.1378 8.2993 35.94
3.1255 0.1920 5.8075 53.19
8.3224 -0.1368 8.9293 41.75
8.9555 0.5190 6.2050 28.25
7.2825 0.5384 8.9569 45.50
7.5494 0.1936 5.7948 30.19
6.7775 0.2706 8.9377 47.44
10.3206 -0.1337 8.9435 35.99
3.1219 0.1039 5.8106 53.23
8.3234 -0.3576 8.9476 41.78
8.9497 0.2841 6.2053 28.28
7.2643 0.3438 8.9396 45.54
11.9508 -0.0809 8.9276 32.14
6.3222 0.1017 8.9558 49.40
9.5904 -0.3558 8.9486 37.94
9.4622 -0.7657 5.7073 24.55
7.6579 -0.5091 8.8631 43.71
8.9313 0.0496 6.2018 28.31
7.2808 0.1504 8.9649 45.58
11.0626 -0.3410 8.9299 34.10
5.8849 -0.0408 8.9651 51.34
8.8967 -0.5432 8.9356 39.88
8.9242 -0.9321 6.2570 28.43
6.7353 -0.5995 8.9750 47.59
10.3067 -0.1961 8.9384 36.00
3.1229 0.0844 5.8124 53.23
8.3295 -0.4045 8.9520 41.77
7.5295 -0.6776 5.8354 30.34
6.7441 -0.5276 8.9778 47.59
9.5031 -1.2061 8.9730 38.04
9.4605 -0.4708 5.6954 24.55
7.7696 -0.2786 8.9544 43.71
11.8814 -1.0122 8.9448 32.24
6.2842 -0.4065 8.9640 49.49
8.8637 -1.0137 8.9639 39.94
8.9102 -1.4082 6.2980 28.49
6.6870 -0.9597 8.9901 47.65
10.2571 -0.7343 8.9429 36.06
3.1094 -0.0915 5.8133 53.28
7.7133 -0.7709 8.9591 43.78
10.9449 -1.6043 8.9727 34.23
5.7963 -0.7319 8.9694 51.48
7.6438 -1.3376 8.9865 43.83
11.0104 -1.0962 8.9567 34.18
5.8455 -0.4572 8.9659 51.40
8.2452 -1.0623 8.9685 41.88
10.9040 -1.8948 8.9810 34.24
5.7756 -0.8917 8.9790 51.50
7.6142 -1.5448 9.0054 43.85
10.9823 -1.3844 8.9701 34.21
5.8414 -0.6170 8.9906 51.43
7.6615 -1.1814 8.9739 43.81
10.0733 -2.0074 8.9864 36.21
3.0639 -0.5115 5.8540 53.44
7.0218 -1.6044 8.9751 45.81
10.1633 -1.5327 8.9683 36.14
3.0844 -0.3557 5.8372 53.39
7.1085 -1.2738 8.9833 45.79
9.3052 -2.0958 8.9669 38.11
9.4339 -2.5466 5.8856 24.76
6.5159 -1.6625 8.9925 47.74
8.7572 -1.5292 8.9643 40.02
11.6507 -2.5492 8.9945 32.37
6.1570 -1.2445 8.9951 49.61
8.0438 -2.0110 8.9903 42.00
8.9764 -2.6665 6.5152 28.61
6.9266 -1.9799 8.9954 45.87
9.3826 -1.9098 8.9892 38.09
9.4319 -2.3468 5.8526 24.72
6.5605 -1.5294 8.9948 47.71
9.2649 -2.6266 8.0341 34.35
5.6329 -1.5109 9.0036 51.60
8.1620 -2.6279 7.7708 36.30
5.1673 -1.5869 8.9983 53.55
7.0288 -1.5765 8.9721 45.80
8.9945 -2.4326 8.8060 38.15
9.2240 -2.9134 5.8524 24.81
7.9349 -2.4401 9.0090 42.03
8.5237 -3.0190 6.7686 30.58
6.3555 -2.1836 9.0116 47.81
8.6175 -2.2232 8.9994 40.10
8.9242 -2.7105 6.0855 26.70
7.4129 -2.1855 8.9958 43.94
8.6989 -2.9922 6.4377 28.66
6.8420 -2.2807 9.0112 45.89
9.5449 -3.6494 8.9969 36.36
5.0741 -1.8697 9.0170 53.60
8.5538 -2.4508 9.0060 40.12
9.1250 -3.0503 5.8245 24.79
7.8701 -2.5574 8.9958 42.06
8.2684 -3.0667 7.4983 34.41
5.4916 -1.9680 9.0299 51.67
7.6358 -3.1314 8.9965 42.13
9.2337 -2.9663 6.7001 28.62
6.8936 -2.1426 9.0132 45.87
7.7342 -2.7628 7.9580 38.22
9.4322 -3.8305 5.6747 22.93
6.6220 -2.6119 8.9316 45.94
10.0736 -4.4893 9.0318 34.48
5.3183 -2.3125 9.0053 51.73
8.1573 -2.8181 8.2858 38.22
9.4482 -3.7264 5.6670 22.94
6.9319 -2.6646 8.7256 44.01
10.8775 -4.7257 9.0107 32.55
5.7570 -2.4392 9.0115 49.75
8.0388 -3.8137 9.0401 40.23
8.9789 -3.4212 6.2411 26.76
6.3118 -2.3297 9.0242 47.82
9.4637 -3.9735 9.0353 36.37
5.0002 -2.0364 9.0159 53.63
6.0717 -2.7908 8.0221 44.07
9.8325 -5.0184 9.0496 34.51
5.1790 -2.5985 9.0098 51.76
7.3596 -2.9745 8.7174 42.15
11.6996 -5.3083 9.0408 30.65
5.8862 -2.6171 8.7209 47.87
8.5444 -4.2331 9.0385 38.35
9.4328 -5.1622 5.9413 23.03
6.3456 -3.4185 9.0488 46.03
10.0843 -4.4363 9.0237 34.48
5.3536 -2.2978 9.0372 51.72
7.4555 -3.5813 9.0230 42.16
10.5146 -5.5896 9.0581 32.60
5.3324 -2.7950 8.7606 49.84
7.7014 -4.4394 9.0463 40.28
11.6200 -5.5030 9.0525 30.67
5.9483 -2.7631 8.8552 47.88
8.4995 -4.3856 9.0511 38.31
9.4227 -5.3555 5.9787 23.04
6.2867 -3.5198 9.0400 46.01
9.4613 -5.8192 8.0288 30.73
5.7284 -3.4957 9.0432 47.96
8.5318 -4.2876 9.0386 38.31
9.4259 -5.2326 5.9526 23.03
6.3042 -3.4484 9.0300 46.05
9.4698 -5.6810 9.0596 34.54
4.8192 -2.8644 8.7787 51.80
7.4542 -4.8438 9.0537 40.31
11.3148 -6.1028 9.0624 30.71
5.9199 -3.1513 9.0282 47.92
8.2598 -4.8334 9.0642 38.35
11.7693 -7.5048 9.0921 28.82
6.0821 -3.8534 9.0483 46.06
8.4594 -5.8270 9.0736 36.49
4.2900 -2.9474 8.7827 53.75
6.7108 -3.8177 9.0502 44.15
9.4164 -5.8761 7.5180 28.82
6.1122 -3.7861 9.0305 46.04
8.9114 -6.0078 8.8627 34.57
4.3314 -2.9082 8.7962 53.74
6.2416 -4.5467 9.0566 44.19
9.4427 -5.7591 7.4881 28.78
6.1572 -3.7256 9.0420 46.05
8.9860 -5.9280 8.8799 34.58
4.2655 -2.8031 8.1464 51.83
6.7486 -4.8105 9.0546 42.24
9.4503 -7.2787 9.1025 32.72
4.9440 -3.8136 9.0490 49.95
8.0370 -5.1728 9.0617 38.38
11.4673 -8.0065 9.1103 28.83
5.8914 -4.1056 9.0372 46.10
8.2129 -6.1893 9.0918 36.53
4.3050 -3.2481 9.0389 53.76
6.8995 -5.6126 9.0652 40.36
10.6305 -7.2631 9.0901 30.76
5.5564 -3.7833 9.0584 47.98
7.7091 -5.6879 9.0840 38.40
11.9075 -9.4608 9.1219 26.94
6.0433 -4.8177 9.0633 44.20
10.6331 -9.1057 9.1244 28.87
5.4715 -4.7058 9.0753 46.13
8.3321 -6.0113 9.0767 36.50
3.8653 -2.7967 8.1914 53.76
6.1110 -4.7701 9.0827 44.18
9.8973 -8.3089 9.1201 30.78
5.1312 -4.3280 9.0542 48.03
7.6412 -6.9138 9.1054 36.54
3.9892 -3.6423 9.0532 53.80
6.1392 -4.6837 9.0640 44.22
9.9693 -8.1907 9.1127 30.79
5.1725 -4.2691 9.0440 48.01
8.8926 -7.8800 9.0672 32.71
4.6676 -4.1635 9.0476 49.92
8.6406 -8.2356 9.1026 32.72
4.5245 -4.3542 9.0864 49.97
7.8725 -6.3405 8.9575 36.52
4.1977 -3.3973 9.0515 53.78
7.2318 -6.2833 9.0876 38.43
9.2778 -8.6735 6.2841 21.22
6.9890 -6.5381 9.0934 38.49
8.8027 -8.8450 6.2017 21.24
6.7622 -6.8112 9.1150 38.50
8.9172 -7.5954 6.3678 23.12
6.7945 -5.7841 9.0965 40.39
9.4562 -8.6555 6.8422 23.13
6.5717 -6.0302 9.0880 40.38
7.6245 -7.5257 5.9383 23.12
6.3488 -6.2723 9.0929 40.39
7.4701 -7.9256 6.0199 23.15
6.1235 -6.5120 9.1024 40.39
10.4820 -9.3774 9.1580 28.86
5.3570 -4.8262 9.0642 46.12
8.9544 -8.6243 8.8353 30.82
4.8185 -4.6860 9.0588 48.03
8.6863 -9.0046 8.8774 30.81
4.6545 -4.8819 9.0864 48.05
8.6625 -9.6454 9.1506 30.83
4.4701 -5.0535 9.0856 48.06
9.1410 -8.6309 8.9206 30.82
4.8746 -4.6400 9.0704 48.04
8.8473 -8.9776 8.9381 30.82
4.6961 -4.8216 9.0676 48.04
7.8767 -8.6173 8.3779 30.81
4.5200 -5.0060 9.0836 48.06
8.4110 -9.8731 9.1529 30.83
4.3272 -5.1680 9.0754 48.06
8.9527 -8.9074 8.9550 30.83
4.7350 -4.7591 9.0507 48.04
7.9757 -8.5412 8.3897 30.83
4.5713 -4.9554 9.0780 48.04
7.7987 -8.9910 8.5124 30.82
4.3785 -5.1222 9.0740 48.06
8.8712 -10.9694 9.1841 28.90
4.5083 -5.6725 9.0930 46.16
8.3420 -8.7529 8.0745 28.89
4.9589 -5.2545 9.0760 46.14
8.0123 -9.0445 8.0709 28.90
4.7703 -5.4489 9.0981 46.17
8.9685 -10.8663 9.1797 28.91
4.5627 -5.6198 9.0857 46.16
9.2303 -12.0195 9.1017 27.00
4.6900 -6.2247 9.1078 44.22
8.2442 -9.1147 7.6443 26.98
5.1770 -5.7744 9.0935 44.27
9.4461 -11.1914 8.8429 26.99
4.9635 -5.9773 9.0922 44.23
9.4124 -11.9962 8.4991 25.06
5.0917 -6.5984 9.0997 42.34
8.7752 -12.0641 7.7372 23.16
5.2328 -7.3044 9.1291 40.40
9.4219 -10.9479 7.5366 23.15
5.8089 -6.8172 9.1200 40.42
9.4225 -11.7547 7.2066 21.26
5.9712 -7.5408 9.1108 38.46
8.9533 -12.0589 6.5981 19.32
6.1457 -8.3543 9.1470 36.58
3.1661 -4.4281 9.0829 53.83
6.0938 -8.9477 8.9166 34.66
3.2296 -4.8833 9.0737 51.91
7.2996 -8.9812 8.8587 32.71
3.9197 -4.9169 9.0864 50.00
7.8540 -10.3840 9.1798 30.84
4.0201 -5.4365 9.0901 48.07
8.0910 -11.5321 9.1723 28.91
4.1068 -5.9841 9.0900 46.15
7.8265 -12.0426 8.6904 26.99
4.1994 -6.6183 9.1375 44.22
9.3282 -12.0450 8.4911 25.06
5.0688 -6.6474 9.1276 42.36
8.6575 -12.0544 7.7024 23.16
5.1773 -7.3234 9.1145 40.40
8.0073 -12.0513 6.9637 21.24
5.3032 -8.0908 9.1563 38.51
7.4021 -12.0658 5.7526 17.40
5.7924 -9.5380 9.1397 34.66
2.9425 -5.0276 9.0228 51.91
7.1013 -9.7297 9.1573 32.71
3.6588 -5.1398 9.1022 50.00
7.3131 -10.7980 9.1872 30.83
3.7207 -5.6469 9.0773 48.05
7.5405 -12.0146 8.6002 27.00
4.0785 -6.6693 9.1169 44.23
6.9932 -12.0923 7.3206 23.15
4.4474 -7.8499 9.1418 40.39
8.3720 -12.0554 7.0467 21.24
5.4664 -7.9733 9.1427 38.47
7.7496 -12.0673 5.8163 17.42
5.9873 -9.4164 9.1425 34.66
2.9898 -4.8686 8.8847 51.91
6.6571 -11.2953 9.2060 30.78
3.3644 -5.9032 9.1027 48.06
6.5445 -12.0455 8.3460 26.98
3.6551 -6.9335 9.1195 44.21
7.8854 -12.0242 8.0842 25.05
4.5229 -7.0347 9.1186 42.36
7.3126 -12.0514 6.8195 21.25
4.9402 -8.2905 9.1172 38.45
6.7351 -12.0858 5.6410 17.37
5.4258 -9.8390 9.1802 34.63
2.7500 -5.1998 9.0803 51.89
6.1277 -12.0315 8.8229 28.88
2.7698 -5.7172 9.1059 49.95
7.4508 -12.0387 9.1952 28.88
3.7459 -6.2352 9.0952 46.14
6.8669 -12.0527 7.8380 25.04
4.0837 -7.3335 9.1243 42.32
6.3108 -12.0626 6.6188 21.22
4.4240 -8.6141 9.1436 38.49
5.7907 -12.1014 5.0160 15.48
2.9926 -6.5102 5.9981 32.70
2.6147 -5.7914 9.1033 49.96
7.0187 -12.0351 9.0702 28.89
3.5920 -6.3586 9.1193 46.14
6.4428 -12.0307 7.7419 25.08
3.9019 -7.4665 9.1461 42.31
5.9195 -12.0714 6.5499 21.21
4.1335 -8.6065 9.0292 38.48
5.4155 -12.1164 4.9725 15.47
4.9283 -11.1396 9.2135 32.70
2.4621 -5.8705 9.1074 49.95
6.5930 -12.0194 8.9426 28.88
3.4186 -6.4505 9.1098 46.13
6.0551 -12.0403 7.0999 23.13
3.9724 -8.0948 9.1243 40.38
5.5546 -12.1023 5.4712 17.36
4.6596 -10.2856 9.2016 34.61
2.3304 -5.4361 9.0946 51.87
4.9972 -12.0546 7.9901 26.95
2.8922 -7.2754 9.0806 44.17
6.2289 -12.0692 6.6113 21.24
3.1509 -6.3390 7.0624 38.44
5.7196 -12.1200 5.0046 15.45
3.0146 -6.6414 6.0788 32.70
2.5885 -5.8186 9.1152 49.94
5.1360 -12.0354 8.0069 26.94
2.9461 -7.1995 9.0403 44.20
4.6645 -12.1050 5.8497 19.27
3.7103 -9.8294 9.1884 36.51
1.8213 -5.2063 9.0904 53.77
3.2721 -6.9917 5.9898 30.81
2.8511 -6.1922 9.1008 48.03
5.2741 -12.0292 7.4757 25.01
3.3001 -7.7658 9.1369 42.29
4.8092 -12.1022 5.3680 17.33
4.1127 -10.5108 9.1844 34.59
2.0417 -5.5782 9.1066 51.85
4.2687 -12.0416 7.8363 26.91
2.5297 -7.4965 9.1430 44.15
5.4592 -12.0859 6.4732 21.20
3.7986 -8.6127 8.9030 38.43
4.9754 -12.1241 4.4362 13.51
4.8885 -12.0112 9.1037 30.78
2.4583 -6.3898 9.1102 48.00
4.4202 -12.0524 6.8052 23.09
2.9440 -8.3305 8.9379 40.34
3.9739 -12.1151 4.3465 13.51
3.8927 -11.9992 8.8715 30.74
1.9909 -6.5950 9.1333 47.98
5.0597 -12.0396 6.9089 23.11
3.4173 -8.3770 9.1370 40.37
4.5894 -12.0868 4.8620 15.42
4.2842 -11.4116 9.2024 32.67
1.9518 -5.6200 9.1134 51.85
4.0692 -12.0622 7.2772 25.01
2.6004 -8.0709 9.1394 42.23
3.6142 -12.0923 4.7703 15.41
3.4594 -11.7544 9.2226 32.64
1.6685 -6.2037 9.1234 49.89
4.6830 -12.0289 7.3693 25.02
2.9484 -7.8656 9.0891 42.27
4.2290 -12.0809 5.2945 17.32
3.6701 -10.6894 9.1882 34.59
1.7985 -5.6761 9.1068 51.83
3.7119 -12.0411 7.2094 24.99
2.3864 -8.1526 9.1473 42.23
3.2822 -12.1065 4.7402 15.38
3.1673 -11.8642 9.2262 32.61
1.5034 -6.2611 9.1304 49.88
4.3426 -12.0755 7.3280 25.01
2.7696 -8.0226 9.1597 42.26
3.8819 -12.0754 4.7872 15.41
3.6796 -11.6291 9.1950 32.65
1.7930 -6.1548 9.1206 49.91
3.3828 -12.0669 6.6561 23.05
2.2992 -8.6198 8.9855 40.30
2.9607 -12.1211 3.8178 11.54
2.8886 -12.0411 8.1447 28.77
1.5915 -7.2367 9.1429 46.07
4.0177 -12.0954 5.7653 19.27
3.2389 -10.0256 9.1968 36.49
1.5658 -5.3043 9.0840 53.73
3.4976 -12.0364 7.6972 26.88
2.0909 -7.6468 9.1407 44.14
3.0716 -12.0882 4.7174 15.38
2.9695 -11.9091 9.2212 32.61
1.4014 -6.2741 9.1192 49.90
2.5935 -12.0775 6.0800 21.12
1.9672 -9.6433 9.1804 38.35
3.6932 -12.1121 3.8693 11.58
3.6142 -12.0213 8.2657 28.83
2.0016 -7.1161 9.1331 46.05
3.2051 -12.1026 5.1913 17.28
2.8356 -10.9916 9.1969 34.55
1.3407 -5.8293 9.1044 51.79
2.7101 -12.0462 6.5626 23.01
1.8171 -8.6244 8.8745 40.27
2.2681 -11.9079 3.3129 9.61
2.2545 -12.0768 7.5462 26.84
1.3296 -7.8915 9.1722 44.08
3.3325 -12.1020 5.2074 17.30
2.9439 -10.9564 9.1943 34.55
1.4055 -5.8134 9.1069 51.79
2.8405 -12.0592 6.5824 23.02
1.9127 -8.6233 8.8974 40.29
2.4020 -11.9411 3.3170 9.58
2.3667 -12.0338 7.5328 26.82
1.4051 -7.8542 9.1520 44.08
1.9769 -12.1073 4.1914 13.38
1.9070 -12.0085 8.5459 30.64
0.9260 -6.8974 9.1409 47.89
2.9970 -12.1003 5.6503 19.22
2.4511 -10.2820 9.1953 36.45
1.1380 -5.4467 9.0899 53.68
2.4998 -12.0501 7.0479 24.94
1.6149 -8.3860 9.1547 42.18
2.1100 -12.1239 3.7667 11.48
2.0303 -12.0223 8.0209 28.73
1.0919 -7.3630 9.1379 45.99
1.6462 -12.0782 4.6134 15.30
1.5809 -12.0246 9.0808 32.52
0.6637 -6.4595 9.1282 49.79
2.6595 -12.0965 6.0948 21.13
2.0140 -9.6505 9.1978 38.36
2.2486 -12.1217 2.9164 7.68
2.1819 -12.0837 7.0273 24.92
1.3998 -8.4574 9.1727 42.16
1.7899 -12.1255 3.7510 11.46
1.7102 -12.0212 7.9865 28.72
0.8994 -7.4062 9.1428 45.97
1.3393 -12.0920 4.1550 13.34
1.2731 -12.0170 8.4799 30.59
0.5600 -6.9450 9.1157 47.82
2.3394 -12.0990 5.1167 17.25
2.0993 -11.2494 9.2342 34.50
0.9381 -5.9357 9.1034 51.74
1.8788 -12.0802 6.0132 21.07
1.2423 -8.8081 8.4113 38.32
1.4959 -12.1382 2.4699 5.72
1.4297 -12.0892 6.4582 22.94
0.8909 -8.6766 8.7529 40.20
1.0472 -12.1307 2.8740 7.60
0.9801 -12.0424 6.9105 24.87
0.5603 -8.5996 9.1649 42.08
2.0431 -12.1311 3.7677 11.49
1.9605 -12.0146 8.0073 28.72
1.0561 -7.3979 9.1583 45.96
1.5902 -12.1168 4.1759 13.37
1.5088 -12.0047 8.5064 30.64
0.7052 -6.9506 9.1571 47.87
1.1398 -12.0970 4.5948 15.28
1.0626 -12.0105 9.0218 32.50
0.3932 -6.5121 9.1416 49.76
0.7068 -12.1059 4.5756 15.24
0.6356 -12.0168 8.9875 32.46
0.1508 -6.5426 9.1434 49.72
1.6952 -12.0957 5.5358 19.15
1.3759 -10.5432 9.2007 36.38
0.5535 -5.5930 9.1060 53.61
1.2422 -12.0674 5.9615 21.03
0.7760 -8.8284 8.3635 38.28
0.8815 -12.1821 2.0396 3.76
0.8017 -12.0496 5.9251 20.99
0.4470 -8.7140 8.2316 38.22
0.4361 -12.1435 2.0293 3.73
0.3711 -12.0776 5.9219 20.98
0.1878 -9.9578 9.1925 38.21
1.4255 -12.1530 2.4687 5.71
1.3629 -12.0935 6.4554 22.94
0.8415 -8.6800 8.7528 40.21
0.9803 -12.1240 2.8731 7.60
0.9073 -12.0664 6.9102 24.84
0.5103 -8.6103 9.1718 42.08
0.5461 -12.1312 2.8549 7.54
0.4796 -12.0684 6.8858 24.81
0.1914 -8.6214 9.1479 42.04
0.1132 -12.1243 2.8488 7.53
0.0465 -12.0392 6.8624 24.81
-0.1159 -8.5974 9.1072 42.01
1.0737 -11.9302 3.2605 9.50
1.0258 -12.0671 7.4285 26.78
0.5279 -8.0274 9.1664 44.01
0.6459 -11.9327 3.2530 9.49
0.5938 -12.0586 7.3870 26.71
0.2410 -8.0437 9.1480 43.97
0.2221 -11.9140 3.2366 9.45
0.1559 -12.0260 7.3537 26.70
-0.0539 -8.0791 9.1581 43.93
-0.1960 -12.1523 2.8463 7.50
-0.2631 -12.0397 6.8540 24.78
-0.3402 -8.6120 9.1118 41.98
0.7816 -12.1325 2.8699 7.59
0.7174 -12.0430 6.8856 24.82
0.3729 -8.6258 9.1704 42.07
0.3578 -12.1264 2.8544 7.54
0.2835 -12.0732 6.8858 24.82
0.0589 -8.6146 9.1327 42.03
-0.0747 -12.1017 2.8345 7.48
-0.1422 -12.0512 6.8559 24.77
-0.2590 -8.6120 9.1138 41.99
-0.4923 -12.1412 2.4220 5.56
-0.5653 -12.0786 6.3725 22.82
-0.5670 -8.9509 8.8775 40.04
0.4852 -12.1435 2.4442 5.65
0.4183 -12.0423 6.3822 22.89
0.1705 -8.9443 8.9016 40.12
0.0573 -12.1448 2.4358 5.62
-0.0167 -12.0134 6.3551 22.86
-0.1524 -8.9232 8.8670 40.10
-0.3631 -12.1502 2.0123 3.66
-0.4384 -12.0737 5.8903 20.88
-0.4848 -10.0123 9.2027 38.12
-0.7877 -12.1661 1.5902 1.69
-0.8624 -12.0800 5.4336 18.97
-0.8772 -10.7393 9.2058 36.19
-0.6751 -5.6818 9.1067 53.44
0.1264 -12.0808 5.4510 19.04
0.0004 -10.7151 9.2013 36.27
-0.1956 -5.6915 9.1227 53.50
-0.2981 -12.0871 4.9812 17.06
-0.3779 -11.5541 9.2183 34.33
-0.4067 -6.1009 9.1041 51.56
-0.7253 -12.1164 4.5435 15.12
-0.8031 -12.0075 8.9357 32.36
-0.6437 -6.5668 9.1328 49.61
-1.1469 -12.1122 4.0973 13.15
-1.2176 -12.0426 8.4016 30.41
-0.9158 -7.0448 9.1494 47.65
-0.1554 -12.1115 3.6874 11.35
-0.2322 -12.0582 7.8826 28.60
-0.3187 -7.5605 9.1580 45.81
-0.5749 -11.9349 3.2232 9.38
-0.6489 -12.0622 7.3487 26.62
-0.6032 -8.0960 9.1590 43.87
-1.0021 -12.1108 2.8239 7.41
-1.0705 -12.0268 6.8339 24.68
-0.9346 -8.6279 9.1266 41.91
-1.4266 -12.1762 2.0001 3.58
-1.4921 -12.0780 5.8992 20.82
-1.3693 -9.9871 9.2054 38.05
-0.4330 -12.1749 1.5939 1.71
-0.4932 -12.0848 5.4385 18.99
-0.5558 -10.7635 9.2218 36.22
-0.4982 -5.6962 9.1176 53.45
-0.9176 -12.0856 4.9751 17.01
-0.9780 -11.5962 9.2495 34.29
-0.7309 -6.1145 9.1196 51.50
-1.3482 -12.1240 4.5460 15.08
-1.4268 -12.0268 8.9574 32.30
-0.9893 -6.5444 9.1223 49.56
-1.7683 -12.1383 3.6760 11.20
-1.8421 -12.0395 7.8765 28.42
-1.3327 -7.4414 9.0840 45.73
-0.7597 -11.9103 3.2212 9.39
-0.8407 -12.0248 7.3339 26.62
-0.7392 -8.1085 9.1673 43.84
-1.1916 -12.1335 2.8307 7.42
-1.2694 -12.0647 6.8599 24.69
-1.0650 -8.6039 9.1105 41.90
-1.6074 -12.1662 1.9934 3.54
-1.6803 -12.0541 5.8857 20.78
-1.5258 -9.9873 9.2082 38.01
-2.0342 -12.1667 1.1567 -0.32
-2.1069 -12.0989 4.9882 16.90
-2.1065 -11.5121 9.2369 34.17
-1.3350 -6.0427 9.0878 51.39
-1.1027 -12.0654 4.5295 15.10
-1.1799 -12.0258 8.9504 32.32
-0.8570 -6.5683 9.1384 49.57
-1.5206 -12.1064 3.6716 11.23
-1.5926 -12.0433 7.8660 28.44
-1.1782 -7.4628 9.0853 45.72
-1.9381 -12.1137 2.8292 7.38
-2.0111 -12.0566 6.8706 24.60
-1.6163 -8.6254 9.1622 41.81
-2.3650 -12.1296 1.9858 3.49
-2.4363 -12.0672 5.9218 20.74
-2.1480 -9.9130 9.2096 37.96
-1.3534 -12.1387 1.1717 -0.25
-1.4219 -12.0873 4.9781 16.98
-1.4613 -11.5639 9.2314 34.22
-0.9893 -6.1164 9.1400 51.46
-1.8384 -12.0970 4.1078 13.14
-1.9218 -12.0386 8.4318 30.37
-1.3177 -6.9430 9.0737 47.60
-2.2286 -11.9211 3.2105 9.22
-2.3419 -12.0618 7.3887 26.46
-1.7450 -8.0153 9.1592 43.73
-2.6848 -12.1280 2.3994 5.36
-2.7586 -12.0387 6.4069 22.62
-2.1697 -8.7022 8.7751 39.84
-1.6749 -12.1467 1.5720 1.60
-1.7389 -12.0904 5.4427 18.89
-1.6683 -10.6984 9.2026 36.11
-1.1028 -5.6652 9.1133 53.34
-2.1637 -12.1114 4.5432 14.97
-2.2456 -12.0079 8.9864 32.22
-1.4450 -6.5192 9.1507 49.51
-2.5884 -12.1014 3.6734 11.11
-2.6724 -12.0376 7.9279 28.36
-1.8576 -7.4468 9.1535 45.63
-3.0227 -12.1267 2.8255 7.25
-3.0953 -12.0545 6.9306 24.49
-2.3693 -8.5017 9.1634 41.74
-2.0033 -12.1468 2.4158 5.47
-2.0685 -12.0498 6.3767 22.68
-1.6610 -8.6806 8.6999 39.91
-2.4235 -12.1336 1.5588 1.53
-2.4927 -12.0725 5.4492 18.78
-2.3345 -10.6733 9.2353 36.03
-1.4635 -5.6220 9.1235 53.29
-2.9292 -12.0973 4.5674 14.94
-1.9515 -7.2494 5.9916 32.15
-1.8537 -6.4550 9.1449 49.41
-3.3626 -12.0994 3.6907 11.04
-3.4369 -11.9974 7.9734 28.27
-2.3206 -7.3494 9.1491 45.57
-2.3304 -12.1106 2.8263 7.34
-2.4049 -12.0772 6.8984 24.57
-1.8881 -8.6002 9.1777 41.80
-2.7579 -12.1567 1.9784 3.43
-2.8271 -12.0830 5.9416 20.68
-2.2394 -8.8246 8.3850 37.94
-3.1899 -12.1593 1.1305 -0.43
-3.2554 -12.0754 5.0233 16.80
-2.0213 -6.7100 6.0063 34.05
-1.9226 -5.9779 9.1351 51.29
-3.7034 -12.1082 4.1415 12.91
-3.7796 -12.0283 8.5869 30.16
-2.3820 -6.8151 9.1340 47.41
-2.6109 -11.9094 3.2182 9.21
-2.7281 -12.0394 7.4084 26.45
-2.0070 -7.9887 9.1623 43.66
-3.0858 -12.1527 2.4112 5.37
-3.1632 -12.0739 6.4460 22.58
-2.4563 -8.6913 8.8115 39.81
-3.5262 -12.1561 1.5458 1.44
-3.5908 -12.0527 5.5071 18.71
-3.2606 -10.4612 9.2109 35.94
-1.9691 -5.5162 9.1141 53.17
-4.0466 -12.0948 4.6125 14.81
-4.1173 -11.9806 9.1819 32.03
-2.4339 -6.3248 9.1500 49.29
-2.9788 -12.1038 3.6836 11.08
-3.0663 -12.0463 7.9726 28.35
-2.0969 -7.4156 9.1532 45.55
-3.4155 -12.1154 2.8302 7.22
-3.4995 -12.0452 6.9614 24.46
-2.4992 -7.8881 9.1630 43.60
-3.8618 -12.1062 2.3960 5.24
-3.9522 -12.0697 6.5045 22.48
-3.0231 -8.6412 8.8752 39.73
-4.3241 -12.1555 1.5334 1.36
-4.4001 -12.0566 5.5673 18.63
-3.9149 -10.3002 9.2178 35.86
-2.3181 -5.4247 9.1214 53.10
-3.3260 -12.0890 4.5792 14.89
-3.4122 -12.0320 9.1175 32.11
-2.0571 -6.3895 9.1141 49.36
-3.7580 -12.0698 3.7039 11.04
-3.8483 -12.0409 8.0483 28.25
-2.5581 -7.3084 9.1530 45.49
-4.2159 -12.1161 2.8319 7.11
-4.2944 -12.0446 7.0408 24.38
-3.1780 -8.3208 9.1701 41.60
-4.6882 -12.1523 1.9713 3.27
-4.7645 -12.0774 6.0953 20.51
-3.9271 -9.4926 9.1986 37.74
-3.5849 -12.1318 1.1232 -0.46
-3.6596 -12.0707 5.0443 16.77
-3.5389 -11.2468 9.2204 34.01
-2.1103 -5.9283 9.1257 51.24
-4.1120 -12.1066 4.1629 12.89
-4.1919 -12.0017 8.6255 30.11
-2.6040 -6.7624 9.1375 47.36
-4.4990 -11.9210 3.2494 9.00
-4.6582 -12.0532 7.6119 26.23
-3.2093 -7.7258 9.1893 43.49
-5.0372 -12.1380 2.4081 5.13
-5.1162 -12.0466 6.6274 22.39
-3.8657 -8.6150 9.0559 39.61
-3.9313 -12.1405 1.5361 1.39
-4.0015 -12.0771 5.5426 18.67
-3.6020 -10.3887 9.2171 35.89
-2.1482 -5.4792 9.1219 53.12
-4.4578 -12.0877 4.6333 14.77
-4.5401 -11.9732 9.2546 32.01
-2.6345 -6.2579 9.1438 49.26
-4.9386 -12.1336 3.7498 10.88
-5.0179 -12.0259 8.2088 28.14
-3.2146 -7.1262 9.1695 45.38
-5.3927 -12.0846 2.8564 7.01
-5.4765 -12.0169 7.1845 24.26
-3.9055 -8.0765 9.1733 41.50
-4.2749 -12.1400 1.9693 3.29
-4.3452 -12.0532 6.0418 20.54
-3.6413 -9.6037 9.2190 37.79
-4.7391 -12.1516 1.0968 -0.57
-4.8151 -12.0840 5.1226 16.64
-4.5315 -10.9968 9.2314 33.88
-2.6461 -5.7777 9.1316 51.12
-5.2908 -12.0930 4.2188 12.75
-5.3728 -12.0003 8.8276 30.00
-3.2108 -6.5767 9.1499 47.23
-5.6931 -11.9173 3.2986 8.91
-5.8544 -12.0137 7.7872 26.14
-3.8742 -7.4415 9.1524 43.37
-4.6305 -12.1336 2.4159 5.22
-4.6991 -12.0384 6.5720 22.42
-3.5660 -8.6124 8.9810 39.67
-5.1148 -12.1821 1.5242 1.29
-5.1778 -12.0759 5.6434 18.55
-4.5058 -10.1056 9.2118 35.77
-2.6375 -5.3154 9.1093 52.99
-5.6637 -12.0814 4.7213 14.67
-5.5866 -11.6136 9.2477 31.88
-3.1930 -6.0661 9.1503 49.14
-6.1684 -12.1067 3.8109 10.77
-6.2578 -12.0194 8.4287 28.00
-3.8301 -6.8490 9.1445 45.29
-4.9963 -12.1213 2.8573 7.08
-5.0643 -12.0258 7.1314 24.31
-3.6492 -8.1511 9.1589 41.55
-5.4658 -12.1270 1.9642 3.17
-5.5502 -12.0667 6.1776 20.42
-4.3263 -8.9579 8.9135 37.67
-5.9710 -12.1659 1.0568 -0.72
-6.0526 -12.0990 5.2389 16.52
-5.4966 -10.6448 9.2415 33.79
-3.1614 -5.5753 9.1285 51.00
-6.5515 -12.0831 4.3037 12.63
-6.6352 -11.9915 9.0952 29.88
-3.7904 -6.3241 9.1474 47.13
-5.2666 -11.9044 3.2794 8.95
-5.4436 -12.0431 7.7318 26.18
-3.6572 -7.5578 9.1815 43.42
-5.8317 -12.1082 2.4152 5.05
-5.9237 -12.0378 6.7256 22.28
-4.4246 -8.5498 9.1751 39.55
-6.3468 -12.1342 1.5070 1.18
-6.4277 -12.0540 5.7680 18.40
-5.4004 -9.7646 9.2180 35.63
-3.1172 -5.1167 9.1180 52.88
-6.9776 -12.0796 5.3344 16.43
-6.1667 -10.3623 9.2522 33.69
-3.5127 -5.4112 9.1300 50.91
-5.7370 -12.0984 4.2530 12.73
-5.8304 -12.0289 8.9423 29.98
-3.4200 -6.4811 9.1493 47.24
-6.1457 -11.9207 3.3119 8.84
-6.3250 -12.0320 7.8858 26.11
-4.1158 -7.3471 9.1621 43.33
-6.7722 -12.1264 2.9089 6.91
-6.8514 -12.0310 7.4224 24.13
-4.6788 -7.7628 9.1854 41.35
-7.3238 -12.1505 2.4431 4.91
-7.3974 -12.0312 6.9700 22.17
-5.2736 -8.1736 9.1864 39.39
-6.0493 -12.1245 1.5046 1.18
-6.1299 -12.0616 5.7431 18.46
-5.2100 -9.8629 9.2332 35.68
-3.0007 -5.1569 9.1000 52.91
-6.6588 -12.0744 5.2983 16.46
-5.9497 -10.4538 9.2498 33.74
-3.3996 -5.4643 9.1268 50.94
-7.2087 -12.0843 4.8645 14.52
-6.7871 -11.0863 9.2494 31.73
-3.8236 -5.7628 9.1394 48.99
-7.7496 -12.0562 4.4001 12.52
-7.7236 -11.7769 9.2614 29.77
-4.2918 -6.0687 9.1529 47.01
-6.3721 -11.9136 3.3197 8.81
-6.5642 -12.0298 7.9269 26.07
-4.2333 -7.2771 9.1482 43.31
-7.0040 -12.1103 2.9100 6.87
-7.0969 -12.0191 7.4635 24.11
-4.7967 -7.6980 9.1839 41.34
-7.5591 -12.1176 2.4433 4.88
-7.6578 -12.0418 7.0153 22.13
-5.4085 -8.1026 9.1896 39.37
-8.1510 -12.1298 1.9738 2.94
-8.2499 -12.0593 6.5804 20.18
-6.0764 -8.5158 9.1890 37.40
-6.8188 -12.1218 1.4937 1.10
-6.9175 -12.0839 5.8491 18.39
-5.7000 -9.5820 9.1948 35.60
-3.2785 -5.0311 9.1071 52.83
-7.4716 -12.0885 5.3960 16.38
-6.4741 -10.1467 9.2157 33.65
-3.6958 -5.3228 9.1432 50.88
-8.0426 -12.0791 4.9505 14.43
-7.3626 -10.7689 9.2444 31.66
-4.1160 -5.5711 9.1185 48.94
-8.6435 -12.0901 4.4932 12.44
-8.3386 -11.4194 9.2567 29.69
-4.6075 -5.8663 9.1416 46.94
-7.2667 -12.0885 3.8788 10.67
-7.3827 -12.0282 8.6838 27.90
-4.3442 -6.6132 9.1409 45.13
-7.8327 -12.0909 3.4230 8.69
-7.9135 -11.9852 8.1995 25.96
-4.8695 -6.9432 9.1438 43.18
-8.4322 -12.1076 2.9703 6.76
-8.5394 -12.0399 7.7707 23.98
-5.4679 -7.2951 9.1594 41.20
-9.0732 -12.1182 2.9916 6.68
-9.1399 -11.9890 7.8866 23.92
-5.7323 -7.1274 9.1652 41.17
-7.6593 -12.1241 2.4603 4.93
-7.7540 -12.0527 7.0403 22.13
-5.4546 -8.0761 9.1879 39.36
-8.2417 -12.1256 1.9768 2.94
-8.3363 -12.0506 6.5875 20.15
-6.1334 -8.4954 9.2024 37.41
-8.8484 -12.1183 1.9727 2.86
-8.9614 -12.0406 6.6939 20.09
-6.4407 -8.3021 9.1898 37.32
-9.5112 -12.1130 1.9816 2.82
-9.6099 -12.0270 6.8237 20.06
-6.7098 -8.0454 9.1474 37.29
-8.0579 -12.1239 1.4770 0.99
-8.1623 -12.0770 6.0257 18.27
-6.2956 -8.9517 8.9966 35.49
-3.6768 -4.8066 9.1020 52.72
-8.7658 -12.0767 5.5653 16.27
-7.2704 -9.6976 9.2198 33.53
-4.1109 -5.0601 9.1278 50.76
-9.4043 -12.0625 5.6576 16.22
-7.6173 -9.4569 9.2039 33.45
-4.2990 -4.9311 9.1256 50.70
-10.0848 -12.0479 5.7565 16.16
-7.7326 -8.9314 8.9697 33.42
-4.4850 -4.8039 9.1293 50.64
-8.5704 -12.0625 5.0109 14.39
-7.6817 -10.5324 9.2171 31.61
-4.3158 -5.4832 9.1410 48.85
-9.2141 -12.0797 5.0907 14.33
-8.0760 -10.2927 9.2246 31.57
-4.5050 -5.3279 9.1171 48.82
-9.8863 -12.0726 5.1780 14.28
-7.4492 -8.7792 8.2359 31.50
-4.7069 -5.1942 9.1316 48.78
-10.3495 -11.7814 5.1788 14.22
-8.8423 -9.7977 9.2398 31.44
-4.8948 -5.0344 9.1082 48.69
-9.0302 -12.0675 5.0685 14.35
-7.9871 -10.3949 9.2446 31.57
-4.4512 -5.3715 9.1185 48.81
-9.6816 -12.0634 5.1424 14.27
-7.3366 -8.8178 8.2142 31.51
-4.6613 -5.2431 9.1450 48.79
-10.3193 -11.9832 5.2214 14.25
-8.7156 -9.8348 9.2155 31.46
-4.8456 -5.0872 9.1218 48.71
-10.3286 -11.1378 5.5777 16.08
-8.2303 -8.5998 8.9946 33.34
-4.7383 -4.5949 9.1213 50.56
-9.5160 -12.0651 5.6778 16.22
-7.6803 -9.4308 9.2217 33.47
-4.3300 -4.9123 9.1266 50.69
-10.2092 -12.0706 5.7810 16.15
-7.8321 -8.9439 9.0071 33.39
-4.5002 -4.7653 9.1117 50.66
-10.3267 -11.3681 5.6337 16.10
-8.0793 -8.5978 8.9252 33.34
-4.6850 -4.6308 9.1127 50.57
-10.3332 -10.5709 5.9843 17.96
-8.1024 -8.0078 9.1905 35.21
-4.5659 -4.1643 9.1146 52.44
-10.0288 -12.0690 6.3395 18.13
-7.4141 -8.5927 9.2099 35.31
-4.1901 -4.4671 9.1062 52.55
-10.3315 -11.5715 6.2558 18.06
-7.7184 -8.3350 9.1970 35.27
-4.3627 -4.3438 9.1222 52.51
-10.3099 -10.7453 6.5783 19.89
-7.4945 -7.5005 9.1799 37.14
-10.3665 -10.2174 2.3727 4.54
-9.7698 -9.4277 6.5994 21.75
-7.2939 -6.7676 9.1837 38.98
-10.3731 -12.0246 2.5140 4.66
-10.3122 -11.7376 7.4777 21.91
-6.6599 -7.2355 9.1614 39.16
-10.3468 -11.1489 2.9571 6.53
-10.3237 -10.9180 7.7976 23.76
-6.1127 -6.0944 9.1532 42.90
-10.3524 -10.3576 3.8640 10.28
-6.6807 -6.3914 5.9854 27.52
-5.9358 -5.4709 9.1226 44.78
-10.3528 -9.6312 4.2426 12.14
-9.5511 -8.6662 8.4216 29.39
-5.7752 -4.9264 9.1241 46.62
-10.3474 -11.3012 4.5419 12.28
-9.7437 -10.4084 9.2456 29.52
-5.3377 -5.3274 9.1291 46.73
-10.3372 -10.5025 4.9152 14.15
-8.7220 -8.6136 8.6325 31.36
-5.1963 -4.7906 9.1129 48.60
-10.3265 -9.7497 5.2607 15.98
-8.8373 -8.1011 9.0087 33.25
-5.0353 -4.2868 9.0807 50.45
-10.1252 -8.8766 5.5184 17.84
-8.7104 -7.4091 9.1685 35.09
-4.9006 -3.8481 9.1158 52.32
-10.3196 -10.6190 6.5468 19.89
-7.5342 -7.4542 9.1688 37.12
-10.3614 -10.1060 2.3584 4.51
-9.6933 -9.2495 6.5279 21.75
-7.3037 -6.6908 9.1502 38.99
-10.0478 -9.0917 2.7250 6.37
-9.7437 -8.6345 6.8587 23.59
-7.0830 -6.0093 9.1485 40.86
-10.3632 -8.7073 3.6300 10.17
-10.2994 -8.4890 8.0750 27.40
-6.4267 -4.9981 9.1256 44.64
-10.3506 -10.2048 4.3457 12.20
-6.7838 -6.4017 6.4270 29.44
-5.6105 -5.0693 9.1111 46.65
-10.3568 -9.5015 4.7185 14.07
-9.5907 -8.5913 8.9746 31.28
-5.4686 -4.5648 9.1357 48.52
-10.1681 -8.6590 4.9935 15.90
-9.4898 -7.8784 9.2001 33.17
-5.2852 -4.0706 9.1096 50.37
-10.3142 -8.1418 5.8800 19.70
-8.5221 -6.5029 9.1704 36.92
-10.3419 -9.7653 2.3307 4.48
-9.7167 -8.9835 6.4599 21.75
-7.4072 -6.5923 9.1562 38.99
-10.1338 -8.8915 2.7173 6.37
-10.0210 -8.6236 6.9447 23.59
-7.1712 -5.9045 9.1387 40.83
-10.3529 -8.4383 3.5838 10.11
-10.3266 -8.2495 7.9917 27.35
-6.5136 -4.9099 9.1305 44.62
-10.3481 -7.8037 4.4009 13.92
-10.3193 -7.6167 8.8867 31.15
-5.9035 -4.0639 9.1047 48.34
-10.1287 -8.9756 5.0567 15.94
-9.3219 -8.0556 9.2028 33.19
-5.1923 -4.1560 9.1039 50.41
-10.3201 -8.4843 5.9578 19.69
-8.3768 -6.6491 9.1632 36.94
-10.3512 -8.0343 2.6446 6.25
-9.7795 -7.4196 6.4930 23.47
-7.5373 -5.4881 9.1247 40.73
-10.3226 -7.4121 3.4474 10.03
-10.2957 -7.2482 7.6376 27.28
-6.8341 -4.5491 9.1370 44.51
-10.2838 -8.6932 4.0769 12.07
-10.2869 -8.5252 8.6534 29.32
-6.0306 -4.6888 9.1347 46.53
-10.3310 -8.0998 4.9067 15.82
-9.8322 -7.5218 9.1901 33.06
-5.4363 -3.8533 9.0771 50.33
-10.3013 -7.4801 5.7101 19.62
-8.7320 -6.1286 9.1001 36.84
-10.3223 -7.0578 2.5550 6.14
-10.3317 -6.9267 6.5425 23.42
-7.8980 -5.0707 9.1358 40.64
-10.3414 -8.3199 3.5729 10.13
-10.3180 -8.1317 7.9513 27.36
-6.5393 -4.8761 9.1274 44.61
-10.3535 -7.7221 4.3868 13.90
-10.3049 -7.5253 8.8365 31.12
-5.9277 -4.0310 9.1070 48.35
-10.3300 -7.1228 5.1717 17.67
-9.5922 -6.4337 9.1677 34.90
-5.3602 -3.3075 9.1067 52.14
-10.3159 -6.5565 5.9555 21.43
-8.6125 -5.2829 9.1660 38.65
-10.3366 -7.9134 3.0711 8.16
-10.3085 -7.7386 7.2738 25.39
-7.1109 -5.0785 9.1318 42.64
-10.3314 -7.3120 3.8663 11.93
-10.3106 -7.1542 8.1420 29.17
-6.4224 -4.1845 9.1011 46.40
-10.3231 -6.7534 4.6455 15.70
-10.2755 -6.5648 9.0229 32.96
-5.8030 -3.4323 9.0937 50.16
-10.3202 -6.2165 5.4279 19.49
-9.3384 -5.4515 9.1588 36.73
-10.3651 -7.5439 2.6088 6.23
-10.3112 -7.3603 6.6507 23.44
-7.7203 -5.2787 9.1245 40.67
-10.3330 -6.9523 3.3893 9.98
-10.3070 -6.7878 7.4836 27.20
-6.9761 -4.3474 9.1252 44.47
-10.3329 -6.4096 4.1653 13.78
-10.3160 -6.2555 8.3593 30.97
-6.2903 -3.5557 9.1115 48.24
-10.3318 -5.8760 5.3587 19.45
-9.4883 -5.2306 9.1578 36.69
-10.3726 -7.1566 2.5665 6.15
-10.3406 -6.9955 6.5572 23.40
-7.8876 -5.1141 9.1481 40.63
-10.3264 -6.5761 3.3419 9.94
-10.2939 -6.4136 7.3597 27.16
-7.0960 -4.1846 9.1248 44.43
-10.3289 -6.0393 4.5191 15.61
-10.3336 -5.8960 8.7979 32.88
-5.9960 -3.1646 9.0996 50.08
-10.3347 -5.5289 5.7256 21.32
-8.7612 -4.5135 8.9171 38.53
-10.3490 -6.7465 2.9417 8.01
-10.3312 -6.5979 6.9317 25.27
-7.5043 -4.5644 9.1194 42.52
-10.3498 -6.2099 3.7152 11.82
-10.3105 -6.0575 7.7669 29.05
-6.7671 -3.7344 9.1120 46.28
-10.3126 -5.6758 4.8798 17.51
-10.2428 -5.4919 9.1520 34.74
-10.3486 -5.3007 2.8078 7.88
-10.3042 -5.1556 6.5333 25.12
-8.0015 -3.8086 9.1192 42.36
-10.3261 -6.3356 3.7252 11.82
-10.3103 -6.1895 7.8122 29.07
-6.7159 -3.7897 9.0972 46.28
-10.3274 -5.8093 4.9097 17.53
-10.1972 -5.5912 9.1639 34.76
-5.5523 -2.7818 8.9184 51.99
-10.3021 -5.2904 6.1024 23.19
-8.4876 -4.1792 9.1201 40.45
-10.3512 -4.9597 3.5509 11.65
-10.2963 -4.8042 7.3833 28.90
-6.8649 -2.9954 8.7959 46.13
-10.3311 -5.9513 4.9414 17.56
-10.1564 -5.7013 9.1755 34.75
-5.5056 -2.8209 8.8895 51.98
-10.3231 -5.4335 6.1443 23.21
-8.4497 -4.2657 9.1270 40.45
-10.3380 -5.0716 3.5606 11.66
-10.3026 -4.9369 7.4135 28.88
-7.0908 -3.1872 9.0984 46.14
-10.3332 -4.5955 4.6928 17.35
-10.2917 -4.4468 8.8121 34.60
-5.9546 -2.3422 9.0858 51.84
-10.2945 -5.5478 6.1642 23.23
-8.4178 -4.3516 9.1432 40.47
-10.3329 -5.1876 3.5755 11.68
-10.3102 -5.0598 7.4612 28.93
-6.2439 -2.8385 8.1508 46.16
-10.3407 -4.7215 4.7202 17.39
-10.2624 -4.5528 8.8297 34.62
-5.9170 -2.3892 9.0731 51.86
-8.7739 -3.5707 5.1719 23.10
-8.7289 -3.4322 8.9951 40.32
-10.3354 -5.3176 3.5926 11.70
-10.3075 -5.1795 7.4968 28.95
-7.0291 -3.3163 9.1059 46.16
-10.3247 -4.8288 4.7353 17.41
-10.2907 -4.6828 8.8877 34.63
-5.9047 -2.4497 9.0920 51.86
-10.2992 -4.3513 5.8952 23.07
-8.7531 -3.5382 9.0536 40.33
-10.3227 -4.0293 3.4415 11.53
-10.2923 -3.8997 7.1472 28.78
-7.3760 -2.6110 9.0919 46.01
-10.3267 -4.9583 4.7608 17.44
-10.3294 -4.8269 8.9560 34.63
-5.8825 -2.5039 9.0951 51.86
-10.3190 -4.4820 5.9351 23.11
-8.7084 -3.6206 9.0522 40.35
-10.3388 -4.1466 3.4547 11.54
-10.2961 -4.0219 7.1690 28.76
-7.1944 -2.6193 8.9239 46.03
-9.5495 -3.4014 4.2982 17.23
-10.2821 -3.5644 8.5399 34.48
-6.1382 -1.9188 9.0709 51.72
-10.3392 -4.6124 5.9678 23.11
-8.6719 -3.7029 9.0531 40.35
-8.8161 -3.5882 3.1285 11.56
-10.2940 -4.1318 7.2038 28.81
-7.0515 -2.6336 8.7959 46.04
-8.8085 -3.2068 4.4039 19.16
-9.6488 -3.4057 9.1346 38.34
-8.8098 -2.9096 2.7495 9.56
-10.3164 -3.3535 6.5846 26.80
-8.0181 -2.4390 9.0947 44.04
-10.3167 -4.3466 4.2531 15.42
-10.2886 -4.2152 8.2137 32.67
-6.4130 -2.4085 9.0877 49.88
-10.3068 -3.8950 5.3916 21.11
-9.6059 -3.4869 9.1278 38.35
-8.8037 -3.0072 2.7516 9.55
-9.8344 -3.2908 6.3431 26.79
-7.9848 -2.5104 9.0918 44.06
-10.0090 -3.0419 4.0122 15.25
-9.2403 -2.6888 7.1969 32.49
-6.6618 -1.7709 9.0680 49.73
-10.3146 -4.0094 5.4197 21.15
-9.5323 -3.5704 9.1103 38.39
-8.8189 -3.1052 2.7651 9.58
-9.8399 -3.3936 6.3660 26.80
-7.9597 -2.5855 9.0967 44.07
-10.3275 -3.2538 4.1139 15.26
-9.7990 -2.9681 7.6000 32.53
-6.6456 -1.8327 9.0691 49.73
-10.0805 -2.7613 5.1342 20.96
-9.9277 -2.6086 9.0983 38.18
-8.8341 -3.2025 2.7778 9.61
-9.7170 -3.4468 6.3252 26.84
-7.8187 -2.6195 8.9848 44.09
-10.3313 -3.3646 4.1259 15.26
-10.2854 -3.2371 7.9425 32.50
-6.6184 -1.8916 9.0735 49.78
-10.0894 -2.8700 5.1553 20.99
-9.2600 -2.4922 9.1000 40.14
-10.3138 -2.6182 3.3092 11.34
-10.2852 -2.5074 6.8554 28.59
-7.7201 -1.7266 9.0992 45.82
-9.6965 -3.2361 4.3256 17.24
-9.1726 -2.9452 7.6658 34.43
-6.2032 -1.8027 9.0860 51.67
-10.1011 -2.9668 5.5723 22.91
-9.2228 -2.5796 9.0961 40.15
-10.2414 -2.6984 3.3003 11.34
-10.3124 -2.6255 6.8811 28.57
-7.6879 -1.7966 9.0888 45.83
-10.2979 -2.3116 4.3812 17.04
-10.2916 -2.2055 8.2251 34.29
-6.3872 -1.1900 9.0669 51.53
-10.0052 -3.0422 5.5446 22.92
-9.0381 -2.6164 8.9566 40.15
-10.0247 -2.7339 3.2652 11.37
-10.0169 -2.6420 6.7400 28.61
-7.6587 -1.8605 9.0804 45.85
-10.3017 -2.4179 4.3978 17.08
-10.2724 -2.3045 8.2326 34.31
-6.3662 -1.2451 9.0625 51.55
-10.3010 -2.0198 5.5248 22.79
-9.4745 -1.7388 9.0845 40.00
-10.1188 -2.8681 3.2966 11.40
-9.7108 -2.6504 6.5861 28.64
-7.6419 -1.9328 9.0842 45.85
-9.8013 -2.3831 4.2503 17.10
-10.3105 -2.4146 8.2774 34.32
-6.3527 -1.3038 9.0639 51.56
-10.3044 -2.1174 5.9463 24.72
-8.7459 -1.6522 8.9856 41.95
-10.2876 -1.8024 3.6067 13.17
-10.3111 -1.7136 7.1996 30.40
-7.3578 -1.0713 9.0672 47.60
-8.8012 -2.1971 4.2634 19.01
-10.2971 -2.5008 8.8057 36.24
-10.3264 -2.3082 2.5823 7.49
-10.2962 -2.2108 5.9524 24.72
-8.7333 -1.7407 8.9917 41.95
-10.3208 -1.9121 3.6240 13.19
-10.3124 -1.8165 7.2070 30.38
-7.3339 -1.1351 9.0684 47.65
-9.2722 -1.3464 4.3349 18.87
-10.2671 -1.4162 8.5765 36.08
-10.3165 -2.4087 2.5836 7.48
-10.3137 -2.3177 5.9723 24.72
-8.7405 -1.8274 9.0217 41.97
-10.3219 -2.0158 3.6296 13.20
-10.2821 -1.9149 7.2069 30.41
-7.3177 -1.2022 9.0625 47.65
-9.1980 -1.4287 4.3125 18.86
-10.2839 -1.5159 8.6117 36.13
-10.3135 -1.3205 2.5301 7.34
-10.3267 -1.2378 5.8553 24.58
-8.7811 -0.9273 8.8744 41.83
-10.3348 -2.1193 3.6404 13.21
-10.2744 -2.0107 7.2207 30.44
-7.3101 -1.2691 9.0767 47.68
-9.0360 -1.4831 4.2610 18.86
-10.2919 -1.6134 8.6271 36.12
-10.3055 -1.4186 2.5289 7.33
-10.3022 -1.3410 5.8560 24.61
-8.7878 -1.0096 8.8940 41.84
-10.3016 -1.0363 3.5583 13.04
-10.2845 -0.9458 7.0932 30.30
-7.4566 -0.5477 9.0685 47.50
-9.2242 -1.6065 4.3388 18.90
-10.2691 -1.7106 8.6281 36.13
-10.3463 -1.5252 2.5377 7.34
-10.2846 -1.4307 5.8544 24.61
-8.7575 -1.0944 8.8779 41.84
-10.3187 -1.1378 3.5736 13.09
-10.2788 -1.0451 7.0917 30.28
-7.4329 -0.6128 9.0645 47.55
-9.3842 -0.6724 4.3248 18.77
-6.7040 -0.3690 5.8931 36.01
-10.3361 -1.6233 2.5407 7.35
-10.2951 -1.5320 5.8610 24.58
-8.7143 -1.1703 8.8562 41.87
-10.2980 -1.2357 3.5720 13.09
-10.2984 -1.1493 7.1163 30.30
-7.4180 -0.6806 9.0546 47.54
-9.1518 -0.7436 4.2462 18.76
-6.6939 -0.4317 5.8907 36.01
-10.3253 -0.5592 2.4957 7.20
-10.3109 -0.4786 5.7948 24.49
-9.0870 -0.3077 9.0695 41.72
-10.3011 -1.3338 3.5756 13.09
-10.2860 -1.2426 7.1248 30.34
-7.4335 -0.7501 9.0884 47.57
-9.3793 -0.8512 4.3264 18.75
-6.6888 -0.4914 5.8908 36.01
-10.3155 -0.6558 2.5093 7.28
-10.3272 -0.5848 5.8015 24.48
-9.0897 -0.3911 9.0722 41.71
-10.3249 -0.2800 3.5347 12.96
-10.2753 -0.1844 7.4860 32.10
-7.0265 0.0057 9.0508 49.32
-10.2959 -1.0406 5.0362 20.74
-10.2744 -0.9443 9.0580 37.98
-9.7281 -0.6939 2.7547 9.18
-10.2989 -0.6623 6.2042 26.40
-8.5104 -0.4261 9.0794 43.67
-10.3046 -0.3699 3.8833 14.86
-10.2983 -0.2821 7.5093 32.13
-7.0320 -0.0585 9.0619 49.33
-10.3086 0.0050 4.9796 20.56
-10.2633 0.0922 8.9489 37.79
-9.6972 -0.7795 2.7553 9.20
-10.2889 -0.7537 6.2106 26.43
-8.4805 -0.5051 9.0614 43.68
-10.3110 -0.4680 3.8873 14.86
-10.2853 -0.3795 7.4979 32.10
-7.0233 -0.1229 9.0677 49.38
-10.3040 -0.0940 4.9856 20.60
-10.2887 -0.0034 8.9823 37.83
-9.7320 0.2036 2.7304 9.06
-10.2974 0.2777 6.1661 26.30
-8.5359 0.3419 9.0519 43.54
-10.3249 -0.5669 3.8989 14.90
-10.2858 -0.4795 7.5127 32.15
-7.0106 -0.1842 9.0530 49.37
-10.2963 -0.1916 4.9839 20.60
-10.2619 -0.0932 8.9640 37.84
-9.7303 0.1061 2.7271 9.05
-10.3092 0.1796 6.1695 26.29
-8.5371 0.2632 9.0563 43.56
-8.7906 0.4275 3.4634 14.76
-10.2901 0.5598 7.4708 32.00
-7.0284 0.5025 9.0408 49.25
-10.3031 -0.2869 4.9953 20.63
-10.2805 -0.1980 8.9922 37.88
-9.7075 0.0171 2.7286 9.08
-10.3068 0.0867 6.1702 26.30
-8.5631 0.1838 9.0833 43.57
-8.7999 0.3463 3.4656 14.76
-10.2712 0.4626 7.4660 32.03
-7.0346 0.4387 9.0417 49.24
-10.2611 0.7519 4.9494 20.47
-10.2795 0.8346 8.9532 37.69
-9.7084 -0.0706 2.7331 9.10
-10.2991 -0.0048 6.1741 26.33
-8.5255 0.1027 9.0521 43.58
-10.2924 0.2834 3.8592 14.77
-10.2744 0.3651 7.4600 32.01
-7.0222 0.3735 9.0375 49.28
-10.2957 0.6548 4.9672 20.50
-10.2712 0.7384 8.9548 37.74
-9.7308 0.9137 2.7194 8.97
-10.2767 1.0245 6.1542 26.21
-8.5196 0.9523 9.0463 43.45
-10.3041 0.1862 3.8681 14.80
-10.2521 0.2653 7.4557 32.05
-7.0441 0.3124 9.0575 49.27
-10.3137 0.5577 4.9722 20.50
-10.2788 0.6484 8.9578 37.74
-9.7146 0.8146 2.7124 8.95
-10.2890 0.9269 6.1541 26.20
-8.5266 0.8738 9.0503 43.46
-10.3013 1.2307 3.8585 14.67
-10.2655 1.3056 7.4699 31.91
-6.9938 0.9979 9.0274 49.16
-8.7847 0.4150 4.4051 20.54
-10.2552 0.5431 8.9470 37.78
-9.7299 0.7260 2.7188 8.98
-10.2685 0.8324 6.1423 26.21
-8.5280 0.7941 9.0482 43.48
-10.3006 1.1338 3.8560 14.67
-10.2816 1.2100 7.4824 31.94
-7.0072 0.9350 9.0310 49.15
-10.2990 1.5072 4.9765 20.39
-10.2507 1.5796 8.9672 37.61
-9.7032 0.6365 2.7178 9.00
-10.2833 0.7416 6.1537 26.24
-8.5214 0.7124 9.0406 43.49
-10.3103 1.0365 3.8566 14.67
-10.2812 1.1224 7.9481 33.84
-6.5718 0.8355 9.0375 51.09
-10.3062 1.4216 5.3612 22.30
-9.6952 1.4228 9.0566 39.56
-8.6847 1.4681 2.8408 10.77
-9.7653 1.7080 6.3306 28.03
-7.9410 1.4778 9.0498 45.26
-9.6922 0.8958 4.0431 16.65
-10.3018 1.0237 7.9552 33.84
-6.5735 0.7767 9.0302 51.08
-10.2927 1.3184 5.3579 22.33
-9.7004 1.3277 9.0545 39.58
-8.6884 1.3887 2.8392 10.78
-9.7430 1.6051 6.3043 28.00
-6.6593 1.1910 7.7282 45.27
-9.6786 1.8897 4.0481 16.49
-10.2699 2.0736 8.0066 33.74
-6.5054 1.4151 9.0385 50.99
-10.2801 1.2174 5.3484 22.33
-9.6953 1.2349 9.0402 39.57
-8.7043 1.3118 2.8435 10.80
-9.7691 1.5187 6.3211 28.04
-7.9561 1.3326 9.0460 45.28
-9.6062 1.7813 4.0275 16.52
-10.2677 1.9726 7.9960 33.76
-6.4980 1.3538 9.0200 51.00
-10.2845 2.2808 5.4011 22.25
-9.5616 2.2029 9.0355 39.47
-9.6275 1.3441 3.0203 10.81
-9.7675 1.4257 6.3129 28.04
-7.9532 1.2549 9.0351 45.29
-9.7244 1.7121 4.0569 16.51
-10.2458 1.8657 7.9679 33.75
-6.5028 1.2927 9.0090 50.99
-10.2783 2.1805 5.3914 22.25
-9.5911 2.1139 9.0424 39.47
-8.6020 2.1055 2.8338 10.68
-10.2914 2.5715 6.6755 27.93
-7.8146 2.0325 9.0235 45.20
-9.6159 1.5973 4.0224 16.53
-10.2814 1.7785 7.9817 33.75
-6.5244 1.2334 9.0313 51.03
-10.2705 2.0801 5.3795 22.25
-9.6024 2.0301 9.0435 39.49
-8.6006 2.0204 2.8335 10.70
-10.2627 2.4655 6.6573 27.98
-7.8259 1.9602 9.0193 45.21
-9.4376 2.5572 4.0116 16.43
-10.2398 2.8498 8.0799 33.65
-6.4011 1.8668 9.0174 50.89
-10.3113 1.9845 5.3863 22.24
-9.6110 1.9366 9.0425 39.51
-8.6438 1.9474 2.8454 10.75
-10.2861 2.3672 6.6578 27.98
-7.8641 1.8982 9.0365 45.18
-9.4866 2.4837 4.0193 16.42
-10.2382 2.7482 8.0664 33.67
-6.4119 1.8079 9.0202 50.92
-10.0998 3.0234 5.3874 22.18
-9.4185 2.8894 9.0366 39.37
-9.1028 1.9562 2.9272 10.72
-9.7444 2.1476 6.3485 27.96
-7.8852 1.8232 9.0481 45.21
-9.7079 2.4435 4.0810 16.43
-10.2783 2.6456 8.0764 33.67
-6.4253 1.7499 9.0164 50.92
-10.1175 2.9243 5.3834 22.18
-9.4374 2.8000 9.0359 39.39
-10.0825 3.2444 3.1476 10.61
-10.0159 3.2860 6.6212 27.86
-7.6712 2.5851 9.0203 45.13
-9.4947 2.2931 4.0120 16.45
-10.2683 2.5471 8.0540 33.67
-6.4308 1.6871 9.0126 50.95
-10.2854 2.8694 5.4424 22.17
-9.4532 2.7167 9.0353 39.41
-10.1031 3.1466 3.1490 10.63
-10.0631 3.2001 6.6407 27.90
-7.6861 2.5132 9.0141 45.13
-9.2457 3.2382 3.9979 16.33
-9.1833 3.2862 7.4781 33.58
-10.2967 2.7176 2.4607 6.82
-10.2864 2.7697 5.8381 24.08
-8.7222 2.4309 8.8938 41.32
-10.0859 3.0461 3.5005 12.57
-9.5622 2.9463 6.7663 29.80
-7.2316 2.3084 9.0143 47.02
-10.2982 3.5116 4.7092 18.28
-9.1109 3.1679 7.8699 35.51
-10.2918 3.8577 2.4873 6.75
-10.2862 3.9138 5.9820 24.03
-8.4281 3.2736 8.8514 41.22
-10.0043 2.9198 3.4768 12.58
-9.8801 2.9455 6.9388 29.80
-7.2673 2.2502 9.0402 47.05
-9.9801 3.2989 4.5937 18.31
-8.9338 3.0137 7.7215 35.54
-10.3057 3.7525 2.4890 6.77
-10.2781 3.7986 5.9630 24.04
-8.4430 3.1900 8.8437 41.24
-10.3006 4.1758 3.9894 14.38
-10.2676 4.2183 7.8564 31.63
-6.5762 2.7677 9.0112 48.88
-10.0756 3.2348 5.3898 22.11
-9.0626 2.9843 8.7852 39.39
-10.3198 3.6630 3.2185 10.63
-10.2899 3.7123 6.8280 27.85
-7.6123 2.8174 9.0254 45.07
-9.3091 3.6805 4.0612 16.34
-10.2743 4.1261 8.3458 33.55
-6.1636 2.5384 8.9896 50.82
-10.2820 4.4833 5.6306 22.04
-9.0246 3.9933 9.0107 39.24
-10.3011 3.5533 3.5732 12.53
-9.3525 3.2860 6.7071 29.78
-7.1235 2.5772 8.9990 47.04
-10.3017 3.9642 4.7583 18.27
-10.2636 4.0105 8.8443 35.50
-10.2891 4.3226 2.5037 6.73
-10.2877 4.3757 6.0520 24.00
-8.4721 3.6675 9.0121 41.20
-10.3011 4.7610 3.6615 12.47
-10.2763 4.8014 7.4986 29.68
-6.7265 3.1978 8.8365 46.95
-10.2953 3.8488 4.7424 18.26
-10.2619 3.8976 8.8178 35.51
-10.3139 4.2170 2.5036 6.74
-10.2947 4.2645 6.0235 23.94
-7.4392 3.1385 8.0033 41.22
-9.7603 4.4028 3.5174 12.46
-10.2739 4.6973 7.9694 31.61
-6.3523 2.9576 8.8570 48.85
-8.7851 4.3457 4.6858 20.08
-9.4226 4.7091 8.9954 37.31
-9.2865 3.7083 2.6962 8.65
-10.2797 4.1522 6.4453 25.90
-7.8097 3.2182 8.8277 43.15
-10.2811 4.5241 4.0146 14.36
-10.2669 4.5743 7.9377 31.62
-6.5040 2.9587 9.0189 48.86
-10.2654 4.9520 5.2697 20.08
-9.4787 4.6367 9.0143 37.33
-8.7986 4.5824 2.6716 8.58
-8.7782 4.6149 5.8555 25.79
-7.6426 4.0673 9.0039 43.07
-9.1255 3.9187 4.0315 16.30
-10.2693 4.4717 8.4196 33.51
-6.1140 2.7205 9.0069 50.77
-9.3978 4.4328 5.2919 22.02
-8.7222 4.1740 8.8516 39.26
-8.8443 4.5080 3.0006 10.48
-10.2555 5.2866 7.1168 27.74
-7.1914 3.7473 8.9871 44.96
-8.7712 4.8543 4.0396 16.20
-10.2497 5.7454 8.7651 33.45
-5.7005 3.2266 8.8194 50.71
-9.6270 4.4330 5.7782 23.92
-8.3767 3.9186 9.0168 41.17
-8.7764 4.3770 3.3169 12.45
-10.2666 5.1698 7.5850 29.68
-6.5377 3.3424 8.7115 46.90
-10.2774 5.5841 4.9481 18.14
-9.8972 5.4266 9.0005 35.38
-10.3019 6.0186 2.5721 6.62
-9.4190 5.5452 5.9034 23.82
-7.9471 4.7214 8.9938 41.09
-10.2974 5.0152 3.6815 12.46
-10.2582 5.0502 8.0508 31.60
-6.2568 3.1330 8.8375 48.82
-10.2646 5.4474 5.3424 20.04
-9.2942 4.9864 9.0023 37.30
-8.7811 5.0212 2.6986 8.56
-8.7852 5.0649 5.9589 25.77
-7.4914 4.3643 9.0052 43.03
-9.6960 6.0065 4.0391 14.26
-10.2632 6.4042 8.4371 31.51
-6.0490 3.8007 8.9902 48.76
-10.2870 5.3410 5.3405 20.08
-9.3093 4.8882 8.9793 37.30
-8.7836 4.9115 2.6918 8.57
-8.7576 4.9402 5.9256 25.81
-7.5198 4.2909 8.9934 43.03
-9.5379 5.7785 3.9760 14.27
-10.2411 6.2635 8.3857 31.53
-6.0960 3.7531 9.0092 48.77
-10.2570 6.7251 5.5694 20.01
-8.6982 5.7309 8.8868 37.23
-8.7794 4.8056 2.6843 8.57
-8.7652 4.8344 5.9045 25.81
-7.5536 4.2118 8.9966 43.08
-9.6663 5.7363 4.0044 14.30
-10.2573 6.1372 8.3542 31.54
-6.1299 3.7001 9.0163 48.79
-10.2801 6.5953 5.5520 20.01
-8.7073 5.6310 8.8570 37.26
-8.7849 6.0276 2.7693 8.51
-10.2682 7.1107 7.5941 27.65
-6.6703 4.6283 8.9877 44.92
-10.2852 5.9842 5.0131 18.14
-9.7356 5.7097 9.0011 35.38
-10.2781 6.4207 2.5940 6.62
-9.2121 5.7914 5.8815 23.82
-7.8155 4.9491 9.0027 41.10
-10.2890 6.9442 3.8704 12.35
-10.2491 6.9563 8.0702 29.59
-6.2937 4.2859 8.9899 46.84
-10.2768 7.4628 5.2609 18.07
-9.1227 6.6619 8.9868 35.30
-10.2915 6.3024 2.5848 6.61
-10.2401 6.3134 6.8729 25.78
-7.3369 4.5565 8.9785 43.05
-9.4720 6.2604 4.0281 14.27
-10.2371 6.8147 8.5589 31.51
-5.9362 3.9703 8.9898 48.76
-10.2829 7.3248 5.6949 19.98
-8.5687 6.1401 8.9808 37.22
-8.8235 6.7086 2.8298 8.48
-10.2610 7.8538 7.2868 25.71
-6.8606 5.2576 8.9660 42.96
-9.3153 6.0409 3.9597 14.25
-10.2586 6.6867 8.5193 31.48
-5.9816 3.9218 8.9918 48.72
-10.2484 7.1477 5.6463 19.98
-8.6407 6.0596 8.9953 37.24
-8.8184 6.5779 2.8143 8.47
-10.2148 7.6826 7.7471 27.65
-6.5053 4.8891 8.9955 44.87
-10.2656 8.2319 4.9306 16.11
-9.4088 7.5914 8.9688 33.36
-5.2168 4.1902 8.9773 50.63
-9.6809 6.6228 5.8093 21.91
-8.1311 5.5993 8.9904 39.15
-10.2696 7.5292 3.5090 10.43
-10.2677 7.5691 7.7348 27.65
-6.5617 4.8449 9.0152 44.87
-10.2797 8.0990 4.9204 16.15
-9.4959 7.5185 8.9874 33.38
-5.2483 4.1390 8.9706 50.64
-9.1200 7.6965 5.8852 21.87
-7.5391 6.3697 8.9736 39.08
-10.2750 7.3830 3.4855 10.39
-10.2604 7.4100 7.6839 27.66
-6.5886 4.7679 8.9963 44.89
-10.2604 7.9277 4.8822 16.14
-9.5663 7.4149 8.9814 33.38
-5.2982 4.1028 8.9868 50.62
-9.0429 7.4836 5.8066 21.87
-7.5816 6.2866 8.9724 39.14
-10.0550 8.9028 3.6249 10.37
-10.0798 8.9616 8.1082 27.61
-6.0834 5.3765 8.9766 44.85
-10.2685 7.7731 4.8592 16.15
-9.6454 7.3413 8.9893 33.37
-5.3374 4.0541 8.9863 50.62
-9.1825 7.4581 5.8452 21.88
-7.6438 6.2286 8.9769 39.12
-9.7359 8.4527 3.5233 10.36
-10.2345 8.9333 8.1629 27.62
-6.1450 5.3336 8.9927 44.84
-9.9571 9.2733 5.5485 18.03
-8.2428 7.6834 8.9616 35.25
-9.7651 7.7592 2.6197 6.55
-10.2715 8.1927 6.8789 23.81
-7.2255 5.7723 8.9947 41.06
-9.6884 8.2571 3.9242 12.27
-10.2410 8.7626 8.6669 29.50
-5.7887 4.9347 8.9706 46.78
-10.0504 9.1913 5.5532 18.03
-8.3159 7.6032 8.9713 35.29
-8.8254 8.6007 2.5979 6.52
-9.4817 9.2770 6.9143 23.72
-6.6043 6.4362 8.9612 40.99
-9.7122 8.1198 3.9137 12.30
-10.2221 8.5868 8.6087 29.55
-5.8284 4.8820 8.9746 46.81
-9.3709 8.3966 5.2212 18.05
-8.3785 7.5164 8.9604 35.28
-8.7291 8.3442 2.5731 6.54
-9.3067 8.9283 6.7726 23.80
-6.6693 6.3806 8.9718 41.01
-8.7711 8.9870 3.8944 12.30
-8.7269 8.9538 8.1227 29.51
-5.3325 5.4223 8.9791 46.78
-10.1307 8.9115 5.5125 18.03
-7.9009 6.9546 8.9627 37.18
-10.2634 9.6506 3.2682 8.44
-9.8534 9.2962 8.1437 27.62
-5.9316 5.5615 8.9872 44.83
-10.2689 10.3571 5.3411 16.09
-6.6837 6.7065 7.2441 33.34
-4.7325 4.7117 8.9647 50.59
-10.2433 11.0651 7.1521 21.87
-6.7208 7.2065 8.9695 39.07
-9.5294 8.7919 3.9846 12.31
-10.0495 9.3078 8.7938 29.50
-5.5992 5.1530 8.9739 46.76
-10.2551 10.1496 5.8145 18.02
-8.0116 7.9106 8.9616 35.27
-8.7838 9.2668 2.6497 6.52
-10.2376 10.8471 7.6474 23.74
-6.3498 6.6780 8.9696 41.03
-8.7452 9.8898 4.0225 12.24
-8.0640 9.1082 7.9312 29.50
-5.0678 5.6589 8.9691 46.75
-8.6910 8.4130 5.0592 18.03
-8.1058 7.8527 8.9825 35.28
-8.7856 9.0897 2.6372 6.53
-10.2481 10.6523 7.5947 23.77
-6.4233 6.6263 8.9669 40.98
-8.7392 9.6976 3.9880 12.23
-9.3469 10.3909 8.9570 29.50
-5.1231 5.6151 8.9774 46.77
-10.2483 12.2240 7.5039 21.87
-6.3590 7.5034 8.9583 39.07
-10.2716 10.4652 3.8436 10.34
-10.2180 10.4262 8.6852 27.58
-5.6956 5.7539 8.9589 44.84
-10.2359 11.1767 5.5047 16.08
-8.1682 8.8841 8.9538 33.33
-4.5579 4.8901 8.9729 50.57
-10.2368 11.9725 7.4209 21.86
-6.4192 7.4337 8.9488 39.08
-9.3556 11.7089 3.9024 10.33
-9.3900 11.7619 8.9266 27.58
-5.1039 6.2755 8.9662 44.84
-10.2498 10.9701 5.4683 16.10
-8.2555 8.8219 8.9596 33.32
-4.6076 4.8520 8.9854 50.60
-10.2374 11.7476 7.3482 21.85
-6.4991 7.3978 8.9720 39.09
-9.5162 11.6819 3.9266 10.37
-9.5090 11.6889 8.9458 27.61
-5.1591 6.2278 8.9626 44.84
-10.2421 13.5239 5.4298 14.16
-7.8421 10.2827 8.9421 31.42
-4.3806 5.6278 8.9841 48.65
-10.2357 11.5147 6.6894 19.90
-7.0113 7.8374 8.9584 37.16
-10.2636 12.3686 3.5599 8.42
-10.2187 12.3244 8.7710 25.67
-5.5473 6.5991 8.9568 42.93
-10.2423 13.2578 4.7911 12.23
-8.5438 11.0071 8.9378 29.50
-4.7040 5.9432 8.9642 46.77
-10.2389 14.2113 6.1848 16.07
-7.0826 9.7594 8.9575 33.32
-3.9827 5.3505 8.9707 50.56
-10.2276 12.0915 7.4478 21.84
-6.3800 7.4743 8.9609 39.10
-10.2550 13.0101 4.7544 12.24
-8.0387 10.1409 8.9457 31.42
-4.4646 5.5269 8.9568 48.67
-10.2164 13.9107 8.0229 21.84
-5.8605 7.8552 8.9464 39.10
-10.1723 14.9040 3.8584 8.44
-9.1973 13.4290 8.9012 25.65
-4.9336 7.0506 8.9571 42.93
-10.2622 12.7834 5.2840 14.16
-7.4229 9.1705 8.7776 33.31
-4.2584 5.1576 8.9847 50.57
-10.2292 13.6396 7.2903 19.91
-5.9319 7.8105 8.9461 39.08
-10.2403 14.7071 3.8332 8.41
-9.3429 13.3781 8.9210 25.65
-4.9875 6.9969 8.9418 42.93
-10.2401 15.8477 5.2762 12.30
-7.5876 11.6260 8.9194 29.51
-4.2093 6.2861 8.9655 46.78
-10.2234 13.3754 6.6000 18.01
-6.8656 8.8886 8.9532 35.26
-8.7628 12.2875 2.4153 4.60
-10.2091 14.3549 8.1688 21.85
-5.7453 7.9507 8.9509 39.08
-10.0371 15.2049 3.8789 8.42
-9.0027 13.5833 8.9135 25.66
-4.8246 7.1186 8.9507 42.92
-10.2350 16.7421 5.4432 12.30
-7.2995 11.7989 8.9183 29.51
-4.0489 6.3633 8.9467 46.78
-10.2279 14.0880 6.1592 16.08
-6.7025 9.1353 8.4754 33.31
-4.0030 5.3324 8.9755 50.59
-10.0986 14.9507 7.6541 19.91
-5.9211 8.6251 8.9376 37.18
-10.2428 16.4004 3.4074 6.53
-9.3788 14.9534 8.8832 23.80
-4.9470 7.7056 8.9364 41.00
-10.2248 17.7044 4.9144 10.37
-7.5501 12.9402 8.9103 27.60
-4.1586 6.9112 8.9646 44.84
-10.2295 14.8877 5.7096 14.16
-7.3793 10.6117 8.9454 31.43
-4.1208 5.7870 8.9640 48.66
-9.5593 14.9467 6.9098 18.04
-5.9727 9.1841 8.7688 35.27
-10.0541 17.0350 2.7963 4.60
-8.8687 14.9403 8.0806 21.85
-5.0697 8.3478 8.9362 39.11
-9.8610 18.1066 3.5549 6.53
-8.2092 14.9548 8.6053 23.73
-4.4978 7.9667 8.9383 41.00
-9.9508 15.2559 4.4950 10.34
-8.2469 12.5571 8.9278 27.60
-4.5111 6.7027 8.9686 44.84
-10.2074 16.9008 6.1404 14.17
-6.7243 10.9746 8.9192 31.44
-3.7855 5.9981 8.9685 48.68
-10.1060 18.1211 7.8887 18.03
-5.5375 9.6973 8.9321 35.29
-9.2645 18.0733 2.1771 2.72
-9.3381 18.1666 8.5424 19.95
-4.7503 8.9545 8.7069 37.18
-10.2349 16.6088 3.4214 6.51
-9.2794 14.9707 8.8615 23.78
-4.9107 7.7405 8.9524 41.03
-10.2437 17.9798 4.9689 10.39
-7.4829 12.9860 8.9183 27.61
-4.1050 6.9144 8.9403 44.83
-9.5170 18.1107 5.6270 12.30
-6.5277 12.2182 8.9216 29.54
-3.6491 6.5914 8.9465 46.77
-8.7381 18.0876 6.2413 14.20
-5.6867 11.5222 8.9224 31.45
-3.2287 6.2794 8.9560 48.70
-10.2128 17.4936 7.7299 18.04
-5.5438 9.2813 8.6747 35.28
-9.7088 18.0640 2.1824 2.71
-9.7786 18.1227 8.5916 19.93
-4.9489 8.9227 8.7553 37.18
-8.8545 17.9202 2.8220 4.63
-7.5269 15.0886 7.8880 21.87
-4.4522 8.6738 8.9332 39.11
-8.1913 18.1020 3.4798 6.56
-7.3289 16.0513 8.8785 23.76
-3.9101 8.2494 8.9409 41.03
-9.9476 18.0962 4.2521 8.45
-7.8755 14.1725 8.8948 25.70
-4.2590 7.4382 8.9453 42.95
-9.1635 18.0959 4.8899 10.37
-6.8153 13.2781 8.8973 27.63
-3.7787 7.1089 8.9621 44.84
-8.4193 18.1283 5.5327 12.32
-5.9011 12.4618 8.8962 29.56
-3.3328 6.7505 8.9577 46.79
-7.6723 18.0947 6.1415 14.22
-5.1043 11.7397 8.9079 31.48
-2.9247 6.4088 8.9507 48.70
-9.4349 18.1596 7.0586 16.11
-5.6239 10.6007 8.9411 33.34
-3.2035 5.7974 8.9601 50.62
-8.6413 18.1158 7.6889 18.07
-4.8998 9.9820 8.9109 35.30
-7.8397 18.0520 2.1421 2.70
-7.9127 18.1277 8.3195 19.97
-4.1828 9.2569 8.7448 37.22
-7.1204 18.0831 2.1500 2.76
-7.1819 18.1330 8.2303 19.99
-3.8316 9.2654 8.6496 37.22
-8.7183 17.8975 2.8197 4.64
-7.4435 15.1213 7.8849 21.87
-4.3989 8.6919 8.9353 39.14
-8.0738 18.0975 3.4807 6.58
-7.2321 16.0578 8.8700 23.78
-3.8693 8.2655 8.9467 41.06
-7.3458 18.1043 4.1007 8.48
-6.1318 14.8966 8.8631 25.72
-3.3702 7.8336 8.9353 42.98
-6.6426 18.1071 4.0771 8.51
-5.5734 14.9409 8.7953 25.74
-3.1135 7.9387 8.9448 42.99
-8.3005 18.1352 4.8314 10.38
-6.2957 13.5345 8.8988 27.62
-3.5005 7.2277 8.9583 44.88
-7.5614 18.1166 5.4595 12.32
-5.4005 12.6581 8.8873 29.56
-3.0732 6.8801 8.9718 46.79
-6.8397 18.1050 5.4095 12.35
-4.9771 12.8542 8.9091 29.58
-2.8374 6.9414 8.9568 46.84
-6.1272 18.0452 5.3594 12.39
-4.5418 13.0141 8.9176 29.59
-2.5992 7.0082 8.9394 46.85
-7.7592 18.1031 6.1527 14.22
-5.1509 11.7272 8.9131 31.49
-2.9519 6.4076 8.9625 48.71
-7.0391 18.1013 6.1061 14.28
-4.7468 11.8628 8.9083 31.52
-2.7348 6.4791 8.9523 48.73
-6.2954 17.9476 5.9957 14.25
-4.0650 11.1778 8.9115 33.41
-2.3787 6.1382 8.9578 50.66
-5.6716 18.1010 6.6762 16.22
-3.6793 11.2782 8.9059 33.44
-2.1714 6.1759 8.9375 50.72
-7.2533 18.1181 6.8179 16.19
-4.5591 11.0493 8.9357 33.38
-2.6420 6.0542 8.9737 50.66
-6.5418 18.1130 6.7431 16.18
-4.1724 11.1515 8.9213 33.42
-2.4318 6.1084 8.9419 50.65
-5.8704 18.1381 6.6967 16.20
-3.7929 11.2710 8.9181 33.42
-2.2288 6.1750 8.9464 50.67
-5.1846 18.0902 6.6396 16.23
-3.4034 11.3576 8.9099 33.46
-2.0277 6.2313 8.9565 50.73
-6.7272 18.0731 6.7567 16.20
-4.2838 11.1371 8.9294 33.39
-2.4934 6.0969 8.9609 50.67
-6.0464 18.1196 6.7043 16.19
-3.8898 11.2126 8.9038 33.43
-2.2892 6.1668 8.9564 50.66
-5.3753 18.1119 6.6538 16.22
-3.5108 11.3309 8.9067 33.44
-2.0863 6.2356 8.9702 50.69
-4.6944 18.0976 5.9407 14.31
-3.3197 12.2640 8.8976 31.57
-1.9818 6.7069 8.9522 48.78
-6.1783 17.9513 5.9896 14.26
-4.2717 12.0285 8.9072 31.52
-2.4815 6.5643 8.9483 48.74
-5.5454 18.1016 6.0000 14.32
-3.8644 12.1506 8.9145 31.56
-2.2644 6.6335 8.9557 48.77
-4.8827 18.1074 5.3027 12.41
-3.6869 13.1937 8.8948 29.64
-2.1532 7.1395 8.9444 46.87
-4.2110 18.0862 4.6312 10.51
-3.4542 14.3272 8.8701 27.76
-2.0212 7.6860 8.9500 44.98
-5.7228 18.1090 4.6838 10.44
-4.5803 14.1378 8.8971 27.68
-2.5956 7.5092 8.9182 44.94
-5.0463 18.0784 4.6602 10.49
-4.0912 14.2137 8.8737 27.70
-2.3512 7.6077 8.9433 44.94
-4.3846 18.1013 4.0078 8.59
-3.7419 14.9740 8.5826 25.80
-2.2060 8.1687 8.9237 43.05
-3.7202 18.0625 3.3614 6.68
-3.6042 17.0369 8.8533 23.91
-2.0351 8.7725 8.9194 41.18
-5.2181 18.0669 3.3949 6.66
-4.9247 16.7679 8.8592 23.87
-2.7107 8.6589 8.9421 41.11
-4.5549 18.0801 2.7556 4.74
-4.6177 18.0829 8.6620 21.96
-2.4715 8.9719 8.6435 39.23
-3.8747 18.0399 2.1316 2.84
-3.9627 18.1179 7.9289 20.08
-2.1724 9.0786 8.1811 37.32
-3.2201 17.9850 1.5251 0.95
-3.3179 18.0763 7.2058 18.21
-2.1417 10.7657 8.9003 35.46
-4.6998 18.0331 0.8979 -1.02
-4.7835 18.1125 6.6242 16.26
-3.1692 11.4279 8.9137 33.45
-1.9032 6.2719 8.9645 50.73
-4.1109 18.0800 5.9220 14.37
-1.8738 7.3661 5.7705 31.61
-1.7801 6.7351 8.9402 48.82
-3.4688 18.0800 5.2489 12.46
-1.7336 8.0312 5.7941 29.70
-1.6301 7.2227 8.9219 46.92
-2.8244 18.1051 4.6079 10.57
-2.3883 14.4959 8.8743 27.82
-1.4595 7.7653 8.9383 45.04
-4.2709 18.0382 3.9906 8.58
-3.6503 14.9624 8.5811 25.84
-2.1625 8.1713 8.9226 43.07
-3.6121 18.0874 3.3680 6.70
-3.5025 17.0529 8.8575 23.92
-1.9900 8.7860 8.9195 41.17
-2.9599 18.0459 2.7479 4.81
-3.0453 18.0993 8.5810 22.05
-1.7079 8.9794 8.5292 39.25
-2.3184 18.0850 1.5370 0.99
-2.4121 18.1266 7.1959 18.25
-1.6122 10.8160 8.8862 35.48
-3.7606 18.0499 0.9091 -1.00
-3.8423 18.1095 6.5756 16.29
-2.6030 11.5263 8.9039 33.49
-1.6019 6.3346 8.9641 50.76
-3.1891 18.1090 5.8986 14.41
-2.3439 12.4166 8.8894 31.64
-1.4568 6.7969 8.9474 48.86
-2.5507 18.0677 5.2292 12.50
-2.0413 13.4435 8.8842 29.74
-1.2722 7.2020 8.8490 46.96
-1.8983 18.0890 3.9863 8.71
-1.6991 14.9577 8.4581 25.93
-1.1246 8.2462 8.8651 43.19
-3.3277 18.0338 3.3493 6.68
-3.2389 17.0596 8.8460 23.94
-1.7896 8.4363 8.5896 41.18
-2.6947 18.0869 2.7520 4.82
-2.7732 18.1144 8.5639 22.03
-1.5698 8.9722 8.5223 39.31
-2.0403 18.0286 1.5459 1.02
-2.1344 18.1265 7.1796 18.24
-1.4567 10.8490 8.9037 35.51
-1.3871 18.0056 0.3418 -2.83
-1.4736 18.0700 5.8547 14.45
-1.1574 12.1818 8.6783 31.71
-0.8386 6.8469 8.9316 48.92
-2.9060 18.1244 5.2443 12.48
-2.2924 13.4102 8.8848 29.73
-1.4251 7.2683 8.9394 46.95
-2.2445 18.0736 3.9830 8.69
-1.9922 14.9929 8.4899 25.93
-1.2815 8.2556 8.8734 43.13
-1.5847 17.8773 2.7411 4.87
-1.6873 18.0965 8.5403 22.11
-1.0616 9.1679 8.6351 39.31
-0.9588 18.0743 1.5568 1.06
-1.0573 18.0952 7.1719 18.32
-0.8176 10.8502 8.8868 35.57
-2.3742 18.0230 0.3331 -2.84
-2.4480 18.0709 5.8592 14.40
-1.8463 12.4682 8.8813 31.66
-1.1673 6.6428 8.7287 48.88
-1.8059 18.0828 4.6020 10.63
-1.5993 14.5824 8.8775 27.84
-1.0434 7.7911 8.9216 45.07
-1.1683 18.0700 3.3618 6.79
-1.1877 16.7275 8.6377 24.06
-0.8300 8.9057 8.9299 41.29
-0.5234 18.0454 2.1646 3.00
-0.6204 18.1248 7.8544 20.24
-0.5453 10.1459 8.9033 37.52
-1.9261 18.0790 0.9386 -0.92
-2.0118 18.1184 6.5285 16.37
-1.4664 11.6706 8.9090 33.57
-0.9903 6.3964 8.9422 50.84
-1.3715 18.0433 5.2156 12.55
-1.1464 13.1514 8.6805 29.78
-0.8299 7.3181 8.9461 47.05
-0.7209 18.0599 3.9744 8.72
-0.7459 15.2346 8.5752 25.97
-0.6035 8.3474 8.9316 43.21
-0.0748 17.8079 2.7563 4.95
-0.1750 18.1043 8.5438 22.17
-0.3074 9.1726 8.6454 39.43
-1.4775 18.0400 1.5521 1.04
-1.5765 18.1058 7.1706 18.28
-1.1123 10.7450 8.8114 35.52
-0.8344 17.9889 0.3603 -2.78
-0.9225 18.0951 5.8750 14.52
-0.8110 12.4967 8.8734 31.75
-0.6365 6.8492 8.9319 48.96
-0.2839 18.0852 4.6083 10.68
-0.3784 14.5087 8.8331 27.91
-0.4038 7.8123 8.9307 45.16
0.3593 18.0658 3.3964 6.90
0.2175 17.1187 8.8226 24.11
-0.1012 8.8683 8.9081 41.38
-1.0397 18.0379 2.1576 2.98
-1.1321 18.1027 7.8483 20.23
-0.8350 10.1652 8.9101 37.46
-0.3950 18.0027 0.9775 -0.80
-0.4838 18.0972 6.5176 16.43
-0.4993 11.6759 8.9036 33.67
-0.4697 6.4161 8.9362 50.89
0.1476 18.0560 5.2427 12.64
-0.0543 13.4545 8.8700 29.88
-0.2287 7.3145 8.9361 47.10
0.8025 18.0997 4.0244 8.84
0.5245 15.1634 8.5848 26.08
0.0770 8.3372 8.9493 43.30
-0.6014 17.8562 2.7520 4.92
-0.7013 18.1173 8.5523 22.18
-0.5654 9.1779 8.6504 39.42
0.0414 18.0345 1.5794 1.13
-0.0516 18.0945 7.1914 18.39
-0.2327 10.8373 8.8811 35.61
0.6945 17.9971 0.3992 -2.65
0.5898 18.0994 5.8921 14.55
0.2259 12.4864 8.8825 31.80
-0.0801 6.8527 8.9519 49.04
1.2352 18.0718 4.6492 10.77
0.8288 14.4450 8.8567 28.02
0.2324 7.7685 8.9270 45.24
-0.1631 18.0399 3.3699 6.83
-0.2677 17.1191 8.8152 24.10
-0.3498 8.9114 8.9311 41.33
0.4784 18.0127 2.1875 3.08
0.3731 18.0733 7.8662 20.32
0.0024 10.1496 8.9083 37.52
1.1293 18.0293 0.9957 -0.74
1.0276 18.0934 6.5614 16.52
0.4621 11.6011 8.8905 33.74
0.0480 6.3847 8.9325 50.98
1.6786 18.0755 5.2971 12.72
0.9571 12.3939 8.8836 31.89
0.3079 6.8065 8.9480 49.12
0.2706 18.0680 4.6221 10.73
0.0660 14.5466 8.8637 27.94
-0.1766 7.7861 8.9173 45.20
0.9196 18.0768 3.4095 6.93
0.7393 17.0683 8.8266 24.15
0.1598 8.8529 8.9070 41.39
1.5641 18.0301 2.2067 3.12
1.4610 18.0988 7.9184 20.36
0.5059 9.1435 8.1798 37.60
2.2160 18.0313 1.0162 -0.67
2.1022 18.0555 6.6075 16.59
1.1293 11.4758 8.8790 33.84
0.4047 6.3329 8.9295 51.07
0.7019 18.0354 5.2512 12.66
0.3545 13.4524 8.8911 29.92
-0.0200 7.2938 8.9283 47.13
1.3554 18.0519 4.0389 8.89
0.9626 14.9260 8.5000 26.13
0.3210 8.2864 8.9217 43.32
1.9833 17.8555 2.8128 5.08
1.9012 18.0989 8.6502 22.32
0.7014 8.9685 8.5452 39.51
2.6595 18.0162 1.6282 1.27
2.5493 18.1049 7.3199 18.53
1.2860 10.6759 8.8985 35.78
1.2356 18.0343 0.3967 -2.65
1.1467 18.0815 5.9094 14.59
0.6007 12.4214 8.8709 31.85
0.1199 6.8177 8.9305 49.07
1.7960 18.0812 4.6795 10.83
1.2578 14.4075 8.8643 28.04
0.4575 7.7399 8.9262 45.27
2.4388 18.0240 3.4469 7.00
1.8890 15.0860 8.0327 24.27
0.8855 8.7690 8.9241 41.50
3.1099 18.0472 2.2522 3.22
2.9926 18.0804 8.0275 20.46
1.4031 9.8849 8.8747 37.74
1.6866 18.0404 1.0022 -0.71
1.5829 18.0727 6.5891 16.57
0.8117 11.5652 8.8939 33.77
0.2300 6.3471 8.9173 51.04
2.2269 18.0566 5.3206 12.76
1.4638 13.2869 8.8743 29.99
0.5695 7.2161 8.9289 47.25
2.8998 18.0575 4.1002 8.98
2.2262 14.9234 8.5956 26.18
0.9910 8.1529 8.8990 43.43
3.5153 17.8173 2.8575 5.16
3.4503 18.0727 8.7736 22.40
1.4401 8.8796 8.6048 39.66
2.1314 18.0289 1.6200 1.25
2.0251 18.1369 7.2883 18.48
0.9908 10.7394 8.8995 35.73
2.7904 18.0216 0.4152 -2.56
2.6853 18.0565 5.9995 14.73
1.6168 12.2621 8.8790 31.97
0.6692 6.7496 8.9473 49.18
3.3482 18.0464 4.7447 10.90
2.4395 14.1438 8.8520 28.14
1.0838 7.6182 8.9224 45.38
4.0226 18.0236 3.5211 7.11
3.5153 16.4690 8.8070 24.34
1.5863 8.5769 8.8953 41.61
2.5758 18.0359 2.2368 3.19
2.4632 18.0606 7.9807 20.44
0.9914 9.0405 8.1621 37.67
3.2435 18.0243 1.0434 -0.57
3.1360 18.0632 6.6807 16.65
1.7508 11.3637 8.8822 33.89
0.7448 6.2849 8.9412 51.11
3.8050 18.0799 5.4287 12.87
2.5331 12.9935 8.8516 30.10
1.1580 7.1095 8.9393 47.33
4.4973 18.0582 4.1791 9.05
3.5208 14.8719 8.7482 26.31
1.6507 8.0105 8.9309 43.57
2.9825 17.8280 2.8452 5.15
2.9061 18.0816 8.7334 22.40
1.1864 8.9099 8.5870 39.64
3.6918 18.0023 1.6605 1.36
3.5837 18.0660 7.4008 18.61
1.8530 10.5396 8.8897 35.84
4.3851 17.9898 0.4494 -2.41
4.2641 18.0623 6.1068 14.79
2.6246 12.0427 8.8900 32.04
1.2104 6.6255 8.9499 49.27
4.9503 18.0667 5.5170 12.94
3.2912 12.7823 8.8598 30.17
1.5546 6.9772 8.9257 47.42
3.4608 18.0441 4.1255 9.01
2.6881 14.8934 8.6477 26.26
1.2312 8.1181 8.9209 43.48
4.0939 17.8435 2.8914 5.22
4.0054 17.9952 8.8030 22.43
1.7220 8.8954 8.6784 39.70
4.8362 18.0411 2.3114 3.34
4.7083 18.0763 8.2119 20.57
2.1492 9.2589 8.5462 37.81
5.5186 18.0166 1.7080 1.47
5.3933 18.0947 7.6065 18.72
2.7982 10.2250 8.8768 35.97
4.0037 18.0051 0.4350 -2.47
3.8995 18.0468 6.0729 14.77
2.3906 12.0609 8.8655 32.03
1.0821 6.6285 8.9130 49.25
4.5893 18.0555 4.8385 11.01
3.3297 13.9022 8.8594 28.22
1.5574 7.5068 8.9349 45.45
5.2709 18.0261 4.2254 9.10
4.1564 14.8748 8.8438 26.34
1.9559 7.8953 8.9044 43.58
5.9697 18.0121 3.6405 7.27
4.8574 15.2374 8.4890 24.49
2.4016 8.3243 8.9075 41.74
4.4447 17.9992 2.2968 3.32
4.3344 18.0845 8.1760 20.57
2.0798 9.7368 8.8865 37.79
5.1363 18.0197 1.7014 1.46
5.0095 18.0469 7.5491 18.71
2.6139 10.3314 8.9023 35.94
5.8387 18.0104 1.0856 -0.43
5.7213 18.0970 6.9506 16.82
3.2102 10.9392 8.8916 34.04
1.5324 6.0505 8.9349 51.29
6.4352 18.0690 6.3379 14.95
3.8691 11.5453 8.8687 32.20
1.8857 6.3876 8.9398 49.41
4.8706 18.0576 5.5067 12.93
3.2292 12.7668 8.8482 30.19
1.5248 6.9955 8.9306 47.40
5.5617 18.0387 4.9125 11.08
4.0018 13.6796 8.8665 28.29
1.9071 7.3695 8.9137 45.52
6.2686 18.0216 4.3049 9.18
4.8632 14.5746 8.8349 26.41
2.3376 7.7784 8.9267 43.65
6.9809 18.0126 4.3572 9.22
5.3347 14.3167 8.8225 26.48
2.5790 7.6407 8.9057 43.74
5.3963 18.0301 3.5932 7.19
4.6534 16.1212 8.8292 24.45
2.1736 8.4221 8.9140 41.68
6.1015 18.0328 3.0056 5.35
5.7300 17.3856 8.8124 22.56
2.6480 8.8612 8.8973 39.83
6.8067 17.9897 3.0418 5.40
5.5010 15.0430 7.8928 22.64
2.9495 8.7661 8.9071 39.83
7.5475 18.0394 3.0851 5.44
6.8529 16.7933 8.8003 22.69
3.2344 8.6265 8.9054 39.90
5.9185 18.0065 2.3554 3.42
5.8043 18.1011 8.3777 20.66
2.6789 9.2085 8.6478 37.89
6.6260 18.0164 2.3915 3.48
6.4776 18.0529 8.4658 20.72
2.9892 9.1016 8.6558 37.92
7.3541 18.0008 2.4170 3.51
7.2208 18.0715 8.5871 20.74
3.2560 8.8813 8.5876 37.98
8.0925 18.0102 2.4578 3.57
7.9554 18.0869 8.7248 20.79
3.6141 8.8848 8.7109 38.02
6.4568 18.0361 1.7340 1.52
6.2980 18.0399 7.7063 18.77
2.8874 9.0341 8.0875 36.01
7.1628 18.0108 1.7652 1.60
7.0182 18.0360 7.8234 18.85
3.5740 9.9029 8.8711 36.07
7.8869 17.9854 1.7889 1.64
6.9736 16.3283 7.2842 18.86
3.3093 8.3975 7.7970 36.12
8.6417 18.0003 2.4810 3.60
8.4478 17.9698 8.7794 20.83
3.8744 8.8780 8.8146 38.11
6.9529 18.0320 2.4021 3.49
6.8238 18.1029 8.5379 20.73
3.0731 8.9153 8.5541 37.96
7.6760 18.0092 2.4400 3.55
7.5251 18.0616 8.6459 20.79
3.4130 8.8878 8.6413 37.99
8.4322 18.0268 3.1450 5.51
7.4993 16.4454 8.8013 22.75
3.5608 8.4551 8.8946 39.94
9.2034 18.0503 3.8803 7.46
7.3135 14.8028 8.8161 24.68
3.5548 7.7752 8.9071 41.95
7.4334 18.0051 3.7285 7.33
5.9505 14.9117 8.5618 24.59
2.7415 7.5980 8.9272 43.75
8.1872 18.0384 4.4851 9.35
6.1083 13.9767 8.8512 26.58
2.9529 7.3928 8.8332 43.77
8.9062 17.9794 5.2287 11.28
6.0103 12.6538 8.8348 28.51
2.9691 6.8297 8.8609 45.75
8.7450 16.3299 6.2514 15.17
5.0635 10.0060 8.8867 34.32
2.5406 5.5702 8.9433 51.58
7.8956 18.0377 7.2400 16.99
4.2862 10.4218 8.8672 34.18
2.1175 5.7914 8.9306 51.45
8.6543 18.0689 8.1069 18.96
4.1018 9.1993 8.5862 36.18
9.4839 17.8278 2.5168 3.65
7.8306 15.1281 7.7306 20.89
4.2662 8.7883 8.8957 38.13
9.5100 16.5812 3.7580 7.54
7.9968 14.3367 8.8064 24.76
3.9195 7.5574 8.9099 42.03
8.5013 18.0139 4.5055 9.35
6.3032 13.8457 8.8397 26.60
3.0010 7.2115 8.7066 43.82
9.2848 18.0313 5.2909 11.33
6.1900 12.5436 8.8337 28.53
3.0016 6.6497 8.7145 45.76
9.5408 17.1467 6.5543 15.18
3.2961 6.5067 5.8656 32.42
2.8407 5.8880 8.9287 49.66
9.0196 15.1034 7.3219 19.08
5.0059 8.8598 8.7272 36.33
9.1389 18.0290 2.5096 3.63
8.8019 17.7296 8.7774 20.88
4.0994 8.8795 8.8930 38.10
9.5256 17.3412 3.8408 7.52
7.7522 14.5385 8.8251 24.74
3.7925 7.6712 8.9310 41.98
9.5326 16.1213 5.0057 11.39
6.8975 12.0952 8.8379 28.62
3.4652 6.5815 8.9074 45.86
9.3833 14.8156 6.6722 17.22
5.5455 9.2059 8.6163 34.43
9.4929 17.6227 2.5108 3.67
7.8864 15.0381 7.7198 20.92
4.3107 8.7587 8.8957 38.14
9.5196 16.3723 3.7429 7.56
8.0911 14.3020 8.8218 24.78
3.9596 7.5348 8.9076 42.02
9.2087 14.8015 5.3764 13.37
6.6166 11.0370 8.8541 30.60
3.3474 6.0620 8.8930 47.82
8.9732 13.5823 8.7944 24.87
4.4344 7.1829 8.8987 42.14
9.5204 16.8073 5.1182 11.38
6.6717 12.2310 8.8281 28.59
3.3443 6.6651 8.9167 45.85
9.0134 14.8219 5.9761 15.29
6.0107 10.3241 8.8594 32.52
2.9952 5.6384 8.7822 49.72
7.4673 11.6936 8.8444 28.70
3.7789 6.3842 8.9254 45.94
11.2555 15.9478 8.7779 21.10
5.3288 8.0251 8.8915 38.37
9.5023 15.8115 3.6752 7.55
8.2888 14.1442 8.8170 24.81
4.0587 7.4415 8.8865 42.04
9.5130 14.7778 5.4162 13.38
6.7910 10.9306 8.8596 30.60
3.4499 6.0359 8.9429 47.87
9.0304 13.2247 8.6942 24.93
4.5573 7.1307 8.9284 42.16
9.5026 12.7780 5.6296 15.40
5.9362 8.4044 8.8786 36.49
9.4140 14.8380 3.5724 7.59
8.6206 13.9010 8.8171 24.85
4.2493 7.3471 8.9144 42.08
9.4948 13.9879 5.2712 13.42
5.5945 8.7231 8.8992 36.41
9.4749 12.9251 3.9534 9.62
7.3781 10.4417 8.8552 30.71
3.7810 5.7775 8.9300 47.93
9.9381 12.8276 8.8228 24.99
4.9279 6.7848 8.9024 42.26
9.5135 14.2895 5.3284 13.40
5.8037 9.1787 8.7024 34.45
2.9957 5.2003 8.8679 51.72
7.9297 11.3821 8.8706 28.76
4.0234 6.2162 8.9395 45.99
10.7440 14.0445 8.7943 23.09
5.2471 7.3065 8.9005 40.28
9.4815 11.5244 5.3809 15.48
5.8737 7.5467 8.8882 38.49
9.4977 13.5313 4.6099 11.53
7.1995 10.6060 8.8623 30.68
3.6686 5.8545 8.9219 47.91
9.6887 13.0098 8.8136 24.98
4.8089 6.9011 8.9108 42.22
11.0773 13.7703 8.8062 23.13
5.4051 7.1473 8.9032 40.37
9.4616 10.9493 5.2678 15.51
7.0194 8.4390 8.8794 34.68
3.6201 4.7383 8.9298 51.92
8.0883 11.2254 8.8604 28.79
4.0996 6.1253 8.9199 46.03
9.5157 12.0730 6.6258 19.27
5.7423 7.6734 8.8851 38.44
9.4862 11.1678 4.7848 13.57
6.9499 8.5160 8.8750 34.64
3.5725 4.7724 8.9162 51.89
7.8418 8.8664 8.3535 30.86
4.3401 5.2627 8.9269 48.11
9.8833 12.8588 8.8108 24.97
4.9185 6.8293 8.9230 42.24
11.2781 13.5801 8.8094 23.15
5.5069 7.0526 8.8994 40.38
9.4992 10.6580 5.2157 15.52
6.6174 7.7710 8.8735 36.61
9.4779 9.9100 4.5843 13.66
7.3909 8.0269 8.8683 34.76
3.8307 4.5225 8.9269 52.00
7.1592 9.0838 8.7014 32.71
3.7714 5.1826 8.9203 49.92
7.6320 8.9632 7.7842 28.94
4.5770 5.7250 8.9376 46.15
10.0378 10.8422 8.8239 27.06
5.0886 5.8689 8.9010 44.32
8.7720 8.8364 6.1428 21.38
6.5665 6.8766 8.9034 38.61
9.4933 11.0549 4.7710 13.59
7.3519 8.8617 8.6851 32.75
3.9043 5.0896 8.9471 49.96
7.9013 8.8361 8.3732 30.89
4.3622 5.2372 8.9254 48.12
8.7042 9.0077 7.6900 27.10
5.2268 5.7290 8.9074 44.36
8.9300 8.5540 6.1228 21.42
6.7290 6.6986 8.9101 38.65
9.4807 10.5060 4.6819 13.63
7.2064 8.2982 8.8909 34.67
3.7233 4.6638 8.9461 51.92
7.8478 8.3574 8.1563 30.93
4.1602 4.7937 8.9229 50.08
9.0956 8.9400 7.8221 27.14
5.3647 5.5888 8.9183 44.40
11.8392 10.6946 8.8117 25.25
5.9500 5.7227 8.9113 42.54
7.8304 8.3974 5.7482 21.33
6.3676 7.0701 8.8948 38.59
9.2727 9.1562 4.9127 15.67
8.2066 8.3186 8.8555 32.89
4.2818 4.6874 8.9455 50.12
9.4276 8.8165 8.4828 29.11
5.1303 5.1293 8.9411 46.31
10.2119 8.8725 8.8484 29.16
5.2659 4.9037 8.9122 46.39
9.0271 9.1937 7.3326 25.17
5.6669 6.0826 8.9208 42.44
8.9311 8.4570 6.1074 21.45
6.7414 6.6302 8.8878 38.68
9.4693 8.3091 5.2785 17.66
7.4746 6.8110 8.8896 36.81
9.4812 7.7427 4.7303 15.80
7.1649 6.1218 8.9060 38.77
9.1903 8.8027 4.8351 15.69
7.7226 7.6422 8.8706 34.85
4.0158 4.3166 8.9240 52.06
8.5954 7.8727 8.8706 32.98
4.4916 4.4418 8.9490 50.20
7.6980 6.6343 8.4161 34.92
4.2888 4.0019 8.9453 52.17
7.3071 5.9281 8.9065 38.79
9.4699 8.6422 5.3476 17.66
7.3462 6.9631 8.8831 36.78
9.5043 8.0716 4.7906 15.79
7.5694 6.6793 8.8953 36.86
9.4521 7.4959 5.1324 17.74
6.7391 5.6271 8.9087 40.73
8.9528 6.6734 6.1617 23.55
6.4251 5.0300 8.9017 42.72
7.6907 6.7920 5.7264 23.41
6.5008 5.9490 8.9020 40.65
9.4917 7.6897 5.6356 19.63
6.2190 5.3423 8.8990 42.63
11.6167 8.7749 8.8336 27.34
5.9662 4.8111 8.9307 44.60
10.1466 7.1974 8.8661 31.22
5.2994 4.0475 8.9344 48.48
8.8797 7.4903 8.8719 33.04
4.6281 4.2211 8.9172 50.26
7.8626 6.2573 8.8948 36.95
9.4844 6.7768 5.0256 17.82
6.9783 5.2473 8.9023 40.82
9.4668 6.3099 5.8224 21.70
6.2099 4.4106 8.9263 44.69
9.7661 7.7668 8.8566 31.15
5.1013 4.3667 8.9450 48.39
9.0197 6.7256 8.6742 33.14
4.8594 3.9116 8.9367 50.36
8.8215 6.1348 8.8907 35.08
4.6271 3.5045 8.9514 52.34
9.5231 6.1014 8.7546 33.24
5.0770 3.5255 8.9261 50.48
8.5381 6.5353 8.8772 35.05
4.4894 3.7335 8.9588 52.27
7.5850 5.4658 8.9068 38.92
9.4727 6.0932 5.3459 19.80
7.7464 5.1872 8.9113 38.99
9.4732 5.6473 5.7119 21.80
6.3887 4.0611 8.9198 44.79
10.1173 7.2383 8.8673 31.23
5.2792 4.0707 8.9296 48.48
8.8993 5.9866 8.8909 35.12
4.0958 3.0444 8.0497 52.34
7.2957 4.6560 8.8960 40.96
11.6272 6.5332 8.8760 29.48
6.0455 3.6619 8.9293 46.72
10.2764 6.9637 8.8680 31.27
5.3650 3.9215 8.9256 48.52
9.4965 5.9928 8.1722 31.33
5.4776 3.7145 8.9214 48.57
8.5639 5.0750 8.9071 37.14
9.4894 5.0069 5.1973 19.97
7.5505 4.1864 8.9038 41.01
9.4884 6.0346 5.7796 21.73
7.7519 5.1177 8.8873 38.99
9.4865 5.5796 5.7082 21.82
6.4107 4.0203 8.9160 44.78
10.0227 5.5107 8.8805 33.34
5.0934 3.0556 8.6826 50.58
8.8057 4.5065 8.9012 37.24
9.4729 5.6887 5.2899 19.88
6.8631 4.3585 8.9330 42.84
10.7681 6.0163 8.8783 31.41
4.9301 3.0233 8.0101 48.65
9.4412 4.9117 8.9009 35.29
4.9597 2.8318 8.9380 52.55
7.7406 3.7832 8.9237 41.09
11.5611 6.5648 8.8539 29.49
6.0320 3.6896 8.9381 46.74
9.3834 5.0029 8.8936 35.29
4.8760 2.8529 8.8432 52.51
7.6948 3.8599 8.9239 41.12
11.2186 4.9102 8.8800 31.55
5.8685 2.8022 8.9064 48.83
9.3601 5.1119 8.9003 35.24
4.7457 2.8480 8.6836 52.49
8.2152 4.1786 8.8994 39.16
9.4828 4.2401 5.5052 21.97
6.1553 2.9913 8.7587 46.87
8.9736 3.7518 8.8230 37.36
9.4615 4.7465 5.1551 20.00
7.6382 4.0265 8.9232 41.06
11.9924 5.5004 8.8533 29.63
5.9672 2.9835 8.5670 46.85
8.9478 3.8537 8.8272 37.34
9.4541 3.5568 5.4176 22.08
6.9144 2.8008 8.9328 45.07
10.2702 4.9047 8.8807 33.44
5.4130 2.8275 8.9230 50.65
7.8249 3.5240 8.9122 41.13
11.3669 4.4268 8.8767 31.61
5.9896 2.5589 8.9428 48.87
8.6014 3.0764 7.4523 33.59
5.6250 2.1976 8.9271 50.84
7.7884 3.6053 8.9111 41.14
11.3556 4.5532 8.8879 31.58
5.9542 2.6174 8.9258 48.86
8.4024 3.1151 7.7864 35.50
5.2250 2.1335 8.9492 52.75
9.0250 2.9789 8.6987 37.47
9.4560 3.8778 5.4492 22.01
6.6815 2.9486 8.7531 45.01
8.2472 3.1572 7.6875 35.48
5.2008 2.1857 8.9324 52.71
8.2862 2.8536 8.1239 37.45
9.4777 2.7545 5.3547 22.19
7.5543 2.3573 8.9110 43.28
10.5617 4.0771 8.8881 33.55
5.5673 2.3732 8.9128 50.76
8.1647 2.8896 7.5786 35.52
5.2416 2.0420 8.9284 52.74
9.0306 2.8301 8.6745 37.49
9.4551 2.4863 5.3229 22.21
7.6076 2.1570 8.9152 43.29
8.7799 3.1511 6.6971 29.77
6.4827 2.4925 8.9294 47.02
9.2619 2.9559 7.3891 31.73
6.1121 2.1305 8.9404 48.97
9.3587 2.6612 8.8934 37.53
9.4897 2.2347 5.3216 22.25
7.1485 1.8559 8.9358 45.24
8.5906 2.8413 6.5487 29.80
6.5229 2.3142 8.9205 47.06
10.0651 2.9334 8.9101 35.59
3.0588 1.1095 5.8352 52.82
7.6381 2.0352 8.9243 43.32
11.8049 2.4728 8.8842 31.85
6.2166 1.4892 8.9114 49.11
9.3292 2.8261 7.8853 33.67
5.7108 1.9171 8.9333 50.88
8.1640 2.2353 8.9079 41.38
8.9377 2.0017 6.2390 28.01
6.6878 1.6500 8.9320 47.14
10.2085 1.9205 8.8997 35.75
3.1011 0.7756 5.8172 52.99
8.1656 2.3271 8.9258 41.37
11.7474 2.7113 8.8764 31.84
6.2250 1.6312 8.9482 49.08
9.5158 1.9186 8.9195 37.64
9.4630 1.4664 5.2822 22.37
7.7399 1.3392 8.9310 43.46
10.9160 2.6630 8.9075 33.75
5.7761 1.6047 8.9378 50.97
8.8326 1.8934 8.9051 39.54
9.4594 1.5743 5.6743 24.27
7.2284 1.3539 8.9454 45.34
11.9412 1.5460 8.9144 31.96
6.2831 0.9847 8.9281 49.24
9.4728 2.1099 8.9065 37.61
9.4464 1.6571 5.2837 22.36
7.7251 1.5014 8.9276 43.41
7.5325 1.1144 5.7939 30.05
6.7756 1.1109 8.9543 47.25
11.0829 1.1720 8.9147 33.92
5.8734 0.7889 8.9412 51.17
8.8700 1.7551 8.9181 39.56
9.4329 1.4146 5.6574 24.29
7.2533 1.2354 8.9551 45.35
11.8943 1.3517 8.8881 32.01
6.3155 0.8878 8.9538 49.25
10.3018 0.8437 8.9182 35.90
3.1235 0.4224 5.8074 53.12
8.2940 1.4495 8.9218 41.51
8.9520 1.1310 6.2061 28.15
7.2621 1.0406 8.9479 45.39
11.9331 1.0429 8.9060 32.04
6.3154 0.7169 8.9437 49.28
10.2868 0.5728 8.9065 35.93
3.1251 0.3342 5.8073 53.15
8.9247 1.2852 8.9250 39.63
9.4531 0.9182 5.6575 24.36
7.2750 0.8467 8.9497 45.42
11.9059 0.7300 8.8872 32.08
6.3158 0.5467 8.9390 49.31
10.2551 0.3028 8.8875 35.96
3.1343 0.2463 5.8204 53.18
8.9292 1.0481 8.9167 39.66
9.4450 0.6698 5.6533 24.39
7.7840 0.6754 8.9300 43.55
7.5321 0.3149 5.7848 30.19
6.7928 0.3824 8.9437 47.39
9.4534 0.0197 7.3517 32.12
6.3340 0.1374 8.9648 49.38
10.2836 0.8857 8.9065 35.89
3.1242 0.4367 5.8088 53.11
8.9222 0.4821 8.9045 39.75
9.4356 0.0824 5.6586 24.47
8.3620 0.1732 8.9517 41.72
7.5360 -0.1625 5.8015 30.25
6.7592 -0.0536 8.9332 47.49
11.0836 0.6378 8.9103 33.99
5.8904 0.4970 8.9420 51.20
9.5900 0.2458 8.9259 37.89
9.4515 -0.1649 5.6731 24.50
7.7671 -0.0252 8.9309 43.67
11.8564 -0.6316 8.8940 32.18
6.2824 -0.2007 8.9326 49.44
10.3205 0.3467 8.9194 35.91
3.1336 0.2604 5.8160 53.16
9.4886 -0.0045 8.8564 37.92
9.4457 -0.4122 5.6834 24.53
7.7467 -0.2307 8.9278 43.70
11.8485 -0.9419 8.9131 32.21
6.2793 -0.3703 8.9505 49.47
9.4711 0.0718 7.8325 34.05
5.8835 0.1789 8.9396 51.27
8.9243 -0.2237 8.9339 39.85
8.9292 -0.5990 6.2345 28.40
7.2191 -0.3876 8.9421 45.65
10.9388 -1.1355 8.9130 34.19
5.8363 -0.4801 8.9609 51.41
8.9223 -0.1303 8.9278 39.84
8.9088 -0.5132 6.2154 28.38
7.2447 -0.3161 8.9536 45.62
10.9589 -1.0244 8.9096 34.16
5.8451 -0.4222 8.9576 51.39
7.6761 -0.9266 8.9457 43.79
11.8642 -0.5829 8.8995 32.19
6.2675 -0.1697 8.9183 49.46
9.4828 -0.7552 8.9090 38.02
9.4507 -1.1614 5.7354 24.62
6.6856 -0.6997 8.9386 47.61
8.7658 -1.3315 8.9239 39.95
8.9273 -0.6579 6.2405 28.42
7.2275 -0.4339 8.9515 45.64
10.1600 -1.0993 8.9100 36.10
3.1042 -0.2143 5.8284 53.33
7.1420 -0.9618 8.9516 45.74
9.3571 -1.6961 8.9388 38.10
9.4394 -0.9688 5.7175 24.61
7.6633 -0.6825 8.8923 43.74
10.1275 -1.3636 8.9226 36.14
3.0934 -0.3014 5.8334 53.36
7.1222 -1.1559 8.9692 45.76
9.0428 -1.8815 8.7277 38.11
9.4589 -1.2227 5.7443 24.62
6.6903 -0.7426 8.9534 47.62
8.7463 -1.3828 8.9343 40.02
11.5591 -2.3402 8.9074 32.36
6.1262 -1.1318 8.9331 49.61
8.0323 -1.8700 8.9429 41.98
10.8432 -1.6585 8.9083 34.23
5.7828 -0.7678 8.9579 51.48
7.5941 -1.3780 8.9552 43.86
9.9178 -2.2532 8.9175 36.22
3.0414 -0.5978 5.8502 53.45
6.9469 -1.7828 8.9455 45.81
9.3530 -1.6543 8.9253 38.09
9.4717 -2.0923 5.8449 24.73
6.5660 -1.3456 8.9543 47.71
8.5620 -2.1496 8.9317 40.07
9.3590 -2.7935 6.2991 26.67
7.3625 -2.1221 8.9341 43.95
9.9726 -2.0432 8.9211 36.22
3.0419 -0.5256 5.8315 53.46
6.9850 -1.6432 8.9418 45.79
8.9728 -2.5263 8.8146 38.17
9.2422 -3.0233 5.8756 24.81
7.8277 -2.4946 8.9413 42.06
10.6314 -2.4949 8.9025 34.31
3.2528 -0.6714 5.8242 51.56
7.4197 -1.9715 8.9433 43.94
8.9215 -2.7983 6.9399 30.54
6.3867 -1.9307 8.9466 47.78
8.7020 -3.0720 7.7779 34.41
5.4743 -1.8584 8.9591 51.66
7.4435 -1.8924 8.9375 43.91
9.2138 -2.7898 7.0998 30.53
6.4170 -1.8672 8.9595 47.78
8.9480 -3.0637 7.4617 32.48
5.9111 -1.9490 8.9686 49.73
7.6225 -2.9021 7.9199 38.24
9.4298 -2.7750 5.9205 24.79
6.4204 -1.7924 8.9446 47.80
8.2829 -2.7298 7.4253 34.39
5.5265 -1.7483 8.9722 51.64
8.0788 -2.9693 8.7756 40.17
11.6448 -4.8462 8.8951 30.63
6.1636 -2.4985 8.9492 47.86
9.2514 -2.9513 8.0992 34.38
5.5393 -1.6867 8.9624 51.63
7.9303 -2.8330 8.1254 38.23
9.4187 -3.8214 5.6732 22.95
7.0132 -2.7753 8.8448 44.03
9.9567 -4.4347 8.9441 34.48
4.9058 -2.1205 8.9494 53.65
8.0829 -2.7876 8.7178 40.13
8.8541 -3.4788 6.1925 26.76
6.6645 -2.5514 8.9501 45.94
9.3052 -4.0242 8.9448 36.38
4.9442 -2.0774 8.9726 53.65
6.6379 -3.1382 8.6635 44.08
8.3332 -3.1529 7.1215 32.52
5.8207 -2.1401 8.9517 49.76
8.1088 -3.3893 8.9491 40.24
11.4626 -5.3429 8.9202 30.65
6.0447 -2.7652 8.9598 47.91
8.3688 -4.2543 8.9247 38.36
9.4470 -3.9044 5.6974 22.95
6.9145 -2.7853 8.7558 44.02
9.9054 -4.4800 8.9231 34.47
5.2749 -2.3302 8.9623 51.72
7.3290 -3.6211 8.9358 42.16
10.2911 -5.5979 8.9352 32.60
5.1924 -2.7899 8.6160 49.85
8.0667 -3.5262 8.9506 40.20
11.3640 -5.5223 8.9140 30.65
5.8066 -2.7742 8.7248 47.91
8.2942 -4.3888 8.9241 38.37
11.8275 -6.8640 8.9178 28.76
6.1865 -3.5495 8.9715 46.03
8.9750 -4.2215 8.7880 36.40
4.8770 -2.2423 8.9840 53.66
6.7971 -3.4906 8.9589 44.10
9.4648 -5.3422 8.9407 34.54
4.9705 -2.7734 8.8854 51.79
7.4776 -4.5864 8.9573 40.32
11.2649 -5.7009 8.9174 30.68
5.8045 -2.8899 8.7890 47.95
8.2488 -4.5366 8.9406 38.35
8.9032 -5.3736 6.2253 24.97
6.5356 -3.9013 8.9404 44.14
8.9591 -5.8348 8.8276 34.58
4.6551 -3.0137 8.7057 51.82
7.2013 -3.8498 8.9389 42.21
10.9062 -6.4035 8.9361 30.70
5.7297 -3.3356 8.9532 47.96
9.4704 -6.0337 8.6362 32.65
4.9748 -3.1487 8.6180 49.90
7.2314 -4.9849 8.9724 40.35
10.9637 -6.2901 8.9358 30.71
5.5094 -3.1281 8.6325 47.98
9.4485 -5.8808 8.5731 32.65
5.0547 -3.1223 8.6729 49.86
7.2867 -4.9019 8.9648 40.32
10.1992 -7.4380 8.9423 30.77
5.3489 -3.8965 8.9475 48.00
8.6340 -5.2404 8.9397 36.47
4.5764 -2.7529 8.9648 53.73
6.3613 -4.1863 8.9488 44.16
8.8180 -6.2869 8.9275 34.60
4.1130 -2.9368 8.0843 51.84
6.9278 -5.3426 8.9468 40.37
9.4359 -6.1133 6.6249 25.00
6.8719 -4.4174 8.9444 42.22
9.6001 -6.6979 8.9400 32.65
5.0658 -3.5240 8.9582 49.92
7.5012 -5.6566 8.9516 38.45
8.9291 -7.2783 6.2846 23.12
6.3492 -5.1683 8.9649 42.26
9.6492 -6.5876 8.9391 32.69
5.1003 -3.4745 8.9571 49.91
7.5755 -5.5894 8.9562 38.41
8.8635 -7.0714 6.2053 23.11
6.3856 -5.0925 8.9522 42.27
9.5693 -8.2039 8.9370 30.80
5.0247 -4.3286 8.9656 48.03
7.6220 -5.5090 8.9507 38.42
8.9447 -6.9926 6.2100 23.10
6.4414 -5.0285 8.9548 42.27
9.6653 -8.1105 8.9395 30.79
5.0630 -4.2711 8.9617 48.05
8.0301 -7.2664 8.9339 34.64
4.2511 -3.8762 8.9741 51.88
6.9631 -5.3167 8.9466 40.33
10.5403 -8.6649 8.9376 28.89
5.4764 -4.5191 8.9549 46.13
8.7523 -7.7522 8.9457 32.71
4.6124 -4.1113 8.9705 49.97
8.4592 -8.0574 8.9388 32.72
4.4526 -4.2853 8.9687 49.97
7.8585 -6.3275 8.9441 36.53
3.6438 -2.9571 8.0883 53.79
6.6105 -5.7506 8.9645 40.41
7.5581 -7.0788 5.7907 23.14
6.3890 -5.9794 8.9449 40.38
7.4727 -7.5304 5.8985 23.15
6.1457 -6.2067 8.9361 40.41
11.2879 -9.5785 8.9213 26.95
5.7957 -4.9395 8.9498 44.19
10.0721 -9.2022 8.9393 28.91
5.2339 -4.8174 8.9685 46.14
8.9628 -8.8153 8.3446 28.90
5.0432 -5.0037 8.9583 46.16
8.4598 -8.9590 8.2064 28.91
4.8666 -5.1978 8.9625 46.12
8.7014 -7.7946 8.9425 32.72
4.5849 -4.1419 8.9687 49.96
8.4120 -8.1066 8.9339 32.70
4.4304 -4.3114 8.9724 49.98
8.0943 -8.3969 8.9280 32.73
4.2659 -4.4808 8.9756 49.99
7.8251 -8.7277 8.9629 32.73
4.0882 -4.6366 8.9641 49.98
8.4914 -8.0187 8.9411 32.73
4.4601 -4.2565 8.9517 49.97
8.1911 -8.3199 8.9293 32.71
4.3287 -4.4484 9.0003 49.98
7.8809 -8.6174 8.9376 32.74
4.1406 -4.5941 8.9732 50.00
7.4817 -8.8019 8.8523 32.73
3.9606 -4.7470 8.9616 49.99
8.2774 -8.2386 8.9408 32.74
4.3572 -4.3914 8.9752 49.98
7.9959 -8.5598 8.9532 32.71
4.2058 -4.5649 8.9981 49.99
7.6428 -8.8112 8.9269 32.74
4.0133 -4.7050 8.9670 49.99
7.9308 -9.8323 8.9517 30.84
4.1270 -5.2131 8.9705 48.07
8.4123 -8.8262 8.6916 30.82
4.5473 -4.8270 8.9697 48.09
7.7736 -8.7788 8.4065 30.81
4.3628 -4.9994 8.9630 48.07
8.0555 -9.7735 8.9707 30.83
4.1690 -5.1563 8.9569 48.09
8.3084 -10.8553 8.9461 28.92
4.2750 -5.6882 8.9453 46.13
7.9615 -8.8079 7.9559 28.90
4.7470 -5.3124 8.9760 46.17
7.5853 -9.0343 7.9179 28.93
4.5388 -5.4802 8.9615 46.17
9.1469 -11.6687 8.9387 27.01
4.6632 -6.0573 8.9709 44.25
8.8804 -12.2014 8.4375 25.10
4.7544 -6.6610 8.9462 42.30
9.4196 -10.9503 8.1341 25.09
5.3059 -6.2372 8.9724 42.34
9.4308 -11.7813 7.8097 23.15
5.4388 -6.8897 8.9693 40.44
9.0820 -12.2165 7.2617 21.24
5.5645 -7.5906 8.9562 38.51
8.4122 -12.2204 6.5379 19.34
5.6935 -8.3828 8.9625 36.57
2.9254 -4.4450 8.9122 53.84
6.8465 -8.4407 8.9520 34.65
3.5853 -4.5151 8.9749 51.91
6.8820 -9.1284 8.7658 32.72
3.6784 -4.9888 8.9729 50.00
7.2798 -10.3964 8.9765 30.82
3.7416 -5.4852 8.9517 48.08
7.4557 -11.5028 8.9588 28.91
3.8255 -6.0508 8.9758 46.13
9.0949 -11.7447 8.9468 26.99
4.6261 -6.0861 8.9649 44.23
8.7438 -12.1741 8.3840 25.09
4.7231 -6.7064 8.9668 42.32
8.1184 -12.2012 7.6079 23.12
4.8100 -7.3606 8.9595 40.40
7.4820 -12.1927 6.3506 19.35
5.2606 -8.6992 8.9783 36.56
2.7060 -4.6465 8.9740 53.84
6.4111 -8.8141 8.9682 34.65
3.3398 -4.7146 8.9805 51.91
6.5639 -9.7220 8.9516 32.72
3.4199 -5.2083 9.0008 49.99
7.2745 -11.6138 8.9549 28.91
3.7208 -6.1145 8.9814 46.17
7.0612 -12.2049 7.9616 25.09
4.0403 -7.1680 8.9671 42.29
8.4622 -12.1909 7.7002 23.16
4.9628 -7.2711 8.9670 40.39
7.8322 -12.2089 6.9773 21.24
5.0540 -7.9974 8.9746 38.47
7.2145 -12.1906 5.7524 17.39
5.3310 -9.1124 8.7214 34.66
2.8404 -5.0423 8.9684 51.90
6.0363 -11.1599 8.9616 30.82
3.0009 -5.7703 8.7696 48.05
7.4944 -11.4439 8.9415 28.91
3.8429 -6.0286 8.9781 46.17
7.3720 -12.1776 8.0226 25.08
4.1861 -7.0863 8.9776 42.31
6.8055 -12.2026 6.7626 21.23
4.5405 -8.3061 8.9773 38.50
6.2316 -12.1941 5.0902 15.46
3.1414 -6.3771 5.9665 32.71
2.7327 -5.6434 9.0121 49.97
7.2167 -11.6714 8.9616 28.90
3.6785 -6.1286 8.9709 46.17
6.9563 -12.1997 7.9293 25.08
4.0050 -7.2111 8.9885 42.30
6.3877 -12.1914 6.6780 21.22
4.3281 -8.4393 8.9860 38.49
5.8422 -12.2050 5.0418 15.46
5.0501 -10.6550 8.9689 32.70
2.5720 -5.7013 8.9848 49.96
6.9098 -11.8547 8.9572 28.90
3.5189 -6.2329 8.9749 46.16
6.5250 -12.1737 7.8186 25.07
3.8136 -7.3191 8.9848 42.29
5.9643 -12.1562 6.0665 19.31
4.2260 -8.7918 8.6463 36.51
2.2487 -4.9285 8.9809 53.76
3.0105 -6.9945 5.9181 30.78
2.6157 -6.1922 8.9901 48.03
6.6987 -12.1997 8.4512 26.97
3.6141 -6.7879 8.9782 44.21
6.1297 -12.1892 6.6399 21.26
3.1584 -6.5165 7.1915 38.45
5.6137 -12.2221 5.0218 15.47
4.8766 -10.7375 8.9660 32.70
2.4802 -5.7450 8.9848 49.96
5.0640 -12.1895 7.5129 25.04
2.9889 -7.4899 8.7832 42.25
6.3002 -12.1894 6.1343 19.33
4.4711 -8.8097 8.7521 36.55
2.3497 -4.8664 8.9846 53.81
3.0776 -6.7718 5.8150 30.78
2.7398 -6.1308 8.9884 48.04
5.1993 -12.1855 7.5332 25.03
3.1487 -7.6528 8.9835 42.27
4.7078 -12.2052 5.3893 17.34
3.8833 -10.2545 8.9731 34.63
1.9475 -5.5102 8.9811 51.85
5.8730 -12.1757 8.8306 28.88
2.9593 -6.4062 8.8483 46.14
5.3621 -12.2005 7.0239 23.11
2.9582 -7.0329 8.8992 44.20
4.8445 -12.1983 5.9029 19.27
3.4384 -8.9024 8.4797 36.52
1.8446 -5.1137 8.9816 53.75
4.3149 -12.1990 8.4769 28.81
2.2884 -6.8456 8.9737 46.08
5.5009 -12.1909 7.0484 23.12
3.5573 -8.1128 8.9740 40.35
5.0031 -12.2054 4.9430 15.45
4.4302 -10.9470 8.9616 32.67
2.2308 -5.8507 8.9737 49.94
4.4681 -12.1992 7.4019 25.01
2.7456 -7.8283 8.9855 42.25
3.9926 -12.1900 4.8262 15.40
3.6404 -11.2818 8.9751 32.65
1.7958 -6.0379 8.9874 49.90
5.1146 -12.1836 7.5193 25.04
3.0233 -7.4739 8.7940 42.29
4.6419 -12.2178 5.3859 17.34
3.8201 -10.2640 8.9515 34.59
1.9140 -5.5272 8.9837 51.84
4.1061 -12.1871 7.3343 24.99
2.5356 -7.8938 8.9722 42.24
3.6500 -12.2043 4.7967 15.39
3.3496 -11.3869 8.9765 32.64
1.6332 -6.0853 8.9775 49.89
4.7505 -12.1927 7.4500 25.02
2.8895 -7.7261 8.9531 42.28
4.2625 -12.1780 5.3299 17.34
3.5682 -10.4067 8.9890 34.62
1.7675 -5.5868 8.9788 51.80
3.7570 -12.1878 7.2779 24.98
2.3364 -7.9849 8.9899 42.23
3.3185 -12.2147 4.7739 15.39
3.0544 -11.4726 8.9741 32.64
1.4755 -6.1472 8.9905 49.87
4.3851 -12.1864 7.3815 25.00
2.7012 -7.8471 8.9901 42.26
3.9179 -12.1899 4.8230 15.42
3.5698 -11.3018 8.9667 32.63
1.7564 -6.0529 8.9977 49.93
3.4275 -12.1929 6.7138 23.05
2.3020 -8.6290 8.9902 40.29
2.9778 -12.1878 3.8331 11.54
2.9314 -12.1833 8.2344 28.79
1.5549 -7.0960 8.9889 46.06
4.0559 -12.2144 5.8066 19.26
3.1388 -9.7247 8.9662 36.51
1.5370 -5.2286 8.9792 53.75
3.5454 -12.1963 7.7867 26.90
2.0384 -7.4827 8.9743 44.14
3.1075 -12.2061 4.7503 15.37
2.8663 -11.5352 8.9735 32.61
1.3735 -6.1694 8.9856 49.88
2.6204 -12.1973 6.1308 21.13
1.8419 -9.0717 8.7180 38.35
3.7126 -12.1883 3.8807 11.56
3.6747 -12.2021 8.3564 28.79
1.9552 -6.9717 8.9759 46.05
3.2338 -12.2112 5.2295 17.29
2.7577 -10.7090 8.9974 34.56
1.2000 -5.3379 8.9754 53.71
2.7362 -12.1826 7.1306 24.93
1.7068 -8.1863 8.9979 42.18
2.3184 -12.1859 3.7964 11.52
2.2688 -12.1875 8.1525 28.79
1.1808 -7.1915 8.9785 45.98
3.3601 -12.2055 5.7207 19.23
2.6351 -9.9103 8.9755 36.48
1.2609 -5.3391 8.9992 53.71
2.8634 -12.1762 7.1453 24.94
1.7854 -8.1423 8.9800 42.20
2.4524 -12.2207 3.8059 11.50
2.3972 -12.2154 8.1712 28.75
1.2524 -7.1865 8.9935 46.00
1.9881 -12.1805 4.6637 15.33
1.8597 -11.7983 8.9754 32.54
0.8183 -6.3156 8.9889 49.79
3.0177 -12.1921 6.1673 21.14
2.1153 -9.0090 8.7252 38.36
2.5867 -12.1899 3.3731 9.61
2.5322 -12.1924 7.6374 26.85
1.4487 -7.6701 8.9905 44.09
2.1242 -12.1875 4.2244 13.41
2.0564 -12.1958 8.6782 30.66
0.9738 -6.7508 8.9980 47.92
1.6584 -12.1854 5.0993 17.23
1.4181 -11.0451 8.9983 34.46
0.5753 -5.9134 8.9844 51.70
2.6741 -12.2112 6.6308 23.03
1.7998 -8.7742 8.9910 40.26
2.2574 -12.1766 3.3549 9.60
2.2023 -12.1872 7.5947 26.83
1.2469 -7.7129 8.9860 44.07
1.8030 -12.1942 4.2083 13.39
1.7308 -12.1909 8.6359 30.64
0.7951 -6.7805 8.9905 47.89
1.3479 -12.1782 4.6313 15.31
1.2505 -11.9183 8.9870 32.53
0.4825 -6.3649 8.9834 49.77
2.3535 -12.1822 5.6164 19.19
1.8601 -10.1329 8.9770 36.41
0.8309 -5.4571 9.0026 53.66
1.8918 -12.1996 6.5451 22.98
1.2318 -8.7782 8.8846 40.21
1.4921 -12.1963 2.8954 7.62
1.4361 -12.1955 7.0022 24.86
0.8415 -8.3531 8.9818 42.11
1.0453 -12.1906 3.3033 9.50
0.9944 -12.1972 7.4862 26.76
0.4765 -7.8538 8.9941 44.01
2.0506 -12.1843 4.2161 13.39
1.9862 -12.1690 8.6617 30.68
0.9351 -6.7806 9.0182 47.90
1.5906 -12.1741 4.6416 15.32
1.4866 -11.9076 8.9960 32.51
0.6071 -6.3402 8.9861 49.81
1.1486 -12.1692 5.0584 17.17
0.9540 -11.1072 8.9887 34.42
0.3254 -5.9591 8.9897 51.65
0.7070 -12.1785 5.0470 17.16
0.5564 -11.1481 8.9885 34.41
0.1035 -5.9810 8.9845 51.62
1.6991 -12.1511 6.0267 21.06
1.1411 -9.0544 8.5829 38.29
1.3130 -12.1883 2.4715 5.71
1.2534 -12.2239 6.4928 22.89
0.7648 -8.7846 8.8222 40.17
0.8652 -12.1947 2.4570 5.67
0.8168 -12.2075 6.4693 22.91
0.4431 -8.7983 8.7992 40.14
0.4419 -12.1684 2.4421 5.63
0.3642 -12.1883 6.4366 22.86
0.1232 -8.7886 8.7703 40.13
1.4215 -12.1776 2.8850 7.59
1.3652 -12.1939 7.0028 24.88
0.7926 -8.3668 8.9898 42.12
0.9828 -12.1826 3.3051 9.52
0.9144 -12.1575 7.4610 26.75
0.4346 -7.8683 9.0008 43.99
0.5402 -12.2106 3.2979 9.49
0.4785 -12.1962 7.4545 26.72
0.1476 -7.8971 8.9966 43.95
0.1069 -12.2072 3.2799 9.43
0.0474 -12.1733 7.4239 26.69
-0.1416 -7.9116 8.9961 43.94
1.0933 -12.1957 3.7363 11.42
1.0298 -12.1716 7.9960 28.64
0.4561 -7.3561 9.0106 45.89
0.6599 -12.1889 3.7283 11.43
0.5922 -12.1661 7.9756 28.66
0.1838 -7.3546 8.9821 45.88
0.2198 -12.1665 3.7032 11.36
0.1508 -12.1802 7.9559 28.61
-0.0869 -7.3916 9.0010 45.86
-0.2052 -12.1696 3.2672 9.41
-0.2658 -12.1682 7.4123 26.66
-0.3488 -7.9494 9.0243 43.91
0.7845 -12.1804 3.2989 9.51
0.7263 -12.2025 7.4722 26.74
0.3115 -7.8599 8.9881 44.01
0.3561 -12.1733 3.2854 9.47
0.2874 -12.2043 7.4492 26.71
0.0227 -7.9185 9.0105 43.95
-0.0850 -12.1888 3.2793 9.45
-0.1501 -12.1963 7.4297 26.67
-0.2659 -7.9341 9.0071 43.90
-0.5039 -12.1808 2.8423 7.47
-0.5823 -12.1717 6.9056 24.74
-0.5621 -8.4948 9.0012 41.95
0.4804 -12.1985 2.8721 7.58
0.4142 -12.1761 6.9350 24.81
0.1343 -8.4268 8.9755 42.06
0.0447 -12.1918 2.8564 7.52
-0.0223 -12.1733 6.9115 24.76
-0.1683 -8.4749 8.9934 42.00
-0.3816 -12.1796 2.4296 5.57
-0.4397 -12.1619 6.4049 22.81
-0.4754 -8.8055 8.7549 40.05
-0.8018 -12.1965 2.0107 3.63
-0.8751 -12.1728 5.9265 20.86
-0.8287 -9.7607 9.0113 38.11
0.1803 -12.1575 2.0191 3.68
0.1236 -12.1847 5.9525 20.95
-0.0297 -9.7300 8.9941 38.16
-0.2444 -12.1552 1.5981 1.73
-0.3096 -12.1593 5.4647 19.00
-0.3806 -10.4438 8.9872 36.22
-0.4075 -5.6045 8.9994 53.48
-0.7298 -12.2047 5.0176 17.05
-0.7814 -11.2612 9.0112 34.28
-0.6281 -6.0281 9.0064 51.51
-1.1553 -12.1602 4.5600 15.12
-1.2345 -12.1032 9.0059 32.34
-0.8734 -6.4385 8.9899 49.57
-0.1593 -12.1467 4.1200 13.24
-0.2367 -12.1806 8.4991 30.53
-0.3292 -6.9096 9.0012 47.76
-0.5872 -12.1651 3.6950 11.33
-0.6624 -12.1607 7.9306 28.56
-0.5911 -7.4173 9.0094 45.78
-1.0196 -12.1988 3.2610 9.34
-1.0922 -12.2002 7.4229 26.60
-0.8885 -7.9266 8.9989 43.82
-1.4248 -12.1901 2.4085 5.45
-1.5168 -12.1816 6.4153 22.72
-1.2514 -8.7762 8.7467 39.95
-0.4395 -12.1849 2.0065 3.62
-0.5020 -12.2021 5.9455 20.91
-0.5355 -9.7490 8.9998 38.13
-0.8652 -12.1931 1.5885 1.68
-0.9333 -12.1635 5.4452 18.89
-0.9230 -10.4599 8.9972 36.17
-0.7064 -5.6151 9.0164 53.43
-1.3551 -12.1822 5.0094 17.00
-1.3605 -11.2032 8.9826 34.22
-0.9465 -6.0075 8.9965 51.45
-1.7851 -12.1717 4.1199 13.12
-1.8664 -12.1721 8.5102 30.39
-1.2436 -6.7202 8.8189 47.59
-0.7823 -12.1904 3.6891 11.28
-0.8564 -12.1748 7.9251 28.50
-0.7077 -7.4104 8.9987 45.75
-1.2011 -12.1910 3.2628 9.35
-1.2812 -12.1664 7.4081 26.58
-1.0154 -7.9325 9.0127 43.82
-1.6308 -12.2033 2.4154 5.47
-1.6933 -12.1568 6.4086 22.71
-1.3927 -8.7735 8.7532 39.94
-2.0444 -12.1651 1.5725 1.60
-2.1227 -12.1835 5.4783 18.83
-1.9452 -10.4092 9.0140 36.08
-1.2398 -5.4125 8.7945 53.30
-1.1156 -12.1914 5.0038 16.98
-1.1341 -11.2485 9.0058 34.24
-0.8176 -6.0140 8.9960 51.47
-1.5337 -12.1569 4.1124 13.13
-1.6274 -12.1959 8.5084 30.39
-1.1292 -6.8996 9.0085 47.63
-1.9548 -12.1396 3.2534 9.28
-2.0396 -12.1778 7.4339 26.50
-1.5131 -7.8987 9.0255 43.78
-2.3677 -12.1599 2.4033 5.39
-2.4684 -12.1608 6.4419 22.65
-1.9498 -8.7742 8.8108 39.89
-1.3641 -12.1668 1.5789 1.63
-1.4374 -12.1804 5.4663 18.90
-1.3582 -10.4427 9.0035 36.15
-0.9457 -5.5984 9.0085 53.38
-1.8571 -12.1596 4.5582 15.03
-1.9359 -12.0578 9.0075 32.28
-1.2362 -6.2746 8.8227 49.48
-2.2836 -12.1686 3.6846 11.15
-2.3759 -12.1835 7.9859 28.39
-1.6378 -7.3263 8.9921 45.64
-2.7094 -12.1879 2.8267 7.26
-2.8062 -12.1885 6.9753 24.54
-2.1139 -8.3876 9.0202 41.76
-1.6896 -12.1758 2.4121 5.46
-1.7749 -12.1774 6.4214 22.71
-1.4484 -8.8070 8.7918 39.96
-2.1192 -12.1938 1.5758 1.61
-2.1958 -12.1784 5.4711 18.79
-2.0108 -10.4093 9.0098 36.04
-1.2927 -5.5124 8.9318 53.28
-2.6215 -12.1898 4.5780 14.95
-2.6850 -11.9794 9.0065 32.19
-1.6577 -6.3668 9.0033 49.44
-3.0569 -12.1877 3.7023 11.08
-3.1429 -12.1618 8.0389 28.33
-2.0947 -7.2578 9.0073 45.59
-2.0169 -12.1728 2.8293 7.34
-2.1076 -12.2207 6.9451 24.58
-1.6316 -8.4140 8.9853 41.84
-2.4406 -12.1754 1.9877 3.48
-2.5320 -12.1965 5.9743 20.73
-1.8893 -8.2502 7.8981 37.97
-2.8670 -12.1615 1.1410 -0.39
-2.9460 -12.1620 5.0340 16.82
-1.7970 -6.5252 5.8578 34.10
-1.6489 -5.4940 8.9899 53.22
-3.3995 -12.1881 4.6083 14.89
-3.4229 -11.8745 9.0270 32.13
-2.0598 -6.2951 9.0092 49.36
-2.3551 -12.1773 3.6889 11.15
-1.7728 -8.3168 5.8648 28.36
-1.6778 -7.3330 8.9978 45.61
-2.7800 -12.1607 2.8277 7.27
-2.8730 -12.1806 6.9708 24.52
-2.1568 -8.3531 8.9971 41.76
-3.2077 -12.1591 1.9745 3.39
-3.2939 -12.1465 5.9927 20.64
-2.7594 -9.5554 9.0162 37.89
-3.6441 -12.1612 1.1260 -0.45
-3.7354 -12.1474 5.0749 16.77
-3.5032 -10.9503 9.0223 34.01
-2.1143 -5.8232 8.9960 51.22
-2.6740 -12.1596 4.1311 13.05
-1.8613 -7.6160 5.8486 30.26
-1.7825 -6.8196 9.0071 47.52
-3.1101 -12.1799 3.2585 9.13
-3.2044 -12.1609 7.5041 26.40
-2.2512 -7.7622 8.9945 43.63
-3.5616 -12.1944 2.4097 5.30
-3.6308 -12.1414 6.5061 22.52
-2.8154 -8.7685 8.9348 39.76
-3.9975 -12.1726 1.5422 1.41
-4.0810 -12.1440 5.5655 18.64
-3.5610 -10.1281 9.0257 35.88
-2.1433 -5.3820 9.0011 53.13
-3.0186 -12.1648 4.5894 14.93
-1.9404 -7.0209 5.8461 32.13
-1.8657 -6.3382 9.0095 49.39
-3.4473 -12.1607 3.7084 11.05
-3.5479 -12.1620 8.0788 28.29
-2.3292 -7.2093 9.0026 45.53
-3.8959 -12.1641 2.8387 7.16
-3.9962 -12.1704 7.0608 24.40
-2.8929 -8.1861 8.9884 41.64
-4.3381 -12.1477 1.9702 3.29
-4.4586 -12.1950 6.1023 20.52
-3.5095 -9.1101 8.8191 37.77
-3.2607 -12.1505 1.1255 -0.46
-3.3551 -12.1807 5.0558 16.78
-2.0104 -6.5100 5.8698 34.03
-1.9257 -5.8689 8.9977 51.26
-3.8035 -12.1955 4.1685 12.91
-3.9133 -12.1896 8.7017 30.17
-2.3867 -6.6814 8.9976 47.41
-4.2437 -12.1529 3.2873 9.06
-4.3549 -12.1855 7.6378 26.28
-2.9450 -7.6135 9.0133 43.52
-4.6907 -12.1626 2.4069 5.16
-4.8114 -12.1542 6.6331 22.42
-3.6267 -8.6587 9.0312 39.66
-3.6050 -12.1685 1.5430 1.42
-3.6924 -12.1576 5.5447 18.69
-3.2397 -10.1577 8.9954 35.94
-1.9798 -5.4374 9.0132 53.16
-4.1360 -12.1409 4.6285 14.80
-4.1100 -11.7024 9.0116 32.02
-2.4272 -6.1792 8.9931 49.32
-4.6020 -12.1643 3.7431 10.92
-4.7216 -12.1837 8.2413 28.17
-2.9756 -7.0466 9.0140 45.41
-5.0526 -12.1371 2.8531 7.04
-5.1807 -12.1571 7.2064 24.31
-3.6218 -7.9838 9.0041 41.52
-3.9477 -12.1643 1.9657 3.30
-4.0476 -12.1956 6.0707 20.58
-3.2135 -9.1277 8.7703 37.81
-4.3987 -12.1674 1.1014 -0.55
-4.5014 -12.1763 5.1290 16.68
-4.1294 -10.7689 9.0139 33.94
-2.4572 -5.7389 9.0133 51.16
-4.9560 -12.1697 4.2209 12.81
-5.0972 -12.1917 8.8882 30.06
-2.9718 -6.4921 8.9843 47.30
-5.4553 -12.1999 3.3258 8.92
-5.5513 -12.1732 7.8094 26.17
-3.6215 -7.3903 9.0216 43.42
-4.2922 -12.1613 2.4046 5.20
-4.4083 -12.1831 6.5987 22.46
-3.3507 -8.7142 9.0094 39.70
-4.7526 -12.1480 1.5341 1.35
-4.8577 -12.1545 5.6362 18.58
-4.1494 -9.9514 9.0219 35.80
-2.4647 -5.2847 9.0025 53.05
-5.3307 -12.1655 4.7129 14.69
-5.1372 -11.3818 9.0161 31.92
-2.9842 -6.0238 9.0164 49.17
-5.8138 -12.1504 3.8003 10.81
-5.9458 -12.1749 8.4499 28.05
-3.6056 -6.8402 9.0314 45.27
-4.6540 -12.1643 2.8559 7.11
-4.7662 -12.1748 7.1577 24.35
-3.3809 -8.0774 9.0197 41.58
-5.1160 -12.1527 1.9707 3.23
-5.2309 -12.1571 6.1738 20.47
-3.9858 -8.8046 8.7096 37.70
-5.6061 -12.1765 1.0710 -0.66
-5.7181 -12.1936 5.2394 16.58
-5.0866 -10.4689 9.0246 33.80
-2.9667 -5.5434 8.9990 51.04
-6.2211 -12.1785 4.3074 12.70
-6.2674 -12.0130 9.0344 29.96
-3.5652 -6.2978 9.0192 47.16
-5.0236 -12.1776 3.3131 8.98
-5.1389 -12.1906 7.7533 26.22
-3.3702 -7.4408 8.9915 43.48
-5.4983 -12.1947 2.4241 5.11
-5.6097 -12.1690 6.7236 22.29
-4.1270 -8.4787 9.0221 39.56
-5.9793 -12.1596 1.5100 1.20
-6.1005 -12.1660 5.7662 18.44
-5.0163 -9.6159 9.0237 35.72
-2.9404 -5.1103 9.0167 52.93
-6.5942 -12.1470 4.8239 14.60
-6.1381 -11.0027 9.0346 31.81
-3.5193 -5.7941 9.0138 49.05
-5.3866 -12.1545 3.7761 10.84
-5.5121 -12.1712 8.3576 28.06
-3.3789 -6.8972 9.0008 45.31
-5.8746 -12.1568 2.8779 6.97
-6.0021 -12.1724 7.3294 24.21
-4.1032 -7.8418 9.0396 41.44
-6.3723 -12.1606 1.9666 3.09
-6.5038 -12.1796 6.3414 20.34
-4.9064 -8.7664 8.9503 37.59
-6.9015 -12.1519 1.4992 1.12
-7.0219 -12.1473 5.8729 18.35
-5.4755 -9.0988 8.8151 35.61
-3.2714 -4.9673 9.0261 52.82
-5.7878 -12.1697 4.7547 14.66
-5.4974 -11.2539 9.0142 31.86
-3.1873 -5.9623 9.0326 49.11
-6.2780 -12.1675 3.8364 10.79
-6.4180 -12.1839 8.5525 28.02
-3.8218 -6.7328 9.0210 45.24
-6.8015 -12.1451 3.3831 8.82
-6.9393 -12.1607 8.0568 26.03
-4.3094 -7.0778 9.0148 43.30
-7.3547 -12.1709 2.9246 6.82
-7.5056 -12.1735 7.6085 24.09
-4.8626 -7.4606 9.0205 41.30
-6.0777 -12.1602 1.9614 3.09
-6.2013 -12.1844 6.3033 20.37
-4.6865 -8.7784 8.8848 37.59
-6.6105 -12.1815 1.5035 1.15
-6.7246 -12.1643 5.8347 18.36
-5.2445 -9.1001 8.7398 35.62
-3.1627 -5.0069 9.0147 52.87
-7.2704 -12.1824 5.3973 16.41
-6.1903 -10.0253 9.0431 33.62
-3.5572 -5.2845 9.0176 50.89
-7.8073 -12.1322 4.9390 14.46
-7.0004 -10.5823 9.0393 31.70
-3.9838 -5.5643 9.0262 48.93
-6.5165 -12.1629 3.8413 10.74
-6.6384 -12.1429 8.5648 27.95
-3.9279 -6.6810 9.0134 45.20
-7.0475 -12.1704 3.3976 8.79
-7.1932 -12.1743 8.1187 26.02
-4.4294 -7.0315 9.0190 43.25
-7.5983 -12.1445 2.9322 6.80
-7.7495 -12.1615 7.6435 24.04
-4.9890 -7.4017 9.0299 41.28
-8.1756 -12.1684 2.4561 4.81
-8.3528 -12.1783 7.2022 22.09
-5.6033 -7.7812 9.0359 39.31
-6.8415 -12.1409 1.9610 3.02
-6.9733 -12.1615 6.4054 20.30
-5.2377 -8.7326 9.0292 37.52
-7.3915 -12.1430 1.4883 1.06
-7.5405 -12.1704 5.9584 18.32
-5.7918 -8.9804 8.8376 35.54
-3.4334 -4.8737 9.0228 52.79
-8.1095 -12.1737 5.5011 16.33
-6.7118 -9.7372 9.0383 33.54
-3.8426 -5.1322 9.0260 50.81
-8.7102 -12.1698 5.0522 14.39
-6.6477 -8.9581 8.0611 31.62
-4.2787 -5.3838 9.0239 48.85
-7.3123 -12.1494 4.3832 12.57
-7.1556 -11.6151 9.0423 29.86
-4.0352 -6.0640 9.0173 47.06
-7.9026 -12.1803 3.9486 10.64
-8.0445 -12.1609 8.9167 27.87
-4.5218 -6.3717 9.0173 45.09
-8.5012 -12.1777 3.4751 8.64
-8.6448 -12.1644 8.4455 25.89
-5.0617 -6.6947 9.0309 43.11
-9.1303 -12.1697 3.5130 8.58
-9.2707 -12.1516 8.5941 25.83
-5.3112 -6.5355 9.0345 43.07
-7.6901 -12.1480 2.9296 6.77
-7.8362 -12.1489 7.6643 24.06
-5.0297 -7.3700 9.0256 41.29
-8.2576 -12.1410 2.4687 4.85
-8.4491 -12.1911 7.2082 22.02
-5.6364 -7.7362 9.0170 39.29
-8.9151 -12.1666 2.4830 4.78
-9.0613 -12.1710 7.3380 22.01
-5.9148 -7.5480 9.0079 39.24
-9.5563 -12.1726 2.4910 4.69
-9.7417 -12.1617 7.4859 21.97
-6.2311 -7.4103 9.0588 39.19
-8.0871 -12.1478 1.9636 2.90
-8.2153 -12.1353 6.5982 20.18
-5.9219 -8.3697 9.0310 37.41
-8.6973 -12.1612 1.4715 0.94
-8.8290 -12.1341 6.1449 18.21
-6.6318 -8.7690 9.0065 35.43
-3.8189 -4.6370 9.0166 52.68
-9.4906 -12.1480 6.2617 18.16
-6.9767 -8.5917 9.0387 35.39
-3.9936 -4.5250 9.0245 52.63
-10.1764 -12.1488 6.3801 18.10
-7.2868 -8.3660 9.0311 35.32
-4.1678 -4.4069 9.0267 52.55
-8.6707 -12.1930 5.5800 16.28
-6.7408 -9.1449 8.7220 33.54
-4.0192 -5.0489 9.0501 50.76
-9.2935 -12.1597 5.6681 16.25
-7.2214 -9.1253 8.8849 33.50
-4.2067 -4.9183 9.0448 50.71
-9.9700 -12.1682 5.7685 16.18
-7.4451 -8.7519 8.7569 33.42
-4.3902 -4.7843 9.0395 50.65
-10.3218 -11.7269 5.7253 16.15
-7.9816 -8.7657 8.9720 33.36
-4.5450 -4.6160 8.9952 50.60
-9.0879 -12.1309 5.6236 16.24
-7.0839 -9.1305 8.8349 33.50
-4.1422 -4.9429 9.0237 50.72
-9.7832 -12.1669 5.7439 16.21
-7.3188 -8.7766 8.7296 33.46
-4.3328 -4.8165 9.0318 50.67
-10.3509 -12.0106 5.7877 16.13
-7.8435 -8.7775 8.9273 33.38
-4.5095 -4.6744 9.0205 50.61
-10.3491 -11.1488 6.1416 18.01
-7.7226 -8.0197 9.0277 35.26
-4.4073 -4.2207 9.0310 52.47
-9.6097 -12.1703 6.2863 18.14
-6.5839 -7.9562 9.0329 37.28
-10.1304 -12.1420 1.9821 2.75
-10.3297 -12.1613 7.0170 20.04
-6.8826 -7.7517 9.0394 37.23
-10.3674 -11.5730 1.9564 2.71
-10.3367 -11.3277 6.7577 19.94
-7.1657 -7.5289 9.0342 37.17
-10.3665 -10.7565 2.4148 4.58
-10.3212 -10.5005 7.0769 21.81
-6.9676 -6.7880 9.0364 39.07
-9.9647 -12.1502 2.5155 4.71
-10.1674 -12.1918 7.5838 21.92
-6.3535 -7.2408 9.0210 39.22
-10.3726 -11.7948 2.4917 4.63
-10.3053 -11.4979 7.3940 21.89
-6.6543 -7.0709 9.0479 39.12
-10.3490 -10.9370 2.9267 6.48
-10.3304 -10.6971 7.7235 23.74
-6.4706 -6.3731 9.0242 40.98
-10.3493 -10.1592 3.3444 8.37
-9.1891 -8.7955 7.2559 25.56
-6.3242 -5.7660 9.0477 42.82
-10.3575 -11.9647 3.5694 8.47
-6.6014 -7.2946 5.9246 25.73
-5.7987 -6.1873 9.0343 42.95
-10.3532 -11.1174 3.9863 10.36
-10.2968 -10.8404 8.9828 27.57
-5.6644 -5.5884 9.0240 44.80
-10.3487 -10.3215 4.3587 12.18
-9.0386 -8.7828 8.2745 29.43
-5.5126 -5.0368 9.0185 46.67
-10.3660 -9.6198 4.7368 14.05
-9.6500 -8.7360 9.0607 31.28
-5.3572 -4.5142 9.0107 48.54
-10.3695 -11.3127 5.0862 14.20
-8.6107 -9.1187 8.8294 31.42
-4.9580 -4.8882 9.0270 48.67
-10.3267 -10.4586 5.4153 16.01
-8.5788 -8.4356 9.0513 33.27
-4.8273 -4.3953 9.0166 50.54
-10.3483 -9.7507 5.7820 17.90
-8.3041 -7.5757 9.0551 35.14
-4.6886 -3.9420 9.0060 52.37
-10.0230 -8.7672 5.9711 19.78
-8.0308 -6.7853 9.0509 37.00
-10.3401 -10.8152 2.4203 4.59
-10.3301 -10.6170 7.1108 21.80
-6.9398 -6.8089 9.0403 39.10
-10.3591 -10.0836 2.8361 6.40
-9.4362 -8.9700 6.8838 23.67
-6.7633 -6.1490 9.0426 40.90
-10.0781 -9.0979 3.1858 8.29
-9.9094 -8.7752 7.4924 25.54
-6.5611 -5.5156 9.0325 42.76
-10.3336 -8.6736 4.0804 12.06
-10.3166 -8.4819 8.6452 29.30
-5.9922 -4.6158 9.0507 46.51
-10.3389 -10.1803 4.8489 14.12
-9.1488 -8.7712 8.8762 31.34
-5.2199 -4.6603 9.0265 48.59
-10.3433 -9.4588 5.1938 15.93
-8.8033 -7.8232 8.8503 33.19
-5.0732 -4.1819 9.0310 50.46
-10.3162 -8.7726 5.5360 17.81
-8.6907 -7.1701 9.0480 35.09
-4.9111 -3.7344 9.0250 52.30
-10.3376 -8.1358 6.3799 21.60
-7.8335 -5.9352 9.0295 38.87
-10.3775 -9.7912 2.8089 6.38
-9.5060 -8.7597 6.8327 23.64
-6.8603 -6.0502 9.0398 40.89
-10.0547 -8.7916 3.1513 8.28
-10.1676 -8.7420 7.5563 25.48
-6.6360 -5.4124 9.0234 42.77
-10.3324 -8.3938 4.0373 12.04
-10.3028 -8.2035 8.5280 29.27
-6.0556 -4.5255 9.0455 46.53
-10.3384 -7.7831 4.8465 15.80
-9.8280 -7.2098 9.0594 33.05
-5.4958 -3.7393 9.0362 50.28
-10.1044 -8.9392 5.5292 17.84
-8.5434 -7.3200 9.0395 35.09
-4.8300 -3.8191 9.0296 52.35
-10.3177 -8.4635 6.4624 21.62
-7.7317 -6.0851 9.0464 38.88
-10.1365 -7.8396 3.0415 8.15
-10.3039 -7.8264 7.2977 25.39
-6.9957 -5.0477 9.0251 42.62
-10.3586 -7.4323 3.8899 11.94
-10.2904 -7.2249 8.1571 29.17
-6.3595 -4.1913 9.0546 46.41
-10.3124 -8.7076 4.5580 14.00
-10.0575 -8.3050 9.0490 31.22
-5.5896 -4.2928 9.0236 48.47
-10.3232 -8.0715 5.3774 17.76
-8.7886 -6.6703 8.8443 34.98
-5.0865 -3.5612 9.0369 52.22
-10.3217 -7.4635 6.1949 21.55
-8.1100 -5.6458 9.0400 38.79
-10.3578 -7.0650 2.9806 8.07
-10.2971 -6.8764 6.9940 25.27
-7.3573 -4.6824 9.0670 42.52
-10.3361 -8.3097 4.0217 12.03
-10.2983 -8.1007 8.4915 29.27
-6.0851 -4.4866 9.0340 46.49
-10.3223 -7.6725 4.8208 15.79
-9.8799 -7.1735 9.0642 33.03
-5.5075 -3.6984 9.0209 50.29
-10.3228 -7.0963 5.6239 19.58
-8.7351 -5.8068 8.9502 36.80
-10.3199 -6.6806 2.5269 6.12
-10.3166 -6.5402 6.4213 23.33
-7.9791 -4.8465 9.0703 40.58
-10.3426 -7.9054 3.5115 10.07
-10.3076 -7.7155 7.7964 27.31
-6.5975 -4.6674 9.0332 44.56
-10.3301 -7.3048 4.3080 13.86
-10.2852 -7.1104 8.6592 31.06
-5.9885 -3.8596 9.0415 48.32
-10.3148 -6.7324 5.0826 17.61
-9.6198 -6.1143 9.0547 34.89
-5.2877 -3.0794 8.8556 52.10
-10.3086 -6.1882 5.8683 21.40
-8.6187 -4.9962 9.0455 38.64
-10.1396 -7.3565 2.9876 8.10
-10.2987 -7.3269 7.1430 25.36
-7.1719 -4.8562 9.0373 42.58
-10.3267 -6.9300 3.8046 11.87
-10.2968 -6.7597 8.0011 29.14
-6.4864 -3.9999 9.0350 46.36
-10.3480 -6.4065 4.5950 15.69
-10.2893 -6.2141 8.8947 32.93
-5.6295 -3.1351 8.7194 50.13
-10.3241 -5.8510 5.7946 21.36
-8.6981 -4.7588 8.9908 38.60
-10.1942 -7.0123 2.9590 8.08
-10.3315 -6.9658 7.0441 25.32
-7.3046 -4.6886 9.0381 42.55
-10.3306 -6.5616 3.7559 11.84
-10.2969 -6.3955 7.8720 29.09
-6.5955 -3.8481 9.0334 46.32
-10.3272 -6.0071 5.3819 19.46
-9.3285 -5.2577 9.0632 36.68
-10.3471 -5.6270 2.8351 7.91
-9.7949 -5.1894 6.3302 25.11
-7.8226 -3.9620 9.0406 42.36
-10.3296 -6.7100 3.7785 11.86
-10.2758 -6.5220 7.8981 29.08
-6.5499 -3.9025 9.0344 46.36
-10.3212 -6.1651 4.5346 15.61
-10.2631 -5.9903 8.7859 32.87
-5.7742 -3.1033 8.8475 50.13
-10.3134 -5.6389 5.7450 21.34
-8.7433 -4.6071 8.9557 38.58
-10.1120 -5.1525 3.1507 9.79
-10.3106 -5.1439 7.0013 27.03
-7.4275 -3.4994 9.0273 44.26
-10.3195 -6.3226 4.1451 13.75
-10.3016 -6.1670 8.3246 30.97
-6.2620 -3.4898 9.0433 48.23
-10.3369 -5.8020 5.3508 19.47
-9.4057 -5.1154 9.0537 36.66
-10.3517 -5.4246 2.8144 7.87
-10.2923 -5.2757 6.5527 25.11
-7.9047 -3.8546 9.0555 42.34
-10.3250 -4.9309 3.9375 13.57
-10.3009 -4.7897 7.8715 30.79
-6.4652 -2.7846 8.8206 48.05
-10.3106 -5.9233 5.3480 19.40
-9.3461 -5.2003 9.0507 36.67
-10.3334 -5.5402 2.8208 7.87
-9.8149 -5.1406 6.3291 25.12
-7.8355 -3.9154 9.0434 42.40
-10.3212 -5.0477 3.9529 13.58
-10.2924 -4.9114 7.9123 30.84
-6.3740 -2.8129 8.7559 48.10
-10.2924 -4.5659 5.0943 19.30
-9.9332 -4.2717 9.0716 36.51
-10.3278 -5.6735 2.8347 7.90
-9.7794 -5.2349 6.3454 25.16
-7.8060 -3.9929 9.0469 42.38
-10.3156 -5.1734 3.9722 13.61
-10.2789 -5.0228 7.9330 30.83
-6.4450 -2.9242 8.8748 48.08
-10.3231 -4.6961 5.1229 19.30
-9.8731 -4.3516 9.0578 36.52
-8.8136 -3.6662 2.4948 7.75
-10.3080 -4.2244 6.3067 24.95
-8.0265 -3.1196 8.8308 42.20
-10.3410 -5.3128 3.9977 13.63
-10.3053 -5.1629 7.9913 30.85
-6.4064 -2.9758 8.8703 48.11
-10.2929 -4.8014 5.1417 19.35
-9.8288 -4.4436 9.0636 36.54
-10.3307 -4.4631 2.7282 7.75
-8.7845 -3.6619 5.5595 24.99
-7.9286 -3.1634 8.7708 42.22
-10.3050 -4.0076 3.8192 13.46
-10.3009 -3.8877 7.6212 30.67
-6.9083 -2.4095 9.0756 47.93
-10.3262 -4.9440 5.1583 19.28
-9.7810 -4.5358 9.0652 36.55
-10.3568 -4.5918 2.7395 7.75
-10.3020 -4.4651 6.3611 25.00
-8.1637 -3.3598 9.0554 42.28
-10.3265 -4.1273 3.8351 13.46
-10.2823 -3.9975 7.6481 30.72
-6.8474 -2.4582 9.0461 47.98
-10.3209 -3.6884 4.9543 19.16
-8.8173 -3.0109 7.9213 36.40
-10.3282 -4.7044 2.7477 7.78
-10.3148 -4.5824 6.3989 25.04
-7.1358 -2.9795 8.0551 42.26
-8.8239 -3.5878 3.4588 13.49
-10.2713 -4.1030 7.6639 30.71
-6.8262 -2.5257 9.0450 47.96
-10.2992 -3.7881 4.9627 19.18
-8.8645 -3.1186 7.9831 36.40
-10.3266 -3.4663 2.6533 7.63
-10.3176 -3.3598 6.1371 24.83
-8.5197 -2.6246 9.0573 42.08
-8.7739 -3.6645 3.4586 13.51
-10.2899 -4.2282 7.7088 30.73
-6.8030 -2.5865 9.0551 47.99
-9.7940 -3.6954 4.7986 19.23
-10.2122 -3.7431 9.0821 36.42
-10.3242 -3.5749 2.6586 7.63
-10.3011 -3.4690 6.1548 24.87
-8.4781 -2.6967 9.0491 42.10
-10.1240 -3.0908 3.6797 13.35
-9.4371 -2.7642 6.8864 30.56
-7.0710 -1.9071 9.0325 47.82
-10.2983 -4.0171 4.9882 19.16
-10.1248 -3.8203 9.0466 36.43
-10.3245 -3.6842 2.6645 7.63
-10.3364 -3.5958 6.1931 24.88
-8.4531 -2.7798 9.0703 42.17
-10.3233 -3.2611 3.7374 13.35
-9.3479 -2.8363 6.8602 30.60
-7.0571 -1.9735 9.0530 47.87
-8.8019 -2.3932 4.2890 19.05
-10.2963 -2.7306 8.8607 36.28
-9.7565 -3.5782 2.5929 7.66
-10.3083 -3.6897 6.2052 24.92
-8.2358 -2.7876 8.8810 42.14
-10.3103 -3.3694 3.7486 13.38
-9.4047 -2.9498 6.9111 30.59
-7.0206 -2.0360 9.0283 47.84
-8.8070 -2.4819 4.3019 19.06
-10.1106 -2.7751 8.7405 36.29
-10.3376 -2.6377 2.5997 7.51
-10.3167 -2.5360 5.9990 24.72
-8.6694 -1.9951 8.9942 41.97
-10.3321 -3.4870 3.7666 13.39
-9.5632 -3.1064 7.0346 30.61
-7.0114 -2.1015 9.0491 47.87
-8.8060 -2.5719 4.3204 19.12
-9.8130 -2.7863 8.5394 36.31
-10.3161 -2.7359 2.6011 7.52
-10.2890 -2.6381 6.0067 24.75
-8.6711 -2.0797 9.0209 41.99
-10.3290 -2.3413 3.6555 13.23
-10.2875 -2.2295 7.2584 30.44
-7.2508 -1.4082 9.0531 47.71
-8.7940 -2.6623 4.3132 19.04
-9.4759 -2.7809 8.3047 36.32
-10.0360 -2.7559 2.5669 7.52
-10.2824 -2.7442 6.0197 24.77
-8.6664 -2.1682 9.0549 42.05
-10.3123 -2.4370 3.6571 13.23
-10.2934 -2.3372 7.2882 30.49
-7.2174 -1.4701 9.0458 47.76
-8.7997 -1.7115 4.2131 18.95
-10.2621 -1.9302 8.6634 36.17
-10.1390 -2.8966 2.5898 7.54
-10.0416 -2.7708 5.9249 24.80
-8.6779 -2.2577 9.0798 42.03
-10.3207 -2.5469 3.6712 13.26
-10.2873 -2.4350 7.2964 30.48
-7.2141 -1.5422 9.0533 47.73
-8.7897 -1.7929 4.2151 18.95
-10.2765 -2.0291 8.6908 36.17
-10.3137 -1.8347 2.5554 7.42
-10.3099 -1.7446 5.8909 24.61
-8.7431 -1.3549 8.9070 41.86
-10.3245 -2.6526 3.6821 13.28
-10.3009 -2.5442 7.3253 30.50
-7.1770 -1.6002 9.0369 47.76
-8.7876 -1.8789 4.2304 19.00
-10.2670 -2.1276 8.7053 36.19
-10.3030 -1.9328 2.5536 7.40
-10.2916 -1.8468 5.8990 24.64
-8.7292 -1.4343 8.9133 41.88
-10.3188 -1.5528 3.5947 13.12
-10.2844 -1.4521 7.1414 30.33
-7.3833 -0.8935 9.0632 47.60
-8.7998 -1.9720 4.2292 18.93
-10.2756 -2.2323 8.7319 36.21
-10.3377 -2.0400 2.5614 7.41
-10.3134 -1.9554 5.9211 24.65
-8.7315 -1.5220 8.9472 41.94
-10.3043 -1.6470 3.5949 13.12
-10.2747 -1.5533 7.1566 30.38
-7.3350 -0.9549 9.0341 47.65
-9.0844 -1.0934 4.2501 18.83
-6.6374 -0.6862 5.8788 36.06
-10.3426 -2.1489 2.5696 7.43
-10.2943 -2.0466 5.9296 24.69
-8.7307 -1.6054 8.9543 41.92
-10.3220 -1.7542 3.6089 13.15
-10.2816 -1.6505 7.1690 30.37
-7.3502 -1.0291 9.0575 47.62
-9.2315 -1.1996 4.3103 18.86
-6.6480 -0.7468 5.8947 36.08
-10.3446 -1.0658 2.5212 7.30
-10.2873 -0.9751 5.8071 24.51
-9.0609 -0.7467 9.0842 41.75
-10.2920 -1.8493 3.6096 13.17
-10.2789 -1.7519 7.1817 30.39
-7.3259 -1.0914 9.0489 47.65
-9.1253 -1.2710 4.2772 18.85
-6.6562 -0.8103 5.9104 36.09
-10.3184 -1.1605 2.5214 7.31
-10.3050 -1.0803 5.8308 24.56
-8.8106 -0.8017 8.8768 41.79
-10.3375 -0.7889 3.5532 13.00
-10.2928 -0.6953 7.0689 30.23
-7.4633 -0.3678 9.0564 47.49
-9.0471 -1.3482 4.2492 18.82
-10.2775 -1.4579 8.5925 36.10
-10.3311 -1.2595 2.5232 7.30
-10.3085 -1.1825 5.8359 24.55
-8.7695 -0.8828 8.8613 41.83
-10.3206 -0.8820 3.5541 13.02
-10.2709 -0.7942 7.0711 30.28
-7.4382 -0.4342 9.0501 47.54
-9.4090 -0.4489 4.3191 18.72
-6.7022 -0.2133 5.8758 35.96
-10.3213 -1.3627 2.5282 7.32
-10.3058 -1.2749 5.8485 24.58
-8.7745 -0.9652 8.8679 41.81
-10.3301 -0.9848 3.5640 13.04
-10.2795 -0.8890 7.0788 30.26
-7.4365 -0.5053 9.0472 47.51
-9.3916 -0.5333 4.3173 18.74
-6.6971 -0.2718 5.8753 35.96
-10.3327 -0.3043 2.4963 7.21
-10.3114 -0.2244 5.7693 24.40
-9.1191 -0.0946 9.0703 41.65
-10.3255 -1.0830 3.5688 13.06
-10.2742 -0.9879 7.0864 30.28
-7.4373 -0.5713 9.0624 47.54
-9.1403 -0.6002 4.2433 18.79
-6.7074 -0.3342 5.8893 35.98
-10.3215 -0.4005 2.4926 7.19
-10.2805 -0.3249 5.7642 24.43
-9.1006 -0.1766 9.0617 41.67
-10.2853 -0.0317 3.5159 12.92
-10.2826 0.0525 7.0181 30.13
-7.5121 0.1631 9.0645 47.40
-9.3798 -0.7121 4.3144 18.71
-6.6945 -0.3960 5.8852 35.99
-10.3288 -0.4967 2.4945 7.20
-10.2749 -0.4245 5.7660 24.44
-9.0698 -0.2628 9.0544 41.73
-10.3181 -0.1261 3.5235 12.91
-10.2672 -0.0472 7.0206 30.17
-7.4968 0.0948 9.0608 47.44
-9.4707 0.2349 4.3159 18.63
-6.7452 0.2642 5.8835 35.86
-10.3128 -0.5985 2.5001 7.23
-10.2711 -0.5154 5.7695 24.46
-9.0630 -0.3456 9.0542 41.74
-10.2757 -0.2252 3.5195 12.94
-10.2607 -0.1400 7.0113 30.15
-7.5022 0.0236 9.0611 47.42
-9.2525 0.1492 4.2463 18.65
-6.7502 0.2053 5.8886 35.87
-8.8184 0.4051 2.2866 7.10
-10.3068 0.5241 5.7469 24.30
-9.1688 0.5621 9.0935 41.56
-10.3429 -0.3254 3.5354 12.94
-10.2854 -0.2389 7.0415 30.21
-7.4922 -0.0420 9.0578 47.44
-9.4415 0.0610 4.3173 18.69
-6.7295 0.1436 5.8751 35.88
-8.7961 0.3228 2.2889 7.13
-8.8063 0.3817 5.0786 24.37
-9.1388 0.4781 9.0781 41.61
-10.3188 0.7201 3.5094 12.82
-10.2560 0.7960 6.9925 30.03
-7.5237 0.6976 9.0738 47.30
-9.5093 -0.0317 4.3270 18.61
-6.7376 0.0809 5.8827 35.89
-10.3169 0.2581 2.4730 7.10
-8.7802 0.2963 5.0622 24.34
-9.1415 0.3901 9.0857 41.64
-10.3028 0.6254 3.5041 12.82
-10.2856 0.6976 7.0166 30.08
-7.5210 0.6282 9.0550 47.26
-8.7827 0.8655 4.0816 18.55
-6.7312 0.7433 5.8747 35.76
-10.3036 0.1557 2.4752 7.12
-10.2762 0.2313 5.7463 24.38
-9.1471 0.3064 9.0813 41.61
-10.2957 0.5245 3.5064 12.85
-10.3007 0.6052 7.0197 30.07
-7.5240 0.5573 9.0684 47.32
-8.7940 0.7864 4.0821 18.54
-6.7478 0.6858 5.8852 35.77
-10.3120 1.2061 2.4659 7.02
-10.2946 1.2748 5.7492 24.22
-9.1205 1.2181 9.0790 41.48
-8.7932 0.3859 3.1654 12.86
-10.2838 0.5061 7.0116 30.08
-7.5226 0.4912 9.0704 47.34
-8.7959 0.7043 4.0893 18.59
-6.7472 0.6237 5.8843 35.79
-10.3168 1.1093 2.4621 7.00
-10.2707 1.1697 5.7384 24.24
-9.1376 1.1364 9.0862 41.48
-10.3332 1.4806 3.5095 12.72
-10.2668 1.5473 7.0223 29.95
-7.4792 1.2305 9.0667 47.21
-8.7861 0.6186 4.0715 18.52
-6.7636 0.5617 5.8944 35.80
-10.3107 1.0128 2.4674 7.04
-10.3128 1.0732 5.7548 24.25
-9.1217 1.0461 9.0803 41.54
-10.2964 1.3807 3.5007 12.73
-10.2897 1.4488 7.0381 29.99
-6.5936 1.0365 8.1004 47.26
-8.7908 1.5113 4.0933 18.45
-10.2637 1.8222 8.4791 35.68
-10.3241 0.9107 2.4647 7.03
-10.3066 0.9811 5.7560 24.29
-9.1411 0.9637 9.0823 41.51
-10.3128 1.2809 3.5065 12.76
-10.2647 1.3515 7.0136 29.98
-7.4983 1.0916 9.0701 47.23
-8.7906 1.4300 4.0906 18.45
-6.7854 1.1777 5.9395 35.68
-10.3268 1.9771 2.4627 6.92
-10.2682 2.0332 5.7688 24.13
-9.0500 1.8734 9.0806 41.38
-10.2936 1.1807 3.5025 12.77
-10.2797 1.2539 7.0195 29.99
-6.6836 0.9260 8.1800 47.25
-8.7953 1.3472 4.0966 18.51
-6.7323 1.1063 5.8970 35.70
-10.2922 1.8718 2.4562 6.92
-10.2806 1.9308 5.7724 24.16
-9.0662 1.7917 9.0859 41.40
-10.3054 2.2496 3.5202 12.65
-10.2743 2.3148 7.0849 29.86
-7.4063 1.7614 9.0732 47.13
-8.7724 1.2566 4.0808 18.48
-6.7414 1.0411 5.8936 35.68
-10.3112 1.7731 2.4630 6.96
-10.2810 1.8340 5.7700 24.18
-9.0633 1.6996 9.0766 41.43
-10.3083 2.1480 3.5169 12.65
-10.2804 2.2113 7.0849 29.90
-7.4161 1.6893 9.0729 47.16
-8.7954 2.1745 4.1263 18.38
-10.2636 2.5951 8.5770 35.63
-10.3018 1.6679 2.4614 6.96
-10.2736 1.7310 5.7616 24.19
-9.0760 1.6212 9.0860 41.46
-10.3020 2.0508 3.5129 12.66
-10.2709 2.1050 7.0660 29.90
-7.4206 1.6203 9.0633 47.16
-8.7925 2.0862 4.1209 18.39
-10.2560 2.4929 8.5526 35.62
-10.3269 2.7700 2.4729 6.86
-10.2646 2.8120 5.8375 24.10
-8.7139 2.4655 8.8944 41.32
-10.2993 1.9536 3.5095 12.67
-10.2622 2.0108 7.0542 29.91
-7.4366 1.5506 9.0673 47.17
-8.7853 1.9931 4.1166 18.42
-10.2503 2.3895 8.5353 35.64
-10.2934 2.6528 2.4585 6.82
-10.2859 2.7115 5.8360 24.10
-8.7159 2.3775 8.8789 41.33
-10.0897 2.9787 3.4960 12.56
-9.4067 2.8473 6.6669 29.81
-7.2997 2.2830 9.0867 47.06
-8.7804 1.9105 4.1050 18.39
-10.2448 2.2873 8.5185 35.65
-10.2967 2.5527 2.4655 6.88
-10.2915 2.6136 5.8199 24.06
-8.7259 2.2918 8.8743 41.35
-9.9908 2.8530 3.4703 12.58
-9.6295 2.8131 6.7867 29.83
-7.2857 2.2084 9.0544 47.08
-8.7764 2.8532 4.1687 18.31
-9.2183 3.0535 7.9216 35.53
-10.3124 2.4497 2.4658 6.88
-10.2754 2.5049 5.8125 24.11
-8.7517 2.2182 8.8814 41.35
-10.2952 2.8387 3.5363 12.59
-10.0348 2.8232 7.0103 29.82
-7.3134 2.1452 9.0650 47.08
-8.7970 2.7684 4.1635 18.29
-9.2557 2.9718 7.9339 35.55
-10.3254 3.5920 2.4851 6.78
-10.2602 3.6242 5.9223 24.00
-8.5604 3.0940 8.9195 41.27
-10.2938 2.7384 3.5314 12.59
-10.2653 2.7909 7.1344 29.83
-7.3395 2.0780 9.0667 47.06
-8.7924 2.6719 4.1623 18.34
-9.0419 2.8112 7.7567 35.56
-10.3232 3.4776 2.4762 6.75
-10.2752 3.5185 5.9184 24.03
-8.5878 3.0126 8.9237 41.29
-10.3118 3.8756 3.5946 12.50
-10.2654 3.9269 7.3074 29.72
-7.1257 2.7911 9.0640 46.97
-8.7854 2.5852 4.1475 18.32
-9.8967 2.9700 8.3654 35.53
-10.3123 3.3685 2.4804 6.80
-10.2916 3.4204 5.9034 23.99
-8.5996 2.9256 8.9031 41.27
-10.3081 3.7689 3.5861 12.51
-10.2592 3.8124 7.2947 29.77
-7.1547 2.7299 9.0800 47.01
-10.2844 4.1781 4.7736 18.24
-10.2458 4.2245 8.8887 35.49
-10.0701 3.1819 2.4473 6.81
-9.9987 3.2184 5.7625 24.04
-8.2632 2.7415 9.0957 43.23
-10.3097 3.6763 3.9567 14.43
-10.2654 3.7150 7.7607 31.70
-6.7100 2.5043 9.0550 48.92
-10.2639 4.0609 5.1511 20.14
-9.8782 3.9814 9.1101 37.40
-9.7101 4.1961 2.7847 8.65
-10.2696 4.4871 6.4944 25.86
-7.9680 3.5460 9.0730 43.11
-10.2950 3.5535 3.9420 14.43
-10.2441 3.6002 7.7154 31.66
-6.7415 2.4478 9.0676 48.92
-10.2716 3.9604 5.1474 20.18
-9.8871 3.8757 9.0939 37.42
-9.7148 4.0866 2.7740 8.63
-10.2504 4.3668 6.4708 25.89
-7.9992 3.4682 9.0749 43.12
-9.4245 4.3581 3.7966 14.35
-10.2599 4.8012 7.9817 31.58
-6.3447 3.0228 8.8806 48.85
-10.2703 3.8457 5.1357 20.19
-9.9448 3.7897 9.1053 37.40
-9.7200 3.9867 2.7742 8.66
-10.2823 4.2658 6.4583 25.86
-7.0694 2.9935 8.0987 43.12
-9.7120 4.3885 3.8670 14.35
-10.2332 4.6831 8.4538 33.51
-5.9733 2.7883 8.8777 50.74
-8.7685 4.3351 5.0410 22.00
-8.7144 4.3585 8.9094 39.25
-10.0899 4.0280 3.1820 10.53
-10.2567 4.1514 6.8881 27.83
-7.4051 3.0620 8.9164 45.06
-9.2719 4.0854 4.0858 16.28
-10.2537 4.5750 8.4423 33.53
-6.1144 2.7870 9.0453 50.78
-8.8323 4.2633 5.0526 22.00
-8.7290 4.2661 8.8842 39.24
-8.7589 4.5675 2.9920 10.49
-10.2602 5.4043 7.1450 27.73
-7.2410 3.8609 9.0807 44.95
-9.5233 4.0907 4.1578 16.30
-10.2395 4.4542 8.4071 33.55
-6.1606 2.7417 9.0698 50.77
-10.2435 4.8264 5.6668 22.01
-8.7918 4.2014 8.9107 39.25
-8.7740 4.4763 2.9893 10.50
-10.2638 5.2819 7.1156 27.73
-7.2521 3.7813 9.0641 44.99
-8.7708 4.8631 4.0437 16.21
-10.2317 5.7304 8.7516 33.46
-5.2429 2.9662 8.1736 50.70
-10.2700 4.7171 5.6632 22.03
-9.0411 4.2173 9.1040 39.26
-8.7779 4.3720 2.9797 10.49
-10.2400 5.1512 7.5653 29.68
-6.8281 3.4891 9.0573 46.90
-10.2838 5.5812 4.9463 18.13
-10.0284 5.4979 9.1086 35.38
-10.2829 6.0133 2.5705 6.63
-9.6353 5.6737 6.0215 23.86
-8.0495 4.7830 9.1065 41.12
-8.7843 4.2827 3.3038 12.42
-10.2519 5.0462 7.5409 29.66
-6.8725 3.4311 9.0732 46.90
-10.2630 5.4381 4.9184 18.13
-10.0822 5.4045 9.1190 35.41
-10.2870 5.8799 2.5579 6.60
-9.5516 5.5008 5.9555 23.88
-8.0911 4.7052 9.1076 41.14
-10.2565 6.3376 3.7947 12.36
-10.2338 6.3821 7.8799 29.58
-6.5224 4.0912 9.0744 46.83
-10.2883 5.3347 4.9161 18.16
-10.1367 5.3117 9.1078 35.36
-10.3050 5.7642 2.5629 6.65
-9.6607 5.4482 5.9861 23.88
-8.1202 4.6199 9.0882 41.13
-10.2879 6.2295 3.7886 12.36
-10.2575 6.2607 7.8651 29.61
-6.5473 4.0268 9.0719 46.87
-10.2582 6.7129 5.1243 18.10
-9.5570 6.2953 9.1088 35.36
-10.2927 5.6253 2.5544 6.65
-9.6760 5.3347 5.9689 23.88
-8.1494 4.5445 9.0868 41.16
-10.2757 6.0966 3.7721 12.37
-10.2597 6.1254 7.8233 29.60
-6.5733 3.9622 9.0594 46.87
-10.2856 6.5918 5.1056 18.08
-9.6494 6.2296 9.1307 35.34
-10.2982 7.0811 2.6336 6.60
-9.1918 6.3482 6.0137 23.84
-7.6968 5.3464 9.0983 41.06
-10.2772 5.9718 3.7589 12.37
-10.2270 5.9859 7.7694 29.61
-6.6117 3.9015 9.0618 46.87
-10.2600 6.4316 5.0820 18.14
-9.6773 6.1191 9.1108 35.36
-10.2915 6.9272 2.6136 6.56
-9.1416 6.1835 5.9537 23.83
-7.7367 5.2667 9.0889 41.07
-10.2581 7.4252 3.9174 12.31
-10.2474 7.4717 8.2320 29.57
-6.2279 4.5432 9.0853 46.82
-10.2866 6.3211 5.0634 18.11
-9.7275 6.0238 9.1065 35.36
-10.2871 6.7862 2.6141 6.60
-9.2773 6.1544 5.9960 23.83
-7.8153 5.2131 9.1238 41.08
-10.2776 7.2987 3.9074 12.33
-10.2587 7.3293 8.1916 29.58
-6.2600 4.4826 9.0787 46.83
-10.2580 7.8370 5.3303 18.07
-9.1084 6.9855 9.1181 35.30
-10.2991 6.6493 2.6032 6.59
-9.3915 6.1012 6.0256 23.84
-7.8446 5.1358 9.1073 41.08
-10.2762 7.1592 3.8900 12.33
-10.2306 7.1588 8.1190 29.56
-6.3116 4.4348 9.0930 46.83
-10.2695 7.6915 5.2985 18.05
-9.1560 6.8889 9.1072 35.31
-10.2733 8.2364 2.7006 6.55
-8.7420 7.0213 6.0219 23.78
-7.2954 5.8763 9.0968 41.05
-10.2701 7.0167 3.8714 12.33
-10.2349 7.0299 8.0815 29.57
-6.3417 4.3678 9.0784 46.83
-10.2697 7.5321 5.2794 18.10
-9.2366 6.8143 9.1228 35.32
-10.2727 8.0693 2.6821 6.52
-8.7618 6.8989 5.9990 23.80
-7.3532 5.8095 9.0940 41.03
-10.2608 8.6402 4.0753 12.28
-10.2448 8.6752 8.6474 29.54
-5.8921 4.9655 9.0791 46.79
-10.2959 7.4106 5.2554 18.07
-8.6399 6.2522 9.0781 37.24
-8.7870 6.7635 2.8316 8.49
-10.2380 7.9249 7.3049 25.73
-6.9281 5.3706 9.0802 42.96
-9.1913 7.6018 4.1614 14.20
-10.1801 8.4641 9.1174 31.44
-5.5587 4.6006 9.0622 48.69
-9.1219 8.0817 5.9908 21.89
-7.5048 6.6497 9.1090 39.10
-10.2630 7.7574 3.5157 10.35
-10.2593 7.7941 7.8019 27.65
-6.5565 4.9856 9.1028 44.90
-10.2789 8.3448 4.9572 16.12
-9.5739 7.8007 9.1440 33.37
-5.2533 4.2637 9.0694 50.63
-9.2627 8.0512 6.0190 21.86
-7.5632 6.5785 9.1056 39.10
-10.2822 9.5660 3.7336 10.36
-9.6328 8.9815 7.9434 27.60
-6.0313 5.5947 9.0812 44.83
-10.2595 8.1704 4.9251 16.14
-9.6300 7.6967 9.1231 33.35
-5.2960 4.2207 9.0740 50.62
-9.2295 7.8705 5.9618 21.86
-7.6263 6.5164 9.1131 39.11
-10.0428 9.1717 3.6554 10.37
-9.7581 8.9261 7.9690 27.60
-6.0780 5.5344 9.0834 44.86
-10.2378 10.0183 5.2706 16.11
-8.6990 8.5128 9.0217 33.34
-4.8667 4.7125 9.0767 50.58
-9.3548 7.8214 5.9874 21.87
-7.6678 6.4290 9.0989 39.13
-10.0908 9.0361 3.6420 10.36
-9.8241 8.8244 7.9623 27.61
-6.1311 5.4800 9.0853 44.86
-10.2570 9.8458 5.2408 16.12
-8.6999 8.3529 8.9553 33.36
-4.8936 4.6520 9.0549 50.61
-10.2273 10.5214 7.5422 23.75
-6.5584 6.7044 9.1072 41.02
-10.0394 8.8304 4.0652 12.28
-9.9797 8.8005 8.5740 29.52
-5.8043 5.0893 9.0867 46.76
-8.7775 8.2366 5.0330 18.00
-8.3582 7.8688 9.1218 35.29
-10.2543 10.3244 2.8555 6.53
-10.2266 10.3166 7.4818 23.77
-6.6254 6.6464 9.1146 41.03
-9.2692 9.9708 4.1188 12.27
-8.3952 9.0420 8.0231 29.48
-5.2677 5.6118 9.0694 46.74
-9.9464 9.1846 5.5254 18.02
-8.4446 7.8021 9.1178 35.24
-10.2792 10.1572 2.8442 6.53
-10.2413 10.1438 7.4313 23.76
-6.6479 6.5432 9.0564 41.00
-9.4325 9.9655 4.1400 12.26
-8.4955 8.9754 8.0341 29.48
-5.3240 5.5726 9.0876 46.77
-10.2312 11.6051 6.1572 18.02
-7.6152 8.5941 9.1279 35.28
-10.2855 9.9631 2.8243 6.51
-9.4418 9.1594 6.8758 23.76
-6.7379 6.5196 9.0987 41.01
-9.5748 9.9357 4.1565 12.26
-8.6543 8.9677 8.1043 29.53
-5.3687 5.5195 9.0718 46.75
-10.2454 11.3975 6.1024 18.00
-7.7023 8.5328 9.1311 35.26
-9.3459 11.1283 2.8493 6.51
-10.2352 12.2100 8.0978 23.74
-6.0442 7.1268 9.0833 41.01
-9.5594 9.7385 4.1226 12.26
-8.7632 8.9245 8.1235 29.51
-5.4158 5.4645 9.0696 46.77
-10.2278 11.1726 6.5936 19.89
-7.2666 7.8930 9.1212 37.17
-8.7471 10.1902 3.1677 8.42
-6.6161 7.6641 5.9464 25.69
-5.7280 6.6110 9.0704 42.92
-10.2345 12.8271 5.2893 14.16
-7.7260 9.6339 9.1448 33.33
-4.2818 5.2319 9.0742 50.57
-10.2067 10.9332 7.6702 23.76
-6.4372 6.8481 9.1209 41.00
-9.0945 10.4094 4.1615 12.26
-9.4312 10.7958 9.1579 29.49
-5.1110 5.7715 9.0926 46.76
-10.2077 12.5471 6.3813 18.00
-7.1855 8.7676 9.0186 35.25
-9.3902 12.3698 2.4423 4.57
-10.2266 13.4971 8.5414 23.74
-5.7172 7.4288 9.1082 40.99
-9.1094 10.2347 4.1322 12.25
-9.5427 10.7332 9.1717 29.49
-5.1618 5.7198 9.0780 46.73
-10.2375 12.3260 6.3436 18.04
-7.3197 8.7629 9.0799 35.26
-10.2626 13.2741 2.5529 4.60
-10.2112 13.2000 7.7955 21.85
-6.1635 7.8638 9.0930 39.08
-10.2414 14.2433 3.7892 8.45
-9.8640 13.6870 9.1880 25.66
-5.1939 7.0722 9.1055 42.91
-10.2475 12.1116 5.1499 14.16
-8.5763 10.1112 9.1291 31.40
-4.7149 5.4718 9.0827 48.66
-10.2279 12.9792 7.1060 19.93
-6.2359 7.8133 9.0944 39.07
-10.2560 13.9680 3.7460 8.42
-9.9677 13.5618 9.1668 25.66
-5.2475 7.0020 9.0907 42.95
-10.1529 14.8567 5.0741 12.27
-8.0888 11.7777 9.1465 29.51
-4.4187 6.2761 9.0741 46.76
-10.2202 12.7028 6.4248 18.00
-6.6862 8.2293 8.5053 35.26
-10.2421 13.6790 2.5753 4.59
-10.2204 13.6451 8.5813 23.71
-5.6685 7.4385 9.0933 41.00
-10.2196 14.6847 4.4432 10.36
-8.6772 12.3941 8.9819 27.60
-4.7820 6.6880 9.0980 44.81
-10.2245 15.8082 5.9057 14.17
-7.2338 11.0662 9.1330 31.45
-4.0103 5.9692 9.0723 48.67
-10.2296 13.3824 7.2295 19.95
-6.5379 8.4565 9.0970 37.16
-8.7442 12.2646 2.9143 6.52
-10.2021 14.3452 8.8272 23.71
-5.4958 7.5785 9.1025 40.99
-9.9920 15.1426 4.4883 10.36
-8.5679 12.9004 9.1716 27.61
-4.6138 6.7842 9.0856 44.81
-10.2242 16.7071 6.1041 14.18
-6.9816 11.2663 9.1454 31.41
-3.8631 6.0499 9.0642 48.68
-10.2131 14.0682 7.4274 19.95
-6.3394 8.6179 9.1073 37.16
-10.0085 14.8505 3.2410 6.53
-9.9665 14.7673 8.9235 23.72
-5.3079 7.6969 9.0964 41.00
-10.2283 16.3844 4.7048 10.36
-8.2371 13.0803 9.1603 27.61
-4.4517 6.8893 9.0888 44.82
-10.2037 17.6485 6.3091 14.19
-6.7100 11.4365 9.1531 31.42
-3.7255 6.1470 9.0817 48.69
-10.1949 14.7979 6.9711 18.01
-6.3594 9.1021 8.8681 35.26
-10.2607 16.0889 2.7392 4.60
-10.2103 15.9643 8.7055 21.84
-5.4770 8.3912 9.1287 39.08
-10.2226 17.3095 4.1645 8.43
-8.6010 14.4661 9.1899 25.70
-4.5621 7.4655 9.1007 42.93
-9.8204 18.0135 4.9270 10.36
-7.4672 13.5472 9.1715 27.61
-4.0481 7.1150 9.0874 44.83
-9.9184 15.1890 5.7308 14.16
-7.2996 11.0738 9.1548 31.43
-4.0356 5.9654 9.0836 48.67
-10.2033 16.8544 7.5543 18.05
-6.0151 9.7683 9.1383 35.27
-10.0630 18.0678 2.8698 4.61
-9.8480 17.6067 9.2057 21.85
-4.9723 8.6479 9.1026 39.09
-9.2290 18.0012 3.5148 6.54
-8.4273 16.3175 9.1960 23.77
-4.3805 8.2171 9.0949 41.04
-10.2131 16.5470 4.7116 10.31
-8.1644 13.1250 9.1595 27.61
-4.4146 6.9124 9.1005 44.86
-10.2047 17.9152 6.3698 14.19
-6.6393 11.4582 9.1569 31.46
-3.6838 6.1562 9.0659 48.68
-9.4579 17.9685 7.0188 16.13
-5.8216 10.8398 9.1512 33.38
-3.2755 5.8626 9.0704 50.62
-8.7031 17.9789 7.6527 18.06
-5.0925 10.2489 9.1357 35.29
-10.2413 17.6018 2.8528 4.63
-8.7608 14.9210 8.0499 21.85
-5.1447 8.5834 9.1273 39.10
-9.7093 18.0705 3.5485 6.55
-8.6730 16.0371 9.1219 23.74
-4.5507 8.1609 9.1122 41.02
-8.9227 18.0354 4.1770 8.45
-7.3903 14.7864 9.0601 25.72
-4.0070 7.7435 9.0912 42.95
-8.1569 17.9980 4.8005 10.39
-6.4377 14.0068 9.1599 27.63
-3.5257 7.3653 9.0884 44.86
-9.9223 18.0491 5.6450 12.27
-6.9705 12.4942 9.1672 29.51
-3.8284 6.6338 9.0716 46.75
-9.1113 17.9916 6.2646 14.21
-6.0570 11.7242 9.1388 31.47
-3.3883 6.3145 9.0734 48.70
-8.3617 17.9668 6.8925 16.16
-5.2751 11.0711 9.1284 33.37
-2.9981 6.0074 9.0750 50.60
-7.6435 17.9820 7.5216 18.08
-4.5719 10.4305 9.1092 35.31
-9.3388 18.0368 2.1768 2.72
-9.3576 17.9949 8.4875 19.95
-4.8651 9.0914 8.8455 37.20
-8.5767 18.0445 2.8250 4.64
-8.5849 17.9512 9.1083 21.87
-4.3373 8.7669 8.9621 39.12
-7.8430 18.0486 3.4652 6.58
-7.3647 16.7996 9.2065 23.81
-3.8582 8.4612 9.1047 41.08
-7.0960 18.0075 3.4305 6.58
-5.9875 14.9648 8.2286 23.81
-3.5695 8.5738 9.1022 41.08
-8.7979 18.0392 4.1725 8.46
-7.2766 14.7458 9.0168 25.72
-3.9546 7.7485 9.0826 42.98
-8.0527 18.0406 4.7989 10.38
-6.3716 14.0707 9.1774 27.64
-3.4890 7.3835 9.0988 44.89
-7.3304 18.0198 5.4214 12.32
-5.4563 13.1511 9.1624 29.57
-3.0492 6.9982 9.0916 46.83
-6.6231 17.9919 5.3645 12.33
-4.9974 13.3054 9.1572 29.59
-2.8211 7.0963 9.1044 46.84
-8.2687 18.0261 6.1797 14.20
-5.5999 11.9636 9.1517 31.47
-3.1427 6.4296 9.0736 48.71
-7.5184 17.9694 6.7901 16.14
-4.8304 11.2369 9.1212 33.40
-2.7566 6.0823 9.0548 50.65
-6.1887 16.2739 6.2057 16.18
-4.4429 11.3786 9.1247 33.43
-2.5559 6.1649 9.0637 50.67
-6.1169 17.9746 6.6710 16.19
-4.0592 11.5292 9.1339 33.42
-2.3555 6.2525 9.0813 50.66
-7.7322 17.9950 7.5271 18.05
-4.6175 10.4324 9.1229 35.31
-6.9761 18.0150 1.5015 0.83
-7.0221 17.9883 7.4456 18.07
-4.0018 9.8568 9.1193 37.23
-6.2906 18.0513 2.1334 2.75
-6.3264 17.9894 8.0945 20.04
-3.3061 8.9327 8.2917 37.28
-5.5958 18.0319 2.1396 2.80
-5.6341 17.9662 7.9994 20.01
-3.3184 10.0604 9.1162 37.30
-7.1985 18.0498 2.1451 2.74
-7.2148 17.9887 8.1810 19.98
-4.0874 9.8194 9.1211 37.25
-6.4818 18.0061 2.1416 2.77
-6.5025 17.9578 8.0873 20.00
-3.4040 8.9314 8.3084 37.25
-5.7851 18.0181 2.1291 2.77
-5.8342 17.9834 8.0423 20.06
-3.0814 8.9796 8.2757 37.29
-5.1092 18.0240 2.1404 2.83
-5.1441 17.9277 7.9424 20.03
-3.0730 10.1297 9.1190 37.31
-6.6723 18.0071 2.1385 2.76
-6.7106 17.9924 8.1227 19.99
-3.8380 9.8812 9.1016 37.26
-5.9915 18.0285 2.1396 2.79
-6.0142 17.9709 8.0405 20.01
-3.1669 8.9433 8.2630 37.27
-5.3113 18.0648 2.1336 2.79
-5.3471 17.9687 7.9791 20.04
-3.1656 10.0958 9.1125 37.31
-4.6117 17.9764 1.5172 0.91
-4.6777 17.9873 7.2463 18.15
-1.9040 6.5373 5.9040 35.39
-6.1591 18.0157 1.5140 0.88
-6.2051 17.9726 7.3593 18.09
-3.8440 10.7160 9.1283 35.34
-5.4920 18.0507 1.5085 0.87
-5.5295 17.9549 7.2952 18.11
-3.4761 10.8115 9.1179 35.36
-4.8042 18.0270 0.8939 -1.03
-4.8547 17.9637 6.5894 16.26
-3.3131 11.7176 9.1224 33.45
-1.9582 6.3477 9.0695 50.72
-4.2041 17.9475 5.8715 14.30
-1.9749 7.6477 5.9522 31.60
-1.8500 6.8656 9.1037 48.82
-5.7072 17.9829 5.9716 14.29
-4.0883 12.4822 9.1418 31.54
-2.3576 6.7220 9.0870 48.79
-5.0296 17.9618 5.9230 14.30
-3.6508 12.5709 9.1262 31.56
-2.1284 6.7642 9.0557 48.77
-4.3635 17.9676 5.2420 12.39
-3.4548 13.6891 9.1457 29.67
-1.8292 6.5169 8.2157 46.87
-3.7239 18.0042 4.5951 10.50
-3.1626 14.7452 9.0580 27.77
-1.8653 7.8576 9.0895 45.00
-5.2194 18.0001 4.6514 10.48
-4.3742 14.7036 9.1647 27.71
-2.4618 7.7249 9.0899 44.96
-4.5407 17.9734 3.9904 8.58
-4.1721 16.1510 9.1884 25.81
-2.3287 8.3247 9.0869 43.03
-3.9021 18.0420 3.3665 6.69
-3.9279 17.7735 9.2104 23.93
-2.1151 8.7398 8.8997 41.16
-3.2378 18.0193 2.7394 4.78
-3.3088 17.9569 8.5375 22.04
-1.8589 9.0197 8.5939 39.29
-4.7154 18.0059 2.1302 2.81
-4.7686 17.9910 7.9449 20.07
-2.8557 10.1477 9.0914 37.32
-3.9944 17.7437 1.5140 0.92
-4.1177 17.9776 7.2062 18.16
-1.7180 6.6200 5.9331 35.40
-3.3934 18.0178 0.9227 -0.96
-3.4624 17.9831 6.5121 16.27
-2.4464 11.8963 9.1298 33.50
-1.5006 6.4458 9.0717 50.76
-2.8282 17.9535 5.8297 14.36
-2.0396 11.9553 9.1315 33.53
-1.2742 6.4025 8.9909 50.83
-4.2761 17.9685 5.8957 14.35
-3.1544 12.6855 9.1293 31.58
-1.8638 6.8193 9.0586 48.83
-3.6258 17.9700 5.2250 12.44
-1.8475 8.2472 5.9231 29.68
-1.7334 7.3739 9.0989 46.91
-2.9813 18.0141 4.5867 10.54
-2.5683 14.7517 9.0097 27.78
-1.5534 7.8846 9.0724 45.04
-2.3339 17.9820 3.3485 6.74
-2.4110 17.8916 9.1702 23.97
-1.3771 8.7302 8.8036 41.23
-3.7732 18.0114 2.7418 4.76
-3.8447 17.9572 8.5601 22.00
-2.1248 9.0647 8.6510 39.22
-3.1402 18.0135 2.1389 2.89
-3.1916 17.9569 7.8306 20.11
-2.0171 10.3130 9.0969 37.37
-2.4887 18.0253 1.5347 0.98
-2.5699 18.0219 7.1564 18.22
-1.7583 11.1358 9.1244 35.48
-1.8421 18.0449 0.3388 -2.83
-1.9282 17.9674 5.8207 14.40
-1.5263 12.8933 9.1327 31.70
-1.0158 6.9542 9.0732 48.92
-3.3474 17.9828 5.2175 12.44
-1.7348 8.3027 5.9456 29.69
-1.6164 7.3479 9.0528 46.93
-2.7139 18.0095 4.5873 10.57
-2.3475 14.7440 9.0024 27.82
-1.4372 7.9165 9.0892 45.05
-2.0651 18.0158 3.3569 6.77
-2.1500 17.9355 9.1906 24.01
-1.2485 8.7417 8.8023 41.24
-1.4101 17.9987 2.1458 2.94
-1.4932 17.9619 7.7880 20.18
-1.0593 10.4051 9.1061 37.46
-2.8420 18.0418 1.5405 1.00
-2.9127 17.9691 7.1506 18.21
-1.9656 11.0960 9.1113 35.46
-2.1811 18.0020 0.3440 -2.81
-2.2660 17.9862 5.8335 14.40
-1.7737 12.8961 9.1400 31.67
-1.1336 6.8734 8.9864 48.88
-1.6219 17.9916 4.5751 10.60
-1.4656 14.7417 8.9575 27.84
-0.9806 7.9417 9.0756 45.11
-0.9871 18.0266 3.3639 6.81
-1.0743 17.7937 9.1034 24.04
-0.7398 8.7489 8.7887 41.30
-2.4008 18.0274 2.1405 2.91
-2.4620 17.9350 7.7973 20.14
-1.6046 10.3603 9.0983 37.41
-1.7400 17.9913 0.9540 -0.87
-1.8272 17.9997 6.4815 16.35
-1.3888 12.0181 9.1401 33.59
-0.9383 6.4960 9.0532 50.83
-1.1813 17.9993 5.2000 12.54
-1.0606 13.8261 9.0743 29.81
-0.7715 7.4527 9.0765 47.01
-0.5445 17.9531 3.9725 8.77
-0.6143 16.4014 9.1524 26.00
-0.5296 8.5077 9.0926 43.26
-1.9452 18.0249 2.7459 4.84
-2.0310 17.9368 8.4739 22.08
-1.2967 9.7514 9.1251 39.30
-1.3079 18.0295 1.5515 1.04
-1.3941 17.9310 7.1209 18.31
-1.0445 11.1660 9.1085 35.53
-0.6581 18.0171 0.3629 -2.77
-0.7479 17.9620 5.8329 14.50
-0.7019 12.9273 9.1268 31.72
-0.5769 6.9746 9.0675 48.95
-0.1107 17.9977 4.5907 10.68
-0.2307 14.7269 8.9592 27.95
-0.3330 7.9559 9.0784 45.17
-1.5010 17.9661 3.3538 6.80
-1.5917 17.9450 9.1673 23.99
-0.9860 8.7448 8.7862 41.25
-0.8756 18.0074 2.1619 3.00
-0.9721 17.9330 8.4506 22.10
-0.7281 9.7133 9.0805 39.37
-0.2336 18.0031 1.5680 1.10
-0.3302 17.9397 7.1216 18.34
-0.3933 11.1555 9.1033 35.59
0.4108 18.0082 0.3810 -2.71
0.3025 17.9995 5.8488 14.51
0.0547 12.8647 9.1187 31.82
-0.1814 6.9466 9.0556 49.04
-1.0835 17.9970 4.5881 10.66
-1.0280 14.7465 8.9603 27.89
-0.7494 7.9485 9.0722 45.13
-0.4443 17.9813 3.3671 6.85
-0.5397 17.9491 9.1839 24.09
-0.4839 8.7436 8.7906 41.35
0.2058 18.0037 2.1718 3.03
0.1045 17.9372 7.8139 20.32
-0.1433 10.3817 9.0860 37.53
0.8554 17.9850 0.9886 -0.76
0.7411 17.9521 6.5121 16.51
0.3090 11.9474 9.1084 33.71
-0.0430 6.4723 9.0425 51.01
-0.6439 17.9419 5.1951 12.57
-0.6506 13.9498 9.1384 29.82
-0.5488 7.4523 9.0770 47.06
-0.0022 17.9755 3.9827 8.79
-0.1237 16.4102 9.1655 26.02
-0.2813 8.4871 9.0649 43.24
0.6473 17.9482 2.7834 4.99
0.5262 17.9179 8.4920 22.22
0.0676 9.6857 9.0881 39.48
1.2926 17.9724 1.6014 1.20
1.1883 17.9597 7.1848 18.44
0.5260 11.1123 9.1196 35.68
-0.1101 18.0178 0.3779 -2.72
-0.2081 17.9953 5.8508 14.53
-0.3148 12.8993 9.1226 31.77
-0.3715 6.9457 9.0493 49.02
0.4270 17.9843 4.6081 10.73
0.2010 14.7490 8.9876 27.98
-0.0951 7.9308 9.0678 45.22
1.0732 17.9718 3.4023 6.94
0.9480 17.8392 9.1884 24.18
0.2357 8.7264 8.8033 41.41
1.7356 18.0017 2.2033 3.11
1.6214 17.9484 7.8703 20.36
0.7074 10.2968 9.0905 37.64
0.3292 18.0388 0.9802 -0.79
0.2162 17.9754 6.4991 16.47
-0.0348 11.9725 9.1163 33.71
-0.2249 6.5005 9.0529 50.95
0.8659 17.9513 5.2374 12.67
0.5109 13.8401 9.1134 29.90
0.0564 7.4196 9.0688 47.14
1.5168 17.9661 4.0232 8.88
1.2310 16.2373 9.1555 26.14
0.4123 8.4352 9.0756 43.35
2.1724 17.9624 2.8309 5.10
2.0477 17.9271 8.5927 22.33
0.7660 8.8555 8.4765 39.58
0.7672 17.9888 1.5960 1.19
0.6582 17.9269 7.1474 18.40
0.2120 11.1218 9.1028 35.65
1.4234 18.0088 0.4068 -2.61
1.3117 18.0050 5.8953 14.60
0.7533 12.8038 9.1180 31.86
0.1913 6.9285 9.0649 49.08
1.9622 17.9816 4.6580 10.81
1.4411 14.7211 9.0443 28.05
0.5480 7.8738 9.0837 45.32
2.6110 17.9566 3.4510 7.03
2.4213 17.5434 9.1578 24.25
0.9618 8.7260 8.8973 41.51
1.1997 18.0124 2.1981 3.10
1.0967 17.9453 7.8421 20.34
0.4187 10.3461 9.0984 37.60
1.8589 17.9797 1.0173 -0.67
1.7431 17.9445 6.5498 16.55
0.8550 11.0463 9.1009 35.70
2.5086 18.0308 0.4242 -2.54
2.3880 17.9655 5.9480 14.69
1.4928 12.6830 9.1083 31.91
0.5854 6.8741 9.0696 49.15
3.0519 17.9844 4.7114 10.87
2.3287 14.7044 9.1370 28.14
0.9939 7.7831 9.0671 45.36
1.6334 17.9692 3.4208 6.98
1.4978 17.7740 9.1774 24.17
0.4976 8.7229 8.8230 41.42
2.2745 17.9764 2.2285 3.19
2.1710 17.9447 7.9086 20.40
1.0092 10.2546 9.0899 37.66
2.9543 17.9946 1.0336 -0.61
2.5015 16.0999 6.0598 16.62
1.6388 11.7417 9.1083 33.85
0.6655 6.3909 9.0524 51.10
3.4969 17.9505 5.3668 12.82
2.4419 13.5258 9.1312 30.07
1.0724 7.2424 9.0565 47.31
2.0726 17.9540 4.0460 8.92
1.7279 16.1723 9.1504 26.14
0.6641 8.3991 9.0783 43.39
2.7328 18.0049 2.8441 5.10
2.5905 17.8957 8.6044 22.31
1.0574 8.9713 8.6053 39.58
3.4049 18.0033 1.6471 1.32
3.2625 17.9149 7.3096 18.56
1.7506 10.8401 9.0813 35.82
4.0846 17.9940 0.4324 -2.47
3.9405 17.9648 6.0494 14.76
2.5290 12.4333 9.1184 32.05
1.1274 6.7260 9.0400 49.27
2.5051 17.9519 4.6876 10.87
1.8831 14.7073 9.0865 28.10
0.7720 7.8104 9.0533 45.34
3.1685 17.9570 3.4830 7.09
2.9420 17.4134 9.1604 24.31
1.2220 8.7145 8.9412 41.57
3.8568 17.9766 2.2694 3.26
3.7218 17.9492 8.0663 20.55
1.8489 10.0779 9.0932 37.76
4.5594 18.0052 1.0575 -0.52
3.9520 16.2487 6.2372 16.75
2.5928 11.4822 9.1003 33.95
1.1738 6.2598 9.0559 51.24
2.9515 17.9463 5.3341 12.79
2.0534 13.6053 9.1252 30.04
0.8719 7.3057 9.0772 47.28
3.6261 17.9536 4.1210 9.02
3.0131 15.7078 9.0709 26.25
1.3415 8.2756 9.0824 43.46
4.3245 17.9775 2.9121 5.23
4.1594 17.9226 8.7993 22.46
1.8240 8.9740 8.7663 39.72
5.0136 18.0073 2.3138 3.34
4.8557 17.9329 8.1774 20.58
2.1403 8.8918 8.2807 37.86
3.5240 17.9980 1.0395 -0.59
2.9960 16.1035 6.1050 16.67
1.9797 11.6386 9.1001 33.91
0.8512 6.3624 9.0680 51.14
4.0643 17.9465 5.4161 12.88
2.8464 13.4066 9.1276 30.11
1.2808 7.1834 9.0503 47.34
4.7587 17.9837 4.8278 10.99
3.5927 14.3165 9.1144 28.23
1.6602 7.6017 9.0648 45.49
5.4483 17.9802 4.2440 9.15
4.2730 14.7213 8.7995 26.38
2.0717 8.0113 9.0552 43.63
3.9530 17.9755 2.8925 5.20
3.8062 17.9461 8.7639 22.43
1.6509 8.9808 8.7193 39.64
4.6342 17.9683 1.6804 1.41
4.4878 17.9387 7.4523 18.67
2.4363 10.6778 9.0965 35.89
5.3414 18.0052 1.0797 -0.45
5.1834 17.9491 6.8418 16.78
3.0032 11.2258 9.0242 34.01
1.4148 6.1979 9.0608 51.26
5.8542 17.9004 6.2207 14.89
3.7021 11.9962 9.0954 32.18
1.7613 6.5357 9.0542 49.40
4.3709 17.9643 4.8049 11.00
3.3117 14.3922 9.1129 28.23
1.5185 7.6582 9.0772 45.46
5.0442 17.9147 4.2009 9.11
4.0348 14.9715 8.8744 26.35
1.9258 8.0861 9.0639 43.56
5.7611 17.9871 3.6229 7.25
5.1536 16.6314 9.1334 24.49
2.3779 8.5257 9.0642 41.71
6.4689 17.9335 3.0116 5.36
6.3018 17.9157 9.1240 22.62
2.7739 8.7132 8.8247 39.87
4.9088 17.9594 2.3114 3.35
4.7688 17.9178 8.1636 20.58
2.0991 8.8747 8.2562 37.84
5.6143 17.9747 1.7094 1.47
5.4415 17.8974 7.5545 18.74
2.9387 10.4760 9.0753 35.95
6.3360 17.9807 1.1000 -0.38
6.1608 17.9124 6.9496 16.85
3.5653 11.0930 9.0764 34.07
1.7052 6.0909 9.0597 51.32
6.8520 17.8878 7.0438 16.92
3.9402 10.9475 9.0860 34.12
1.8910 5.9749 9.0259 51.41
5.2933 17.9101 6.1750 14.88
3.3677 12.1490 9.1051 32.13
1.5787 6.5848 9.0393 49.37
5.9910 17.9001 5.5783 13.01
4.1084 12.9137 9.0991 30.24
1.9539 6.9575 9.0451 47.47
6.7260 17.9512 5.6593 13.04
4.5271 12.7154 9.0968 30.31
2.1859 6.8845 9.0635 47.51
7.4106 17.8704 5.7181 13.08
4.9511 12.5254 9.0936 30.34
2.4142 6.7803 9.0650 47.57
5.8231 17.9357 4.9155 11.10
4.3498 14.0390 9.1209 28.32
2.0538 7.4554 9.0534 45.56
6.5256 17.9482 4.9766 11.13
4.8017 13.8002 9.1000 28.38
2.3020 7.3508 9.0482 45.61
7.2716 17.9766 5.0494 11.17
3.0581 8.2598 5.9730 28.40
2.5491 7.2661 9.0708 45.66
7.9912 17.9345 5.1143 11.21
3.2675 7.9786 5.8930 28.48
2.7776 7.1358 9.0482 45.70
6.3510 17.9294 4.3044 9.21
5.0220 14.7278 8.9375 26.42
2.4240 7.8844 9.0570 43.68
7.0543 17.9165 4.3601 9.26
5.5802 14.6920 9.0418 26.48
2.6807 7.7797 9.0527 43.69
7.7955 17.9258 4.4244 9.30
6.1086 14.5503 9.1042 26.56
2.9333 7.6510 9.0502 43.76
8.5389 17.9316 5.1740 11.24
6.0281 13.1607 9.0860 28.51
2.9431 7.0430 9.0419 45.73
6.8344 17.9262 5.0071 11.17
5.0095 13.7225 9.1044 28.39
2.4079 7.3188 9.0600 45.63
7.5614 17.9298 5.0760 11.20
3.1278 8.0935 5.9148 28.45
2.6459 7.1912 9.0430 45.68
8.3017 17.9087 5.8361 13.15
3.1042 7.3552 5.9059 30.42
2.6613 6.6443 9.0480 47.62
8.0812 16.0955 6.0876 15.10
3.0775 6.7166 5.9122 32.40
2.6558 6.1085 9.0444 49.61
7.3322 17.9432 6.4222 15.02
4.5121 11.6538 9.0987 32.26
2.1960 6.3497 9.0539 49.51
7.2068 16.0885 5.9676 15.06
4.8892 11.4349 9.0829 32.31
2.4047 6.2561 9.0526 49.52
8.8122 17.9137 7.3399 17.03
4.8529 10.4469 9.0672 34.25
2.4018 5.7587 9.0536 51.50
9.5504 17.8797 8.9700 20.90
4.3259 8.7015 8.8703 38.17
7.9722 17.9445 2.4455 3.56
7.7749 17.8597 8.6149 20.79
3.6272 9.0074 8.8102 38.05
8.6314 17.7628 3.1310 5.51
7.0150 14.8793 8.1107 22.71
3.7741 8.5811 9.0795 39.98
9.4903 17.9382 3.8998 7.50
7.5434 14.7032 8.8436 24.74
3.7388 7.8488 9.0438 41.96
9.5138 16.6524 5.0824 11.36
6.9419 12.5786 9.0771 28.62
3.4411 6.7725 9.0604 45.84
8.4227 17.9304 5.8585 13.16
5.0460 11.3307 9.0721 32.34
2.4835 6.1843 9.0293 49.58
9.1496 17.8933 7.3886 17.04
5.0098 10.3687 9.0780 34.28
2.4843 5.7101 9.0500 51.52
8.2572 15.0247 7.8024 20.97
4.4981 8.7039 8.9374 38.17
9.4963 15.6622 3.6686 7.58
8.6820 14.6545 9.1110 24.80
4.1800 7.5788 9.0534 42.05
9.0450 17.9554 4.5518 9.39
6.8869 14.1311 9.0991 26.60
3.3356 7.4405 9.0549 43.86
9.5401 17.4988 5.9283 13.26
6.1713 11.7996 9.0747 30.49
2.9952 6.2839 8.8858 47.72
8.7932 15.0127 6.5994 17.14
4.9250 8.8913 8.1906 34.36
2.7911 5.5090 9.0361 51.61
9.2493 14.7017 8.5977 22.95
4.6810 7.9480 9.0452 40.19
9.5185 17.7336 3.8830 7.51
7.6649 14.7059 8.8597 24.70
3.7911 7.8401 9.0567 41.95
9.5199 16.4714 5.0597 11.38
7.0116 12.5623 9.0885 28.62
3.4672 6.7251 9.0372 45.86
9.1156 14.7075 6.5854 17.18
5.8063 9.8092 9.0522 34.40
2.9180 5.4224 9.0345 51.65
8.5217 12.9422 9.0807 26.81
4.2019 6.8616 9.0505 44.07
9.5238 16.8685 5.8017 13.28
6.3402 11.6992 9.0803 30.52
3.0598 6.1823 8.8295 47.75
8.9075 14.6915 6.5430 17.17
5.7202 9.8809 9.0612 34.40
2.8718 5.4587 9.0386 51.63
9.0347 13.9615 8.9610 24.89
4.4711 7.3896 9.0645 42.11
9.4952 13.4648 5.7582 15.33
5.8208 8.6883 8.9808 36.43
9.3063 15.4589 3.0159 5.65
8.6500 14.7002 8.4370 22.88
4.4782 8.1182 9.0503 40.10
9.4828 14.7050 4.7801 11.46
7.5637 12.0924 9.0597 28.71
3.7761 6.5090 9.0327 45.94
11.5699 16.6992 9.0935 21.12
5.3666 8.2416 9.0362 38.33
9.4873 12.7121 4.4808 11.55
6.4252 9.0241 8.8884 34.53
3.3304 5.1061 9.0407 51.82
9.1391 14.6683 8.5497 22.92
4.6629 7.9773 9.0416 40.14
9.5218 13.9999 4.6790 11.49
6.1765 9.5365 9.0575 34.47
3.0317 5.1454 8.8329 51.71
8.2580 11.5844 9.0715 28.78
4.1374 6.2462 9.0450 46.03
11.2733 14.4347 9.0720 23.11
5.3893 7.3572 9.0285 40.35
9.5048 14.2610 4.7226 11.50
6.5840 10.3051 9.0615 32.56
3.3195 5.6626 9.0323 49.80
8.8872 12.6422 9.0798 26.86
4.3949 6.7131 9.0380 44.07
11.1433 14.5715 9.0694 23.07
5.3362 7.4294 9.0442 40.33
9.4932 11.5557 5.3815 15.45
6.4705 8.2383 9.0460 36.55
9.4906 13.4812 4.0361 9.64
5.9434 8.8865 8.0955 32.60
3.4570 5.5807 9.0452 49.81
8.4316 11.4441 9.0826 28.82
4.2242 6.1721 9.0431 46.06
9.4960 11.8434 7.1443 21.20
5.9288 7.7661 9.0351 38.43
9.4990 10.9713 4.7649 13.62
7.1824 8.6177 9.0452 34.68
3.6647 4.7890 9.0125 51.91
8.2854 11.4919 9.0537 28.82
4.1666 6.2204 9.0403 46.03
8.9695 11.4092 6.3311 19.29
5.8702 7.8371 9.0510 38.44
9.5038 11.1841 4.7955 13.59
7.0870 8.6714 9.0213 34.65
3.6225 4.8340 9.0170 51.89
7.6666 8.7049 8.7688 32.83
4.0842 5.0025 9.0269 50.02
9.3471 12.2186 9.0689 26.91
4.6463 6.5083 9.0563 44.18
11.6916 14.0660 9.0851 23.16
5.6188 7.1825 9.0444 40.38
9.4768 10.6419 5.2129 15.53
6.3033 7.4466 9.0558 38.50
9.4954 9.9515 5.0980 15.61
7.0223 7.6682 9.0462 36.69
9.4812 11.5736 4.3247 11.64
7.5197 9.5184 9.0721 32.74
3.8292 5.2571 9.0353 49.93
9.0097 10.4850 8.9192 28.94
4.6270 5.7768 9.0204 46.18
8.0787 8.8274 7.9140 29.00
4.8246 5.6061 9.0393 46.22
7.5311 7.6585 5.9001 23.30
6.1926 6.5347 9.0194 40.55
9.4938 11.0647 5.2984 15.52
6.6254 8.0890 9.0472 36.59
9.4660 10.2846 4.6511 13.67
6.8955 7.8335 9.0511 36.62
9.4574 9.5941 4.5403 13.71
8.2702 8.6417 9.0237 32.87
4.2562 4.8055 9.0201 50.10
9.0608 8.7377 7.7490 27.18
5.4830 5.5908 9.0066 44.41
11.1138 12.3768 9.0699 25.12
5.4580 6.4881 9.0343 42.35
8.9120 9.3145 6.3084 21.36
6.5511 7.1247 9.0320 38.60
9.2637 8.9772 4.8740 15.66
8.4833 8.4267 9.0342 32.90
4.3652 4.6839 9.0141 50.12
9.4396 8.6772 9.0164 31.04
4.8576 4.8037 9.0201 48.28
8.3911 9.0322 7.5873 27.10
5.2087 5.9332 9.0332 44.34
8.8344 8.7923 6.1547 21.40
6.7116 6.9392 9.0300 38.64
9.4439 8.7111 5.3464 17.62
8.0371 7.6301 9.0244 34.84
4.1528 4.2871 9.0294 52.08
7.6580 6.8295 9.0140 36.85
9.4866 9.5154 4.5328 13.72
8.7772 9.0132 8.8361 30.95
4.6108 5.0907 9.0176 48.19
9.1197 8.6863 7.7565 27.19
5.5258 5.5783 9.0202 44.38
10.3819 9.1934 9.0430 29.18
5.2892 5.0178 9.0067 46.38
11.5928 9.5138 9.0341 27.28
5.8560 5.1248 9.0200 44.55
9.0381 8.7237 6.1916 21.39
6.8121 6.8370 9.0370 38.66
9.4783 8.4801 5.3093 17.63
6.5372 6.1577 9.0368 40.63
9.4693 7.9187 5.6795 19.63
6.7157 5.8913 9.0233 40.69
11.7823 9.1808 9.0257 27.34
5.9654 4.9579 9.0092 44.57
9.4784 8.7051 6.8408 23.37
6.4806 6.2245 9.0342 40.61
9.4979 8.0939 5.7187 19.60
6.1985 5.5994 9.0196 42.57
8.9670 7.1777 6.2823 23.49
6.3720 5.3565 9.0159 42.62
11.9660 8.8462 9.0143 27.38
6.0816 4.7969 9.0171 44.61
10.4321 9.1391 9.0455 29.18
5.3262 4.9992 9.0257 46.39
10.7176 8.7345 9.0419 29.23
5.4649 4.7761 9.0053 46.46
10.1066 7.7209 9.0198 31.19
5.2138 4.2818 8.9987 48.44
8.8766 6.3759 9.0176 35.09
4.6061 3.6011 8.9982 52.33
8.9771 7.5704 8.9589 33.06
4.6951 4.2786 9.0211 50.25
8.0198 6.3773 9.0272 36.89
9.4728 6.7680 5.0226 17.83
7.0948 5.3231 9.0262 40.83
9.4826 6.3199 5.8311 21.71
6.2930 4.4607 9.0274 44.71
9.9760 7.9285 9.0194 31.16
5.1489 4.4055 9.0148 48.40
9.4469 7.0282 9.0100 33.12
4.9144 3.9610 9.0207 50.34
8.3114 5.8233 9.0072 37.03
9.4743 5.9469 4.9040 17.93
8.4838 5.5038 9.0059 37.09
9.4873 7.0632 5.0822 17.83
7.4951 5.8223 9.0002 38.88
9.4510 6.5491 5.4205 19.78
6.6690 4.8899 9.0184 42.75
11.4656 7.3907 9.0137 29.41
5.8956 4.0834 9.0014 46.64
9.5061 5.7583 8.6523 33.31
5.2177 3.4182 9.0101 50.50
8.2268 6.0157 9.0241 36.99
9.4741 6.2075 4.9355 17.88
7.2629 4.9985 9.0026 40.87
9.4853 5.7927 6.1840 23.69
7.4228 4.7254 9.0094 40.92
8.9715 5.0870 6.2690 25.64
6.5485 3.9218 9.0023 44.84
10.4728 7.0930 9.0135 31.28
5.4336 3.9690 9.0292 48.55
9.4953 5.9939 8.1676 31.32
5.5334 3.7433 8.9812 48.53
9.3454 5.4812 9.0042 35.21
4.6995 3.0277 8.7312 52.44
7.6286 4.2297 8.9927 41.05
9.4772 6.0334 5.7708 21.71
6.3523 4.3074 9.0042 44.75
10.8140 6.4065 9.0043 31.37
5.6357 3.6032 9.0214 48.61
8.7950 4.9051 9.0088 37.17
9.4696 4.7016 5.1464 19.98
7.2023 3.7882 8.9963 42.97
9.4761 5.7636 7.5957 29.46
6.0028 3.8876 8.9982 46.68
9.4102 5.3340 9.0064 35.25
4.7364 2.9461 8.7280 52.47
7.6970 4.1039 8.9988 41.06
9.4836 4.4285 5.9521 23.87
6.0622 3.0670 8.6959 46.85
10.0654 5.7928 8.9928 33.34
5.2637 3.2946 8.9920 50.54
8.2082 4.4446 8.9809 39.13
9.4883 4.5349 5.5453 21.93
6.7625 3.4570 9.0062 44.92
10.5344 4.6461 8.9795 33.46
5.1241 2.5131 8.9833 52.65
7.6287 4.2669 9.0069 41.05
9.4484 4.6491 5.9733 23.85
6.2625 3.3152 8.9941 46.82
9.7507 4.4469 8.9891 35.38
5.1147 2.5749 8.9942 52.62
7.4251 3.1966 8.9972 43.09
10.3048 5.2478 8.9932 33.42
5.2198 2.9116 8.7477 50.62
8.4069 4.0063 8.9964 39.21
9.4659 3.9594 5.8795 23.93
6.2670 2.8401 8.8193 46.92
9.0046 3.4983 8.7874 37.39
9.4427 4.4423 5.1040 20.01
7.2562 3.6241 8.9844 43.00
11.4058 4.9156 8.9945 31.57
5.7093 2.6939 8.6864 48.81
8.5907 3.4670 8.9895 39.28
9.4363 3.2836 5.7863 24.02
7.2417 2.6910 8.6939 43.17
11.3585 5.0250 8.9848 31.54
5.7802 2.7980 8.8046 48.80
8.5543 3.5473 8.9863 39.28
9.4640 3.4016 5.8112 24.01
6.5049 2.5423 8.9651 47.00
9.2462 3.0075 7.3858 31.71
6.1293 2.1736 8.9751 48.97
8.5251 3.6428 8.9905 39.28
9.4752 3.5150 5.8311 24.00
6.4989 2.6171 8.9801 46.98
9.0753 3.0627 7.2941 31.71
6.1084 2.2344 8.9689 48.95
9.0281 2.7012 7.6654 33.65
5.7521 1.8984 8.9807 50.90
7.7856 3.1246 8.7822 41.24
8.7314 3.0255 6.2391 27.87
7.0433 2.5948 8.9851 45.06
8.7364 2.6922 6.6164 29.86
6.6067 2.1904 8.9688 47.06
10.1755 2.7427 8.9640 35.63
3.0715 1.0412 5.8381 52.88
7.8807 2.9264 8.8133 41.28
9.1029 2.8773 5.9919 25.95
7.5929 2.5399 8.9792 43.22
11.8131 3.2507 8.9744 31.78
6.2021 1.9046 8.9778 49.00
9.4993 2.3287 8.9592 37.60
9.2202 2.9883 5.2624 22.11
7.8949 2.6933 8.2749 39.39
9.4258 2.6936 5.7282 24.12
8.1814 2.4675 8.9633 41.34
8.9123 2.2311 6.2469 27.99
6.6836 1.8325 8.9743 47.15
10.2390 2.1980 8.9463 35.71
3.0972 0.8647 5.8302 52.96
9.2039 2.8248 8.8056 37.50
9.4552 2.4245 5.3219 22.23
7.6903 2.1328 8.9864 43.30
11.8673 2.6161 8.9439 31.86
6.2584 1.5662 8.9765 49.10
9.5541 1.8213 8.9414 37.66
9.4458 2.5273 5.3173 22.18
7.6469 2.2094 8.9574 43.27
11.8855 2.7426 8.9654 31.84
6.2398 1.6301 8.9664 49.09
9.5624 1.9250 8.9554 37.63
9.4659 1.4666 5.2811 22.36
7.7715 1.3461 8.9529 43.43
11.8774 2.8615 8.9664 31.81
6.2437 1.7022 8.9848 49.07
9.5751 2.0272 8.9676 37.59
9.4357 1.5575 5.2707 22.34
7.7626 1.4245 8.9540 43.42
11.9630 1.5484 8.9315 31.97
6.3143 0.9913 8.9617 49.23
9.5525 2.1295 8.9721 37.62
9.4261 1.6526 5.2720 22.34
7.7774 1.5111 8.9745 43.40
11.0762 1.5792 8.9297 33.89
5.8711 1.0099 8.9591 51.13
7.6800 0.8944 7.8780 39.68
9.4396 1.7667 5.6711 24.23
7.2354 1.5098 8.9748 45.33
11.1012 1.6939 8.9553 33.89
5.8773 1.0787 8.9690 51.09
8.9177 1.1059 8.9049 39.64
9.4456 0.7219 5.6528 24.38
7.2666 0.6939 8.9376 45.46
11.0707 1.8048 8.9394 33.86
5.8731 1.1379 8.9702 51.07
8.8868 1.1895 8.8921 39.65
9.4510 0.8213 5.6555 24.37
6.7774 0.7416 8.9445 47.37
10.3398 0.5711 8.9421 35.92
3.1300 0.3341 5.8169 53.17
8.3650 1.2300 8.9679 41.55
7.5448 0.7898 5.7928 30.11
6.7849 0.8143 8.9531 47.34
10.3347 0.6736 8.9332 35.89
3.1276 0.3694 5.8078 53.12
8.9006 0.3027 8.8903 39.78
9.4625 1.0174 5.6604 24.34
7.2652 0.9247 8.9504 45.43
11.1223 0.8183 8.9431 33.99
5.8981 0.5997 8.9578 51.19
9.6243 0.4036 8.9456 37.86
9.4088 -0.0226 5.2618 22.56
8.8976 0.0681 8.8958 39.81
9.4416 0.7675 5.6494 24.37
7.2722 0.7306 8.9492 45.47
11.9600 0.5441 8.9174 32.08
6.3390 0.4402 8.9515 49.28
10.3202 0.1322 8.9294 35.95
3.1317 0.1929 5.8157 53.19
8.3111 -0.1316 8.9263 41.78
7.5628 0.4723 5.8033 30.17
6.8123 0.5242 8.9726 47.39
11.0934 0.2366 8.9202 34.02
5.9167 0.2814 8.9790 51.25
9.4607 -0.0980 8.8314 37.91
9.4351 -0.5134 5.6836 24.54
7.7486 -0.3098 8.9314 43.69
7.5405 0.2722 5.7939 30.21
6.7991 0.3416 8.9594 47.42
9.4384 -0.0317 7.3491 32.15
6.3035 0.1002 8.9319 49.39
9.5495 -0.3516 8.9212 37.95
9.4357 -0.7619 5.6993 24.57
7.7296 -0.5151 8.9353 43.72
11.9633 0.0376 8.9323 32.14
6.3224 0.1689 8.9514 49.38
9.4690 -0.2514 8.8394 37.90
9.4492 -0.6635 5.7007 24.57
7.7383 -0.4373 8.9396 43.73
11.7901 -1.2475 8.9097 32.26
6.2453 -0.5346 8.9389 49.51
9.4517 -0.1650 8.3159 35.99
3.1194 0.0846 5.8096 53.24
8.3137 -0.4048 8.9444 41.79
7.4773 -0.6782 5.8106 30.37
6.7123 -0.5246 8.9376 47.57
8.8171 -1.1027 8.9411 39.96
8.9075 -0.4188 6.2067 28.36
7.2617 -0.2385 8.9698 45.63
10.9836 -0.9157 8.9157 34.15
5.8592 -0.3542 8.9660 51.38
7.6780 -0.8457 8.9281 43.76
10.0903 -1.5718 8.9267 36.16
3.0695 -0.3680 5.8231 53.41
8.2793 -0.5383 8.9346 41.84
11.7742 -1.3106 8.9073 32.27
6.2524 -0.5756 8.9523 49.51
8.1967 -1.1447 8.9402 41.90
10.7645 -1.9823 8.8977 34.24
3.3102 -0.5079 5.8427 51.49
8.8544 -0.8294 8.9312 39.92
11.6866 -1.6132 8.8839 32.29
6.2103 -0.7382 8.9333 49.54
8.1303 -1.3553 8.9149 41.91
10.6497 -2.2526 8.8808 34.32
3.2826 -0.5984 5.8344 51.52
8.2452 -0.9752 8.9552 41.87
10.8151 -1.7647 8.9060 34.24
5.7706 -0.8286 8.9506 51.46
7.5421 -1.4473 8.9178 43.85
9.8793 -2.3472 8.9009 36.20
3.0199 -0.6280 5.8337 53.47
7.1033 -1.0016 8.9164 45.73
9.3146 -1.7383 8.9102 38.09
9.4164 -2.1811 5.8321 24.74
6.5350 -1.4084 8.9382 47.72
8.5190 -2.2363 8.9191 40.09
11.5987 -2.1038 8.9002 32.35
6.1765 -1.0069 8.9508 49.57
8.0463 -1.6990 8.9148 41.96
10.5476 -2.7068 8.8871 34.32
3.2152 -0.7383 5.8001 51.57
6.8592 -1.9610 8.9200 45.86
9.0252 -1.8368 8.7179 38.15
9.4364 -2.3450 5.8546 24.72
6.4829 -1.5119 8.9170 47.75
7.8996 -2.2008 8.9122 42.01
8.8721 -2.9015 6.0975 26.74
7.2830 -2.3088 8.9202 43.97
9.8887 -2.3044 8.8997 36.20
3.0290 -0.6123 5.8399 53.46
6.9005 -1.8187 8.9199 45.85
9.3611 -2.9341 7.6876 32.49
5.9320 -1.7783 8.9306 49.73
8.3101 -2.9309 7.4989 34.44
5.4766 -1.8623 8.9589 51.64
7.4336 -1.8912 8.9250 43.89
8.9369 -2.6690 8.8272 38.20
9.2039 -3.1824 5.4880 22.93
8.3285 -2.8171 8.9114 40.10
8.9040 -3.4416 6.2145 26.78
7.1242 -2.6868 8.9089 44.02
8.9440 -2.5747 8.8190 38.22
9.2126 -3.0839 5.4722 22.90
8.3331 -2.7232 8.9100 40.17
8.7255 -3.2638 6.0896 26.74
7.1617 -2.6164 8.9205 44.02
10.7745 -4.4793 8.8835 32.53
5.7068 -2.3056 8.9074 49.79
9.2930 -2.9551 8.6286 36.28
5.1392 -1.5492 8.9422 53.54
8.2479 -2.9404 8.9082 40.19
8.8170 -3.5660 6.1996 26.79
6.6237 -2.6121 8.9353 45.95
8.9326 -3.9679 8.6710 36.36
4.9005 -2.1211 8.9355 53.63
8.5521 -2.9597 8.6305 38.27
9.4300 -3.7192 5.6546 22.92
7.1035 -2.7269 8.9060 44.02
9.8952 -4.2902 8.8585 34.46
5.2880 -2.2311 8.9231 51.71
7.3635 -3.4840 8.9057 42.15
8.5742 -3.2577 6.4290 28.68
6.6531 -2.4675 8.9046 45.93
9.9542 -4.1890 8.8686 34.46
5.3213 -2.1774 8.9286 51.68
7.1180 -3.2816 8.6241 42.14
9.6001 -4.8964 8.8758 34.54
5.1304 -2.5731 8.9329 51.74
7.8959 -3.2011 8.7160 40.22
11.4079 -5.1728 8.8574 30.68
6.0329 -2.6843 8.9089 47.90
8.4092 -4.1656 8.9104 38.32
11.8366 -6.4583 8.8149 28.77
5.9391 -3.2012 8.5678 46.02
8.9685 -3.9375 8.6859 36.36
4.9127 -2.0947 8.9350 53.62
6.6780 -3.2022 8.7232 44.07
9.5179 -5.0546 8.8636 34.49
5.0622 -2.6459 8.9072 51.77
7.5432 -4.3490 8.8899 40.27
11.3612 -5.3827 8.8741 30.64
6.0041 -2.7863 8.9281 47.91
7.7294 -3.9815 8.8856 40.30
11.7210 -6.6384 8.8116 28.78
5.9104 -3.3120 8.6010 46.03
8.5093 -5.2215 8.8606 36.49
4.5383 -2.7621 8.9248 53.72
6.5534 -3.2780 8.6459 44.06
10.1570 -5.6040 8.8595 32.59
5.3975 -2.9393 8.9189 49.87
7.4717 -4.4718 8.8987 40.31
9.3964 -6.1431 7.0937 26.91
6.3323 -4.1107 8.8813 44.15
9.4789 -5.0940 8.8569 34.51
5.0667 -2.6876 8.9355 51.77
7.5104 -4.3905 8.8980 40.33
9.4129 -6.0193 6.5926 25.00
6.3885 -4.0531 8.9018 44.17
8.8146 -6.0767 8.8471 34.61
4.5304 -3.1171 8.6449 51.82
7.5471 -4.3064 8.8836 40.31
10.5363 -6.5577 8.8130 30.76
5.3285 -3.3015 8.5587 47.99
7.7319 -5.2083 8.8802 38.40
11.7591 -8.5798 8.7946 26.94
6.1128 -4.4534 8.9006 44.18
8.9207 -5.4198 8.6428 34.54
4.8722 -2.9385 8.8851 51.80
8.3713 -5.5198 8.8854 36.47
4.4401 -2.9115 8.9221 53.74
6.6009 -4.7080 8.8935 42.25
10.6217 -8.1801 8.7942 28.85
5.5818 -4.3017 8.8944 46.10
9.4286 -6.0940 8.0978 30.72
4.8368 -3.1079 7.9824 47.99
8.1958 -5.7212 8.8644 36.48
4.2079 -2.9309 8.6766 53.75
6.9417 -5.2343 8.8814 40.30
10.4381 -8.4821 8.8202 28.86
5.4684 -4.4551 8.9018 46.11
8.2441 -5.6283 8.8530 36.47
4.3306 -2.9423 8.8208 53.74
6.5029 -4.8014 8.8742 42.26
9.7059 -7.7282 8.8171 30.79
5.1298 -4.0930 8.8891 48.02
8.1070 -6.9563 8.8370 34.65
4.3194 -3.7307 8.9122 51.86
7.0332 -5.0773 8.8825 40.36
9.7788 -7.6143 8.8148 30.81
5.1706 -4.0401 8.8920 48.03
7.6288 -6.4132 8.8506 36.52
3.8699 -3.2728 8.6007 53.80
6.8792 -6.2365 8.8611 38.46
8.8712 -6.7933 6.1380 23.12
6.4256 -4.9056 8.8835 42.29
9.5921 -7.8813 8.8291 30.82
5.0629 -4.1825 8.8983 48.04
7.6126 -6.7587 7.9830 32.74
4.5728 -4.0772 8.9130 49.98
8.3246 -7.9452 8.8263 32.72
4.4176 -4.2541 8.9163 49.98
7.2236 -5.8256 8.8648 38.48
7.6112 -6.6338 5.6740 23.11
6.0937 -5.3061 8.8739 42.29
11.5436 -10.7510 8.7572 25.07
5.8962 -5.5325 8.8768 42.29
8.8975 -8.9371 7.2815 25.09
5.6812 -5.7373 8.8664 42.30
10.2389 -8.6906 8.8147 28.88
5.3475 -4.5648 8.8815 46.13
8.8957 -8.1298 8.6144 30.83
4.8248 -4.4487 8.8930 48.06
8.8254 -8.6838 8.8058 30.82
4.6550 -4.6254 8.8869 48.06
8.4701 -8.9562 8.7727 30.83
4.4893 -4.8108 8.9054 48.07
8.5676 -7.6807 8.8304 32.73
4.5576 -4.1124 8.9153 49.94
8.2866 -7.9899 8.8276 32.71
4.3915 -4.2761 8.9072 49.97
7.9776 -8.2795 8.8307 32.76
4.2306 -4.4453 8.9131 49.98
7.6708 -8.5741 8.8229 32.73
4.0415 -4.5873 8.8868 50.00
8.3505 -7.8921 8.8202 32.73
4.4392 -4.2315 8.9074 49.95
8.0664 -8.1977 8.8209 32.72
4.2632 -4.3848 8.8891 49.97
7.7349 -8.4623 8.8089 32.77
4.0933 -4.5439 8.8856 49.98
7.4427 -8.7725 8.8214 32.73
3.9228 -4.7052 8.8980 50.00
8.1511 -8.1197 8.8302 32.74
4.3146 -4.3441 8.8936 49.95
7.8389 -8.3971 8.8117 32.72
4.1436 -4.5014 8.8897 49.98
7.5246 -8.6794 8.8122 32.74
3.9795 -4.6672 8.9037 49.98
7.4929 -9.2931 8.5426 30.86
4.0795 -5.1560 8.8876 48.07
8.5359 -8.9560 8.7924 30.80
4.4981 -4.7735 8.8833 48.07
7.9259 -8.9396 8.5516 30.86
4.3156 -4.9480 8.8888 48.08
7.6589 -9.3102 8.6020 30.82
4.1377 -5.1168 8.8977 48.07
8.1223 -10.6117 8.7752 28.91
4.2270 -5.6317 8.8752 46.16
7.6065 -8.4191 7.6663 28.91
4.6776 -5.2378 8.8668 46.16
7.8413 -9.3249 8.1217 28.89
4.4916 -5.4234 8.8843 46.17
8.9335 -11.4014 8.7647 27.01
4.6061 -5.9891 8.8794 44.23
8.9824 -12.3510 8.5223 25.10
4.6979 -6.5818 8.8622 42.32
9.3939 -10.9191 8.1131 25.08
5.2498 -6.1769 8.8993 42.35
9.4123 -11.7620 7.7952 23.14
5.3588 -6.7891 8.8588 40.44
9.1583 -12.3292 7.3119 21.24
5.4872 -7.4854 8.8428 38.48
8.5088 -12.3665 6.5954 19.33
5.5997 -8.2395 8.8299 36.55
2.8991 -4.4119 8.8467 53.82
6.2656 -7.7397 8.8369 36.55
3.2982 -4.1651 8.9108 53.82
6.4278 -8.5453 8.8328 34.67
3.3830 -4.6127 8.9030 51.88
6.4240 -9.2131 8.6491 32.77
3.4530 -5.0800 8.9004 50.00
5.8781 -9.1228 7.8783 30.83
3.5118 -5.5883 8.8990 48.07
8.1867 -10.5915 8.7891 28.91
4.2435 -5.6057 8.8658 46.16
8.4427 -11.7594 8.7550 27.00
4.3335 -6.1684 8.8569 44.23
8.2022 -12.3396 8.2928 25.06
4.4155 -6.7927 8.8691 42.31
7.5750 -12.3300 6.9590 21.23
4.7943 -7.9549 8.8373 38.48
9.0563 -12.3462 6.7010 19.32
5.8421 -8.0525 8.8244 36.55
2.9719 -4.2187 8.6917 53.82
5.9644 -8.8652 8.8171 34.66
3.1228 -4.7875 8.8867 51.88
6.5674 -10.5247 8.8036 30.83
3.4166 -5.6414 8.8888 48.07
7.1314 -12.3486 8.6345 26.99
3.6956 -6.5898 8.8565 44.23
8.5820 -12.3593 8.4073 25.08
4.5425 -6.6772 8.8576 42.35
7.9347 -12.3428 7.0364 21.22
4.9635 -7.8546 8.8429 38.48
7.2800 -12.2937 5.7999 17.42
5.2217 -8.9463 8.5793 34.64
2.8157 -5.0035 8.9072 51.89
5.9015 -10.9084 8.7910 30.82
2.9655 -5.7074 8.6917 48.06
7.3416 -11.2110 8.7890 28.91
3.7886 -5.9482 8.8740 46.16
7.4651 -12.3243 8.0931 25.05
4.1189 -6.9763 8.8615 42.31
6.8820 -12.3491 6.8243 21.22
4.4658 -8.1717 8.8455 38.46
6.2933 -12.2969 5.1311 15.49
4.5807 -9.1241 7.9581 32.71
2.6868 -5.5584 8.9006 49.98
7.0261 -11.3659 8.7642 28.91
3.6281 -6.0498 8.8704 46.16
7.0388 -12.3371 7.9936 25.04
3.9273 -7.0767 8.8484 42.31
6.4555 -12.3303 6.7354 21.21
4.2458 -8.2825 8.8358 38.46
5.8899 -12.2868 5.0755 15.49
4.9209 -10.4170 8.7948 32.70
2.5376 -5.6338 8.8982 49.97
6.7316 -11.5521 8.7643 28.90
3.4749 -6.1635 8.8904 46.17
6.6220 -12.3457 7.8988 25.03
3.7449 -7.1927 8.8566 42.30
6.0450 -12.3145 6.1191 19.28
3.1182 -6.5988 6.8362 36.55
2.2274 -4.8764 8.9057 53.76
3.1142 -7.2098 6.0630 30.80
2.5700 -6.0935 8.8693 48.03
6.7770 -12.3456 8.5430 27.00
3.5567 -6.6887 8.8637 44.20
6.2032 -12.3058 6.6766 21.20
4.1102 -8.3436 8.8291 38.46
5.6681 -12.3230 5.0560 15.48
4.7620 -10.4990 8.8074 32.74
2.4495 -5.6804 8.8998 49.96
5.1144 -12.3216 7.5826 25.05
2.9328 -7.3553 8.6552 42.27
6.3531 -12.3103 6.1675 19.28
4.5158 -8.9043 8.8237 36.53
2.3212 -4.8092 8.8912 53.79
3.0126 -6.6317 5.7206 30.77
2.6926 -6.0346 8.8694 48.04
5.2628 -12.3242 7.6090 25.04
3.0912 -7.5208 8.8507 42.27
4.7568 -12.3083 5.4244 17.34
3.4136 -9.0848 8.1004 34.63
1.7714 -5.0848 8.9080 53.76
3.0655 -6.5816 5.7105 30.78
2.5596 -5.6078 8.8734 49.94
5.4183 -12.3396 8.2161 26.97
2.9197 -6.9408 8.7989 44.19
4.8828 -12.2903 5.9334 19.25
3.4557 -8.9352 8.5026 36.50
1.8266 -5.0581 8.9090 53.78
4.3686 -12.3332 8.5626 28.83
2.2520 -6.7555 8.8726 46.08
5.5763 -12.3429 7.1251 23.13
3.4833 -7.9504 8.8334 40.39
5.0364 -12.2664 4.9640 15.46
4.3227 -10.6988 8.7918 32.68
2.2064 -5.7955 8.8994 49.93
4.5191 -12.3271 7.4707 25.02
2.6969 -7.6984 8.8577 42.25
4.0335 -12.2891 4.8629 15.43
3.5438 -11.0329 8.8038 32.65
1.7636 -5.9465 8.8758 49.92
5.1801 -12.3296 7.5921 25.03
2.9647 -7.3453 8.6671 42.30
4.6614 -12.2869 5.4136 17.36
3.3882 -9.1718 8.1420 34.60
1.8883 -5.4590 8.8851 51.82
4.1722 -12.3675 7.4284 25.01
2.4975 -7.7832 8.8641 42.23
3.6768 -12.2684 4.8230 15.42
3.2523 -11.1134 8.7903 32.64
1.6119 -6.0207 8.9002 49.90
4.8124 -12.3296 7.5333 25.06
2.8553 -7.6224 8.8493 42.26
4.3053 -12.2927 5.3606 17.31
3.4873 -10.1963 8.8245 34.59
1.7495 -5.5288 8.9106 51.84
3.8132 -12.3524 7.3673 25.01
2.2842 -7.8210 8.8374 42.24
3.3289 -12.2773 4.7872 15.38
2.9644 -11.1651 8.7757 32.66
1.4507 -6.0614 8.8864 49.88
4.4522 -12.3477 7.4760 25.05
2.6485 -7.6859 8.8314 42.25
3.9422 -12.2661 4.8453 15.42
3.4878 -11.0289 8.7979 32.68
1.7286 -5.9640 8.8807 49.91
3.4590 -12.3164 6.7602 23.02
2.2492 -8.4335 8.8220 40.30
2.9943 -12.2671 3.8534 11.56
2.9641 -12.3275 8.3056 28.76
1.5276 -6.9841 8.8669 46.05
4.0832 -12.3056 5.8402 19.26
2.9528 -9.1972 8.5511 36.50
1.5173 -5.1731 8.8988 53.75
3.5712 -12.3030 7.8350 26.87
1.9979 -7.3661 8.8495 44.12
3.1331 -12.2843 4.7702 15.36
2.7887 -11.2494 8.7828 32.61
1.3526 -6.0892 8.8829 49.86
2.6527 -12.3247 6.1742 21.10
1.8047 -8.9269 8.5946 38.33
3.7440 -12.2741 3.9071 11.59
3.7162 -12.3194 8.4335 28.82
1.9274 -6.8848 8.8859 46.06
3.2653 -12.3202 5.2575 17.26
2.6747 -10.4275 8.7920 34.55
1.2990 -5.6631 8.8881 51.79
2.7688 -12.2797 6.6593 22.99
1.8080 -8.5647 8.8235 40.27
2.3295 -12.2116 3.3668 9.61
2.2998 -12.3280 7.6718 26.82
1.2631 -7.5633 8.8521 44.09
3.3813 -12.2666 5.2550 17.28
2.7889 -10.4171 8.8031 34.53
1.3540 -5.6412 8.8732 51.77
2.9124 -12.3387 6.7068 23.02
1.8957 -8.5481 8.8288 40.28
2.4739 -12.2638 3.3745 9.59
2.4288 -12.3275 7.6913 26.85
1.3425 -7.5561 8.8590 44.09
2.0118 -12.2888 4.2414 13.40
1.9650 -12.3303 8.7365 30.63
0.8831 -6.6601 8.8758 47.89
3.0405 -12.2925 5.7170 19.22
2.2033 -9.3356 8.4789 36.47
1.0987 -5.3074 8.8984 53.70
2.5612 -12.3044 7.1639 24.92
1.5426 -8.0608 8.8541 42.19
2.1330 -12.2537 3.7985 11.50
2.0945 -12.3162 8.1856 28.73
1.0434 -7.0851 8.8510 46.01
1.6850 -12.2702 4.2193 13.38
1.6387 -12.3363 8.7021 30.61
0.7064 -6.6847 8.8663 47.87
2.7072 -12.3035 5.6879 19.20
2.0695 -9.8599 8.8262 36.45
0.9552 -5.3371 8.8869 53.69
2.2416 -12.3263 6.6286 22.99
1.4501 -8.6677 8.8353 40.24
1.8261 -12.2821 3.3480 9.55
1.7727 -12.3431 7.6260 26.81
0.9443 -7.6334 8.8518 44.05
1.3556 -12.2198 3.7508 11.44
1.3116 -12.3228 8.1077 28.68
0.5996 -7.1936 8.8662 45.92
2.3850 -12.2605 4.7062 15.33
2.1477 -11.4248 8.7915 32.59
0.9954 -6.1893 8.8863 49.81
1.9212 -12.3258 5.6289 19.16
1.4618 -10.0019 8.8214 36.39
0.6172 -5.4178 8.8924 53.64
1.4601 -12.2793 6.0608 21.06
0.9369 -8.9608 8.4851 38.29
1.0653 -12.2334 2.4694 5.70
1.0145 -12.2955 6.5226 22.94
0.5882 -8.8433 8.8528 40.16
2.0712 -12.2498 3.3463 9.53
2.0301 -12.3265 7.6415 26.81
1.0964 -7.6006 8.8456 44.05
1.6205 -12.2667 3.7774 11.48
1.5664 -12.3289 8.1417 28.72
0.6737 -6.7160 8.8923 47.86
1.1630 -12.2344 4.6264 15.25
1.0202 -11.6496 8.7902 32.50
0.3709 -6.2972 8.8846 49.75
0.7173 -12.2716 4.6231 15.25
0.6096 -11.6918 8.7916 32.50
0.1383 -6.3069 8.8689 49.74
1.7160 -12.2715 5.5953 19.15
1.2978 -10.0323 8.8258 36.40
0.5288 -5.4493 8.9057 53.60
1.2716 -12.2739 6.0423 21.03
0.7955 -8.9807 8.4817 38.27
0.8819 -12.2071 2.0432 3.77
0.8222 -12.2909 6.0263 21.02
0.4688 -9.0107 8.4726 38.25
0.4527 -12.2271 2.0321 3.72
0.3833 -12.2881 5.9989 20.96
0.1536 -9.1822 8.5767 38.19
1.4397 -12.2443 2.4802 5.72
1.3843 -12.2849 6.5395 22.95
0.8596 -8.7970 8.8391 40.16
0.9712 -12.0426 2.8591 7.59
0.9360 -12.3278 7.0263 24.82
0.4773 -8.2466 8.8433 42.09
0.5390 -12.0374 2.8459 7.55
0.4948 -12.3231 7.0087 24.83
0.1780 -8.2953 8.8588 42.06
0.1125 -12.0384 2.8356 7.52
0.0543 -12.3076 6.9787 24.78
-0.1233 -8.3115 8.8500 42.01
1.1072 -12.2222 3.3040 9.47
1.0548 -12.3091 7.5442 26.75
0.4963 -7.7014 8.8505 44.01
0.6664 -12.2277 3.2950 9.46
0.6047 -12.3267 7.5271 26.73
0.2153 -7.7569 8.8677 43.96
0.2353 -12.2226 3.2857 9.44
0.1648 -12.3150 7.5002 26.70
-0.0623 -7.7688 8.8610 43.94
-0.1949 -12.0230 2.8274 7.49
-0.2621 -12.2990 6.9659 24.75
-0.3402 -8.3259 8.8548 41.99
0.7808 -12.0678 2.8527 7.55
0.7454 -12.3139 7.0220 24.86
0.3516 -8.2824 8.8581 42.06
0.3533 -12.0541 2.8463 7.55
0.2982 -12.3179 6.9881 24.78
0.0467 -8.3018 8.8548 42.04
-0.0768 -12.0240 2.8304 7.51
-0.1399 -12.3065 6.9772 24.78
-0.2555 -8.3137 8.8503 42.01
-0.4991 -12.2158 2.4347 5.58
-0.5686 -12.2769 6.4563 22.82
-0.5683 -8.9098 8.8428 40.04
0.4919 -12.2255 2.4525 5.65
0.4289 -12.2974 6.4897 22.88
0.1703 -8.8866 8.8439 40.09
0.0537 -12.2235 2.4430 5.61
-0.0096 -12.3118 6.4769 22.84
-0.1511 -8.8816 8.8308 40.09
-0.3656 -12.2248 2.0202 3.67
-0.4425 -12.3168 5.9934 20.92
-0.4742 -9.2273 8.5937 38.15
-0.7965 -12.2115 1.5916 1.69
-0.8688 -12.2750 5.4900 18.92
-0.8504 -10.1893 8.8059 36.21
-0.6637 -5.5249 8.8876 53.41
0.1254 -12.2727 5.5152 19.04
-0.0125 -10.1803 8.8152 36.29
-0.2022 -5.5128 8.8863 53.52
-0.3001 -12.2821 5.0473 17.08
-0.3760 -10.9544 8.8049 34.31
-0.3999 -5.9190 8.8743 51.56
-0.7229 -12.2448 4.5747 15.11
-0.7962 -11.7963 8.8011 32.35
-0.6318 -6.3350 8.8583 49.61
-1.1543 -12.2336 4.1316 13.17
-1.2397 -12.3325 8.5691 30.40
-0.8955 -6.7889 8.8694 47.66
-0.1556 -12.2502 3.7181 11.36
-0.2252 -12.3136 8.0167 28.58
-0.3189 -7.2721 8.8661 45.83
-0.5847 -12.2460 3.2721 9.37
-0.6651 -12.3225 7.4845 26.64
-0.5989 -7.7959 8.8680 43.86
-0.9985 -12.0362 2.8176 7.43
-1.0898 -12.3146 6.9714 24.70
-0.9074 -8.3196 8.8539 41.93
-1.4191 -12.2209 2.0003 3.57
-1.5102 -12.2707 5.9690 20.81
-1.2843 -9.2116 8.5901 38.04
-0.4287 -12.2214 1.6049 1.75
-0.5043 -12.2966 5.5095 18.99
-0.5407 -10.2052 8.8148 36.23
-0.4960 -5.5339 8.8962 53.44
-0.9278 -12.2480 5.0324 17.05
-0.9437 -10.9673 8.8126 34.26
-0.7140 -5.9234 8.8773 51.49
-1.3535 -12.2678 4.5784 15.06
-1.4033 -11.7515 8.7826 32.30
-0.9687 -6.3447 8.8850 49.55
-1.7828 -12.2191 3.6902 11.19
-1.8744 -12.2992 8.0212 28.44
-1.2811 -7.0686 8.6823 45.66
-0.7704 -12.2017 3.2571 9.33
-0.8512 -12.3240 7.4814 26.61
-0.7209 -7.7875 8.8662 43.86
-1.1841 -12.0217 2.8165 7.42
-1.2868 -12.3204 6.9730 24.67
-1.0398 -8.3238 8.8537 41.88
-1.6140 -12.2087 2.0004 3.56
-1.7050 -12.2605 5.9748 20.82
-1.4086 -8.9874 8.4281 38.04
-2.0410 -12.1838 1.1532 -0.34
-2.1283 -12.2696 5.0469 16.93
-2.0104 -10.9003 8.8098 34.15
-1.2869 -5.7375 8.6971 51.37
-1.1092 -12.2671 4.5786 15.08
-1.1605 -11.7679 8.7933 32.34
-0.8374 -6.3577 8.8868 49.55
-1.5303 -12.2465 3.6951 11.21
-1.6222 -12.2920 8.0042 28.44
-1.1571 -7.2483 8.8640 45.72
-1.9244 -12.0080 2.8072 7.34
-2.0452 -12.2925 6.9833 24.62
-1.5603 -8.2843 8.8637 41.85
-2.3595 -12.1672 1.9854 3.48
-2.4695 -12.2606 5.9923 20.72
-1.9784 -9.0071 8.4859 37.95
-1.3575 -12.2110 1.1700 -0.26
-1.4379 -12.2634 5.0264 16.95
-1.3970 -10.9389 8.8090 34.23
-0.9695 -5.9175 8.8836 51.44
-1.8553 -12.2307 4.1299 13.10
-1.9565 -12.3250 8.5957 30.35
-1.2657 -6.5918 8.6836 47.59
-2.2794 -12.2379 3.2642 9.23
-2.3817 -12.2867 7.5088 26.48
-1.6908 -7.7148 8.8642 43.72
-2.7043 -12.1981 2.4117 5.38
-2.8039 -12.2682 6.5048 22.62
-2.1851 -8.7628 8.8270 39.84
-1.6777 -12.2149 1.5836 1.65
-1.7676 -12.2686 5.5024 18.88
-1.5994 -10.1678 8.8182 36.13
-1.0826 -5.4935 8.8864 53.36
-2.1883 -12.2435 4.5835 14.99
-2.1887 -11.7195 8.8061 32.24
-1.4098 -6.3086 8.8961 49.49
-2.6145 -12.2282 3.7039 11.13
-1.8793 -7.9833 5.6981 28.36
-1.7977 -7.1694 8.8648 45.64
-2.9969 -12.0210 2.8097 7.24
-3.1512 -12.2987 7.0451 24.50
-1.9198 -6.6152 7.4301 41.73
-2.0059 -12.2061 1.9950 3.53
-2.1024 -12.3009 5.9953 20.76
-1.6981 -8.9897 8.4485 37.99
-2.4169 -12.1708 1.1386 -0.40
-2.5242 -12.2863 5.0623 16.89
-2.3561 -10.8271 8.7920 34.12
-1.4969 -5.8527 8.8835 51.36
-2.9457 -12.2361 4.1545 13.02
-1.9561 -7.3254 5.6915 30.25
-1.7980 -6.2187 8.8598 49.40
-3.4028 -12.2400 3.7172 11.04
-3.5158 -12.3054 8.1474 28.28
-2.2527 -7.1014 8.8707 45.51
-2.3125 -12.0327 2.8084 7.30
-2.4352 -12.2869 6.9892 24.55
-1.8166 -8.2350 8.8433 41.79
-2.7755 -12.2390 1.9843 3.43
-2.8636 -12.2754 6.0225 20.71
-2.2798 -9.0180 8.5325 37.92
-3.2019 -12.2163 1.1315 -0.43
-3.3002 -12.2512 5.0664 16.75
-1.9607 -6.4598 5.8349 34.07
-1.8718 -5.7889 8.8875 51.28
-3.7399 -12.2439 4.1798 12.93
-3.8649 -12.3258 8.7636 30.15
-2.3160 -6.5887 8.8790 47.41
-2.6730 -12.2351 3.2673 9.19
-2.7731 -12.2795 7.5272 26.44
-1.9415 -7.6833 8.8663 43.67
-3.1097 -12.2322 2.4083 5.32
-3.2135 -12.2894 6.5337 22.56
-2.4672 -8.7443 8.8554 39.81
-3.5341 -12.1948 1.5504 1.46
-3.6540 -12.2838 5.5775 18.67
-3.1169 -9.9469 8.8329 35.97
-1.9264 -5.3738 8.9173 53.18
-4.1041 -12.2718 4.6640 14.82
-3.9311 -11.3851 8.8031 32.07
-2.3570 -6.1021 8.8802 49.31
-3.0105 -12.2398 3.7165 11.11
-3.1224 -12.3199 8.1179 28.33
-1.9210 -6.6138 8.8117 47.48
-3.4485 -12.1914 3.2680 9.11
-3.5864 -12.3258 7.6225 26.37
-2.4229 -7.5837 8.8615 43.59
-3.8946 -12.1947 2.4026 5.23
-4.0229 -12.3100 6.6013 22.46
-3.0041 -8.5975 8.8359 39.73
-4.3380 -12.1741 1.5359 1.37
-4.4648 -12.2579 5.6266 18.58
-3.7482 -9.8119 8.8359 35.83
-2.2649 -5.2816 8.9129 53.08
-3.3549 -12.2339 4.6199 14.90
-3.2877 -11.5482 8.8003 32.10
-2.0024 -6.1939 8.8827 49.38
-3.8018 -12.2409 3.7343 11.02
-3.9345 -12.3254 8.2090 28.25
-2.4820 -7.0443 8.8762 45.50
-4.1794 -11.9995 2.8202 7.12
-4.3693 -12.2696 7.1535 24.40
-3.0624 -7.9957 8.8689 41.62
-4.6895 -12.1920 1.9734 3.27
-4.8290 -12.2559 6.1659 20.51
-3.7092 -8.9228 8.7249 37.73
-3.5971 -12.1856 1.1213 -0.47
-3.7167 -12.2793 5.1037 16.74
-3.3663 -10.6479 8.8032 34.02
-2.0651 -5.7693 8.9142 51.22
-4.1464 -12.2166 4.1829 12.86
-4.2693 -12.2545 8.7803 30.11
-2.5294 -6.5436 8.8887 47.37
-4.6019 -12.2160 3.3005 9.00
-4.7478 -12.2974 7.7468 26.26
-3.0900 -7.4057 8.8672 43.49
-5.0808 -12.2344 2.4234 5.15
-5.1999 -12.2616 6.7229 22.39
-3.7713 -8.3760 8.8429 39.61
-3.9339 -12.1665 1.5467 1.43
-4.0706 -12.2777 5.6122 18.66
-3.4364 -9.8667 8.8235 35.90
-2.0996 -5.3204 8.8980 53.11
-4.5128 -12.2352 4.6778 14.78
-4.2957 -11.3070 8.8079 32.00
-2.5644 -6.0630 8.8925 49.22
-4.9780 -12.2306 3.7752 10.90
-5.1187 -12.3084 8.3665 28.13
-3.1057 -6.8621 8.8852 45.40
-5.3593 -12.0107 2.8445 7.01
-5.5982 -12.3031 7.3233 24.25
-3.7655 -7.7539 8.8585 41.49
-4.2956 -12.1864 1.9753 3.31
-4.4260 -12.2682 6.1286 20.54
-3.4059 -8.9164 8.6518 37.77
-4.7443 -12.1791 1.0826 -0.63
-4.8687 -12.2228 5.1737 16.66
-4.3169 -10.4255 8.8238 33.89
-2.5720 -5.6005 8.8968 51.13
-5.3441 -12.2291 4.2593 12.79
-5.3453 -11.9405 8.7947 30.02
-3.1115 -6.3524 8.8871 47.24
-5.8359 -12.2283 3.3537 8.92
-5.9848 -12.2814 7.9296 26.12
-3.7466 -7.1702 8.8734 43.39
-4.6468 -12.1851 2.4147 5.19
-4.7867 -12.2671 6.6719 22.42
-3.5143 -8.4824 8.8513 39.62
-5.1150 -12.1701 1.5263 1.30
-5.2634 -12.2650 5.7116 18.55
-4.1532 -9.2512 8.5472 35.78
-2.5760 -5.1710 8.9098 53.02
-5.7383 -12.2703 4.7676 14.64
-5.2997 -10.9704 8.8095 31.88
-3.1028 -5.8725 8.9017 49.13
-6.2394 -12.2427 3.8379 10.76
-6.4029 -12.3172 8.6082 28.01
-3.7210 -6.6352 8.8860 45.23
-4.9537 -12.0247 2.8361 7.04
-5.1601 -12.2872 7.2508 24.28
-3.5128 -7.8270 8.8423 41.53
-5.4973 -12.1989 1.9676 3.17
-5.6270 -12.2540 6.2575 20.44
-4.3021 -8.9066 8.8643 37.65
-5.9699 -12.1668 1.0607 -0.70
-6.1311 -12.2605 5.2818 16.48
-5.2256 -10.0736 8.8208 33.79
-3.0775 -5.4089 8.8985 51.00
-6.6450 -12.2287 4.8431 14.58
-5.9766 -10.6916 8.8200 31.82
-3.4757 -5.7122 8.9108 49.06
-5.4167 -12.2363 3.7903 10.83
-5.5700 -12.3175 8.4471 28.08
-3.3221 -6.7656 8.8697 45.37
-5.8162 -12.0393 2.8616 6.97
-6.0628 -12.3042 7.3929 24.20
-4.0179 -7.6640 8.8707 41.46
-6.3880 -12.2015 1.9732 3.11
-6.5440 -12.2470 6.3755 20.35
-4.8474 -8.6528 8.8490 37.58
-6.9218 -12.1900 1.4975 1.11
-7.0853 -12.2566 5.9126 18.34
-5.3866 -8.9270 8.6793 35.62
-3.2274 -4.8932 8.9129 52.82
-5.8208 -12.2660 4.7736 14.63
-5.3489 -10.9288 8.8030 31.90
-3.1318 -5.8489 8.8840 49.10
-6.2944 -12.2041 3.8337 10.75
-6.4901 -12.3230 8.6249 27.99
-3.7555 -6.6048 8.8811 45.26
-6.8234 -12.2043 3.3860 8.79
-7.0217 -12.3048 8.1417 26.04
-4.2428 -6.9604 8.8807 43.28
-7.3777 -12.2106 2.9300 6.82
-7.5757 -12.3095 7.6727 24.08
-4.7855 -7.3309 8.8898 41.31
-6.0942 -12.1922 1.9720 3.13
-6.2646 -12.2917 6.3468 20.36
-4.6700 -8.7375 8.8506 37.59
-6.6108 -12.1797 1.5056 1.16
-6.7866 -12.2721 5.8880 18.40
-5.1441 -8.9233 8.5977 35.63
-3.1204 -4.9361 8.9062 52.87
-7.3172 -12.2533 5.4110 16.37
-6.0253 -9.7364 8.8395 33.68
-3.5128 -5.2126 8.9133 50.89
-7.9077 -12.2801 4.9850 14.46
-6.0519 -9.0604 7.9345 31.71
-3.9242 -5.4705 8.9033 48.95
-6.5445 -12.2256 3.8619 10.77
-6.7096 -12.2890 8.6605 27.98
-3.8646 -6.5609 8.8832 45.22
-7.0841 -12.2225 3.3998 8.76
-7.2706 -12.2973 8.1816 25.99
-4.3625 -6.9061 8.8800 43.23
-7.6273 -12.1995 2.9386 6.80
-7.8274 -12.2937 7.7226 24.07
-4.8884 -7.2411 8.8672 41.30
-8.1988 -12.1848 2.4713 4.86
-8.3875 -12.2503 7.2353 22.09
-5.4892 -7.6082 8.8673 39.31
-6.8742 -12.1996 1.9695 3.04
-7.0487 -12.2772 6.4537 20.29
-5.1235 -8.5202 8.8477 37.53
-7.4360 -12.2182 1.4902 1.06
-7.6068 -12.2735 6.0009 18.33
-5.7573 -8.9340 8.7885 35.52
-3.3920 -4.8119 8.9342 52.83
-8.1735 -12.2634 5.5217 16.29
-6.3850 -9.2295 8.6553 33.61
-3.7929 -5.0601 8.9182 50.81
-8.7576 -12.2236 5.0704 14.39
-7.3556 -9.9724 8.8257 31.63
-4.2135 -5.2919 8.8997 48.87
-7.3734 -12.2413 4.4117 12.59
-6.9649 -11.2887 8.8192 29.84
-3.9784 -5.9690 8.9001 47.07
-7.9253 -12.2195 3.9462 10.60
-7.9373 -11.9850 8.7965 27.84
-4.2008 -5.8548 8.9061 47.01
-8.5527 -12.2333 4.0029 10.57
-8.3914 -11.7655 8.8176 27.79
-4.6790 -6.1250 8.8950 45.07
-9.1830 -12.2119 4.0462 10.50
-8.8178 -11.4833 8.8081 27.74
-4.9160 -5.9912 8.8979 44.97
-7.7341 -12.2023 3.4254 8.67
-7.9310 -12.2807 8.3236 25.95
-4.6575 -6.7546 8.8921 43.20
-8.3375 -12.2289 2.9736 6.75
-8.5342 -12.2865 7.8584 23.97
-5.2072 -7.0811 8.8848 41.23
-8.9292 -12.1719 2.9894 6.69
-9.1782 -12.2945 8.0177 23.96
-5.4681 -6.9157 8.8835 41.18
-9.5728 -12.1559 3.0168 6.63
-6.7903 -8.3048 5.9451 23.88
-5.7301 -6.7514 8.8887 41.11
-8.1255 -12.1910 2.4697 4.86
-8.3423 -12.2891 7.2361 22.09
-5.4560 -7.6386 8.8672 39.29
-8.6999 -12.1430 1.9757 2.88
-8.9281 -12.2633 6.7706 20.14
-6.1065 -8.0053 8.8673 37.36
-9.3833 -12.2074 1.9867 2.84
-9.6018 -12.2645 6.8987 20.09
-6.4104 -7.8224 8.8792 37.31
-10.0418 -12.1862 1.9863 2.77
-10.2882 -12.2554 7.0249 20.01
-6.6876 -7.6111 8.8630 37.23
-8.5168 -12.1645 1.4836 1.00
-8.7509 -12.2755 6.1739 18.23
-6.4094 -8.6364 8.8515 35.47
-3.7291 -4.6128 8.9194 52.67
-9.3893 -12.2528 6.2743 18.18
-6.7390 -8.4606 8.8550 35.36
-3.8897 -4.4863 8.9131 52.67
-10.0606 -12.2466 6.3781 18.08
-7.0351 -8.2228 8.8560 35.38
-4.0722 -4.3804 8.9316 52.59
-10.3837 -11.7738 6.3077 18.03
-7.3569 -8.0120 8.8662 35.31
-4.2353 -4.2568 8.9259 52.51
-9.2152 -12.2734 6.2494 18.19
-6.6505 -8.5081 8.8659 35.44
-3.8537 -4.5304 8.9265 52.66
-9.8760 -12.2497 6.3562 18.13
-6.9612 -8.3038 8.8606 35.35
-4.0111 -4.4004 8.9050 52.60
-10.3791 -12.0086 6.3709 18.05
-7.2651 -8.0750 8.8678 35.34
-4.1902 -4.2889 8.9296 52.55
-10.3705 -11.1432 6.7114 19.93
-7.0874 -7.2972 8.8594 37.15
-9.4503 -12.1541 1.9782 2.81
-9.7136 -12.2772 6.9199 20.06
-6.4446 -7.7769 8.8628 37.29
-10.1427 -12.1602 1.9786 2.73
-10.3778 -12.2290 7.0275 19.97
-6.7311 -7.5739 8.8553 37.21
-10.3878 -11.5853 1.9594 2.71
-10.3669 -11.3692 6.7754 19.94
-7.0055 -7.3541 8.8597 37.19
-10.4169 -10.8136 2.4102 4.54
-10.3828 -10.5743 7.1200 21.82
-6.8586 -6.6694 8.8968 39.04
-9.9905 -12.2002 2.5094 4.67
-10.2349 -12.2741 7.6259 21.92
-6.2392 -7.1104 8.8613 39.15
-10.4092 -11.8412 2.4948 4.62
-10.3952 -11.6112 7.4536 21.89
-6.5241 -6.9292 8.8915 39.12
-10.1914 -10.7598 2.9019 6.49
-10.3624 -10.7486 7.7496 23.74
-6.3720 -6.2690 8.8857 40.93
-10.3710 -10.1822 3.3492 8.37
-9.2175 -8.8326 7.2858 25.59
-6.1903 -5.6352 8.8833 42.85
-10.3926 -12.0027 3.5869 8.50
-6.7975 -7.5326 6.0655 25.69
-5.7050 -6.0820 8.9018 42.94
-10.3815 -11.1453 3.9861 10.33
-8.7028 -9.0924 7.7447 27.56
-5.5717 -5.4886 8.8908 44.80
-10.4031 -10.3771 4.3840 12.21
-9.4765 -9.2272 8.6250 29.42
-5.4396 -4.9599 8.9065 46.67
-10.3599 -9.6052 4.7366 14.07
-9.3959 -8.5077 8.8535 31.28
-5.2943 -4.4614 8.9115 48.52
-10.3746 -11.3228 5.0866 14.19
-8.4106 -8.9046 8.6473 31.41
-4.8881 -4.8135 8.9123 48.68
-10.3823 -10.5322 5.4457 16.03
-8.3692 -8.2181 8.8630 33.31
-4.7621 -4.3341 8.9034 50.52
-10.3594 -9.7532 5.7837 17.90
-8.1075 -7.3767 8.8622 35.16
-4.6412 -3.8930 8.9159 52.36
-10.1328 -8.8643 6.0143 19.75
-7.8705 -6.6377 8.8905 37.01
-10.3853 -10.8793 2.4236 4.58
-10.3842 -10.6730 7.1459 21.81
-6.7965 -6.6672 8.8583 39.03
-10.1779 -9.8954 2.8152 6.44
-9.3355 -8.8618 6.8188 23.67
-6.6500 -6.0370 8.9073 40.91
-10.1261 -9.1447 3.1958 8.29
-10.0255 -8.8793 7.5637 25.53
-6.4596 -5.4266 8.9047 42.75
-10.3717 -8.7259 3.6288 10.15
-10.3471 -8.5300 8.1051 27.39
-6.2586 -4.8601 8.9056 44.62
-10.3577 -10.2115 4.3473 12.20
-9.5656 -9.2221 8.6589 29.43
-5.4782 -4.9407 8.9170 46.65
-10.3649 -9.5081 4.7232 14.08
-9.4631 -8.4582 8.8595 31.27
-5.3296 -4.4377 8.9184 48.50
-10.3683 -8.8379 5.0655 15.88
-9.0976 -7.5378 8.8531 33.14
-5.1743 -3.9749 8.9362 50.38
-10.3532 -8.1764 5.8907 19.67
-8.2364 -6.2764 8.9010 36.93
-10.4010 -9.8389 2.3374 4.47
-9.6034 -8.8781 6.3926 21.73
-7.1886 -6.3856 8.8999 38.95
-10.1579 -8.9153 2.7175 6.35
-10.2841 -8.8534 7.0959 23.59
-6.9720 -5.7263 8.9023 40.81
-10.3688 -8.4444 3.5877 10.12
-10.3751 -8.2883 8.0280 27.37
-6.3380 -4.7696 8.9078 44.61
-10.3721 -7.8213 4.4051 13.90
-10.3077 -7.6196 8.8723 31.12
-5.7785 -3.9716 8.9327 48.35
-10.1699 -9.0151 5.0700 15.93
-8.8124 -7.5944 8.7490 33.18
-5.0710 -4.0514 8.9121 50.41
-10.3402 -8.5042 5.9696 19.69
-8.1061 -6.4274 8.8951 36.92
-10.3678 -8.0504 2.6482 6.25
-10.3670 -7.8973 6.8305 23.51
-7.3683 -5.3606 8.9287 40.68
-10.3775 -7.4633 3.4587 10.03
-10.3364 -7.2780 7.6613 27.27
-6.6454 -4.4165 8.9049 44.49
-10.3772 -8.7866 4.1032 12.06
-10.3405 -8.5616 8.6950 29.33
-5.8789 -4.5621 8.9275 46.53
-10.3756 -8.1413 4.9311 15.85
-9.4521 -7.2182 8.8754 33.07
-5.3493 -3.7855 8.9278 50.28
-10.3755 -7.5318 5.7409 19.62
-8.5192 -5.9733 8.8986 36.82
-10.3677 -7.0873 2.5704 6.19
-10.3445 -6.9390 6.5451 23.40
-7.6930 -4.9328 8.9200 40.62
-10.3622 -8.3385 3.5712 10.10
-10.3719 -8.1855 7.9951 27.38
-6.3836 -4.7484 8.9226 44.59
-10.3760 -7.7393 4.3845 13.87
-10.3604 -7.5558 8.8709 31.11
-5.8135 -3.9459 8.9424 48.34
-10.3591 -7.1346 5.1775 17.65
-9.2620 -6.1980 8.8892 34.91
-5.1454 -3.1584 8.7643 52.12
-10.3381 -6.5710 5.9757 21.47
-8.3601 -5.1155 8.9323 38.68
-10.3730 -7.9400 3.0823 8.18
-10.3420 -7.7666 7.2876 25.37
-6.9156 -4.9308 8.8995 42.62
-10.3721 -7.3536 3.8784 11.93
-10.3427 -7.1692 8.1620 29.17
-6.2793 -4.0884 8.9211 46.40
-10.3405 -6.7655 4.6474 15.68
-10.1129 -6.4573 8.8889 32.94
-5.5558 -3.2697 8.7424 50.17
-10.3595 -6.2434 5.4375 19.46
-8.8336 -5.1430 8.7147 36.72
-10.3563 -7.5353 2.6026 6.21
-10.3853 -7.4151 6.6911 23.44
-7.5285 -5.1358 8.9174 40.67
-10.3514 -6.9641 3.3943 9.99
-10.3401 -6.8173 7.5152 27.24
-6.8183 -4.2397 8.9336 44.45
-10.3534 -6.4270 4.1655 13.75
-10.3346 -6.2679 8.3713 30.96
-6.1461 -3.4675 8.9226 48.24
-10.3436 -5.8850 5.3568 19.42
-9.2056 -5.0696 8.9127 36.68
-10.3701 -7.1528 2.5653 6.15
-10.3583 -7.0073 6.5669 23.40
-7.6621 -4.9551 8.9098 40.63
-10.3455 -6.5879 3.3428 9.93
-10.3475 -6.4552 7.4032 27.20
-6.9310 -4.0780 8.9282 44.41
-10.3317 -6.0411 4.5162 15.60
-10.3313 -5.8965 8.7892 32.86
-5.6732 -2.9751 8.6556 50.09
-10.3390 -5.5280 5.7304 21.34
-8.7275 -4.4928 8.8916 38.55
-10.1689 -6.6206 2.9146 8.03
-10.3548 -6.6109 6.9390 25.25
-7.3321 -4.4538 8.9248 42.50
-10.3461 -6.2179 3.7078 11.79
-10.3610 -6.0812 7.7982 29.05
-6.6169 -3.6493 8.9325 46.28
-10.3527 -5.6911 4.8888 17.49
-9.9580 -5.3288 8.9271 34.75
-5.6250 -2.7526 8.9727 51.95
-10.3366 -5.1926 6.0931 23.18
-8.3390 -4.0056 8.9305 40.42
-10.3516 -6.3664 3.3161 9.90
-10.3301 -6.2196 7.3243 27.17
-7.0119 -3.9881 8.9407 44.38
-10.3538 -5.8477 4.4962 15.61
-10.3423 -5.6974 8.7211 32.83
-5.7838 -2.9301 8.7272 50.03
-10.3230 -5.3190 5.6760 21.30
-8.7790 -4.3479 8.8675 38.53
-10.3468 -4.9691 3.1618 9.74
-10.3263 -4.8375 6.9191 26.95
-7.3052 -3.2219 8.7834 44.20
-10.3636 -5.9846 4.5172 15.60
-10.3315 -5.8269 8.7650 32.85
-5.6889 -2.9452 8.6528 50.09
-10.3370 -5.4598 5.7138 21.32
-8.7398 -4.4373 8.8763 38.54
-10.3625 -5.0957 3.1759 9.75
-10.3420 -4.9684 6.9680 27.00
-6.8116 -3.0615 8.2959 44.25
-10.3461 -4.6143 4.2996 15.46
-10.3318 -4.4805 8.3236 32.72
-6.2447 -2.4853 8.9494 49.92
-10.3686 -5.6045 5.7526 21.33
-8.7485 -4.5547 8.9277 38.54
-10.3591 -5.2204 3.1923 9.79
-10.3397 -5.0930 7.0042 27.03
-6.7953 -3.1293 8.3118 44.25
-10.3507 -4.7371 4.3114 15.44
-10.3299 -4.5998 8.3479 32.70
-6.2351 -2.5503 8.9755 49.93
-10.3731 -4.2818 5.4885 21.18
-9.2542 -3.6732 8.9385 38.39
-10.3432 -5.3346 3.2025 9.80
-10.3421 -5.2138 7.0388 27.05
-7.3235 -3.4837 8.9302 44.26
-10.3771 -4.8756 4.3460 15.49
-10.3544 -4.7336 8.4020 32.71
-6.1989 -2.6048 8.9576 49.91
-8.8238 -3.7003 4.8485 21.18
-9.2212 -3.7565 8.9465 38.41
-10.1313 -3.9599 3.0325 9.62
-10.3248 -3.9124 7.1621 28.76
-7.2749 -2.5707 8.9826 46.02
-10.3292 -4.9611 4.7582 17.42
-10.3021 -4.8141 8.9433 34.66
-5.7860 -2.4599 8.9635 51.87
-8.8346 -3.7910 5.2351 23.10
-7.5193 -3.0851 7.9441 40.35
-10.3505 -4.1484 3.4628 11.57
-10.3433 -4.0336 7.2003 28.78
-7.2236 -2.6282 8.9548 46.02
-9.1011 -3.2318 4.1526 17.25
-10.3140 -3.5759 8.5556 34.46
-6.0542 -1.8884 8.9587 51.72
-10.3344 -4.6094 5.9700 23.13
-8.5730 -3.6551 8.9583 40.34
-8.9044 -3.6324 3.1486 11.56
-10.3399 -4.1449 7.2304 28.81
-7.1940 -2.6972 8.9586 46.04
-8.8695 -3.2321 4.0860 17.25
-9.0978 -3.2212 7.7021 34.51
-6.0420 -1.9438 8.9663 51.72
-10.3215 -3.3825 5.7225 22.94
-8.7873 -2.7318 8.7933 40.18
-8.8303 -3.6956 3.1449 11.59
-10.3300 -4.2649 7.2540 28.82
-7.1599 -2.7581 8.9514 46.05
-8.8353 -3.3184 4.0892 17.27
-9.0211 -3.2901 7.6685 34.50
-6.0203 -2.0036 8.9726 51.74
-10.3341 -3.4945 5.7513 22.98
-8.7999 -2.8275 8.8246 40.16
-10.1336 -3.1023 3.3213 11.44
-9.6977 -2.8604 6.6154 28.65
-7.4864 -2.0516 8.9813 45.91
-8.8413 -3.4220 4.1048 17.28
-10.3273 -3.9212 8.6723 34.54
-5.9971 -2.0557 8.9775 51.77
-10.3405 -3.6008 5.7710 22.98
-8.6355 -2.8593 8.7207 40.23
-10.0399 -3.1742 3.3101 11.45
-9.4906 -2.8924 6.5162 28.66
-7.4538 -2.1175 8.9691 45.91
-9.3660 -2.5724 4.1433 17.13
-10.3353 -2.7503 8.3609 34.34
-6.2489 -1.4712 9.0042 51.61
-10.3451 -3.7203 5.7940 23.00
-8.5417 -2.9167 8.6618 40.23
-10.3245 -3.3864 3.3779 11.45
-9.6262 -3.0361 6.6187 28.69
-7.4230 -2.1867 8.9659 45.93
-9.5346 -2.7145 4.2061 17.13
-10.3198 -2.8518 8.3848 34.40
-6.2121 -1.5197 8.9741 51.60
-10.3440 -2.5635 5.6041 22.83
-9.2212 -2.1531 8.9734 40.07
-10.3518 -3.5001 3.3962 11.47
-9.6092 -3.1390 6.6304 28.70
-7.4053 -2.2542 8.9717 45.93
-9.3334 -2.7520 4.1535 17.15
-10.1119 -2.8944 8.2553 34.39
-6.1873 -1.5789 8.9702 51.62
-10.3277 -2.6615 5.6160 22.86
-9.2175 -2.2437 8.9845 40.05
-10.3231 -2.3477 3.2943 11.33
-10.3298 -2.2525 6.8322 28.53
-7.6669 -1.5191 8.9895 45.80
-9.2394 -2.8218 4.1343 17.16
-9.8683 -2.9231 8.1106 34.42
-6.1606 -1.6304 8.9654 51.65
-10.3228 -2.7588 5.6267 22.87
-9.1541 -2.3171 8.9677 40.12
-10.3665 -2.4603 3.3104 11.34
-10.3253 -2.3542 6.8461 28.55
-7.6501 -1.5900 8.9885 45.79
-9.7401 -1.9277 4.1842 17.02
-10.2998 -1.9457 8.1753 34.23
-6.3629 -1.0277 8.9863 51.50
-10.2205 -2.8397 5.5979 22.88
-9.1247 -2.4018 8.9621 40.11
-10.3301 -2.5607 3.3077 11.33
-10.3274 -2.4562 6.8683 28.58
-7.6072 -1.6573 8.9670 45.81
-9.7513 -2.0200 4.1940 17.02
-10.3251 -2.0529 8.2214 34.28
-6.3475 -1.0823 8.9788 51.49
-10.3242 -1.7663 5.4974 22.72
-9.4292 -1.4930 8.9953 39.96
-10.3537 -2.6663 3.3230 11.36
-10.3250 -2.5672 6.8846 28.59
-7.6147 -1.7313 8.9940 45.82
-9.5804 -2.0792 4.1503 17.04
-10.3298 -2.1569 8.2382 34.28
-6.3347 -1.1449 8.9846 51.51
-10.3463 -1.8695 5.5220 22.75
-9.4016 -1.5783 8.9800 39.94
-10.3499 -1.5654 3.2471 11.22
-10.3430 -1.4736 6.7309 28.42
-6.7624 -0.8164 7.9158 45.69
-9.7313 -2.2166 4.2068 17.05
-10.3295 -2.2617 8.2626 34.31
-6.3144 -1.1990 8.9830 51.54
-10.3186 -1.9590 5.5196 22.76
-9.3465 -1.6569 8.9655 40.00
-10.3510 -1.6639 3.2526 11.23
-10.3046 -1.5667 6.7216 28.44
-7.8025 -1.0461 9.0040 45.68
-9.7665 -1.1994 4.1327 16.91
-10.3371 -1.1818 8.0849 34.12
-6.4696 -0.5803 9.0022 51.39
-10.3346 -2.0699 5.5388 22.77
-9.3693 -1.7534 8.9991 40.00
-10.3407 -1.7683 3.2546 11.23
-10.3202 -1.6675 6.7466 28.47
-7.7737 -1.1182 8.9918 45.70
-9.7477 -1.2840 4.1309 16.91
-10.3149 -1.2780 8.0925 34.17
-6.4463 -0.6346 8.9794 51.38
-10.2875 -0.9933 5.4113 22.61
-9.5860 -0.8156 9.0162 39.85
-10.3466 -1.8651 3.2633 11.25
-10.3206 -1.7753 6.7594 28.48
-7.7713 -1.1891 9.0027 45.71
-9.7438 -1.3807 4.1372 16.93
-10.3488 -1.3830 8.1236 34.17
-6.4515 -0.6999 9.0020 51.40
-10.3429 -1.0962 5.4464 22.64
-9.5609 -0.9027 8.9977 39.83
-10.3185 -0.7938 3.2016 11.11
-10.3076 -0.7080 6.6372 28.32
-7.8920 -0.4149 8.9924 45.58
-9.7381 -1.4778 4.1418 16.94
-10.3178 -1.4798 8.1211 34.20
-6.4364 -0.7558 9.0018 51.43
-10.3112 -1.1848 5.4392 22.65
-9.5288 -0.9877 8.9975 39.90
-10.3426 -0.8923 3.2100 11.12
-10.3159 -0.8061 6.6492 28.33
-7.9111 -0.4899 9.0170 45.58
-10.3203 -0.5183 4.2589 16.81
-10.2922 -0.4237 7.9797 34.02
-6.5336 -0.1242 9.0073 51.29
-10.3241 -1.2911 5.4532 22.66
-9.5104 -1.0764 8.9902 39.89
-10.3468 -0.9977 3.2132 11.12
-10.3291 -0.9035 6.6685 28.36
-7.8717 -0.5628 8.9884 45.60
-10.3213 -0.6094 4.2612 16.81
-10.3111 -0.5223 8.0099 34.07
-6.5388 -0.1815 9.0150 51.28
-10.3157 -0.2420 5.3782 22.51
-9.6734 -0.1244 9.0226 39.75
-10.3054 -1.0850 3.2075 11.12
-10.3292 -1.0089 6.6765 28.37
-7.8839 -0.6347 9.0086 45.60
-10.3243 -0.7110 4.2675 16.82
-10.3377 -0.6223 8.0305 34.06
-6.5321 -0.2456 9.0165 51.30
-10.3137 -0.3370 5.3859 22.54
-9.6594 -0.2135 9.0078 39.73
-10.3280 -0.0387 3.1768 11.01
-9.7822 0.0473 6.3132 28.22
-7.9562 0.1484 9.0095 45.48
-10.3372 -0.8143 4.2756 16.83
-10.3207 -0.7207 8.0322 34.09
-6.5139 -0.3021 9.0071 51.33
-10.3185 -0.4285 5.3910 22.55
-9.6500 -0.3018 9.0211 39.79
-10.3296 -0.1339 3.1792 11.02
-9.7838 -0.0442 6.3173 28.23
-7.9850 0.0747 9.0381 45.48
-9.7191 0.2288 4.0530 16.71
-10.3129 0.3216 7.9587 33.92
-6.5710 0.3366 9.0229 51.19
-10.3595 -0.5341 5.4132 22.56
-9.6460 -0.3925 9.0200 39.79
-10.3502 -0.2374 3.1828 11.01
-9.7657 -0.1336 6.3152 28.26
-7.9653 -0.0015 9.0238 45.50
-10.3411 0.1433 4.2395 16.71
-10.3259 0.2246 7.9797 33.97
-6.5661 0.2794 9.0125 51.18
-10.3179 0.5076 5.3588 22.41
-9.6876 0.5725 9.0125 39.65
-10.3322 -0.3288 3.1847 11.04
-9.7723 -0.2322 6.3221 28.27
-7.9349 -0.0713 8.9951 45.50
-10.3160 0.0428 4.2349 16.72
-10.3315 0.1271 7.9809 33.96
-6.5655 0.2150 9.0154 51.20
-10.3117 0.4125 5.3617 22.44
-9.7180 0.4839 9.0286 39.63
-9.4990 0.6682 3.0022 10.91
-9.7791 0.7554 6.3015 28.13
-7.9705 0.7167 9.0197 45.39
-10.3216 -0.0585 4.2384 16.73
-10.2942 0.0285 7.9638 33.99
-6.5635 0.1572 9.0208 51.23
-8.8028 0.2958 4.7383 22.45
-9.6789 0.3937 9.0117 39.70
-8.6089 0.5391 2.8308 10.92
-9.7919 0.6645 6.3077 28.14
-7.9855 0.6438 9.0286 45.39
-9.6785 0.9330 4.0339 16.62
-10.3199 1.0698 7.9672 33.83
-6.5575 0.7989 9.0188 51.10
-8.8027 0.2089 4.7398 22.46
-9.7047 0.3033 9.0297 39.69
-8.6200 0.4545 2.8312 10.92
-9.7661 0.5732 6.2978 28.17
-8.0048 0.5682 9.0479 45.40
-9.7122 0.8503 4.0417 16.62
-10.3161 0.9717 7.9719 33.88
-6.5616 0.7418 9.0142 51.09
-10.2940 1.2582 5.3530 22.32
-9.7044 1.2756 9.0491 39.56
-10.1462 0.4199 3.1296 10.94
-9.7964 0.4760 6.3132 28.17
-7.9967 0.4967 9.0364 45.40
-9.6016 0.7483 4.0091 16.63
-10.2961 0.8724 7.9508 33.87
-6.5718 0.6779 9.0245 51.11
-10.3140 1.1646 5.3636 22.35
-9.7112 1.1856 9.0399 39.54
-8.6595 1.2542 2.8379 10.83
-9.7831 1.4704 6.3260 28.05
-7.9497 1.2871 9.0387 45.30
-9.7082 0.6599 4.0404 16.64
-10.3126 0.7743 7.9647 33.90
-6.5762 0.6202 9.0322 51.14
-10.3118 1.0727 5.3599 22.36
-9.7163 1.0962 9.0541 39.61
-9.1201 1.2301 2.9259 10.83
-9.7780 1.3768 6.3160 28.05
-7.9661 1.2148 9.0432 45.30
-9.7338 1.6548 4.0540 16.50
-10.3102 1.8259 8.0111 33.77
-6.5367 1.2639 9.0431 50.99
-10.3180 0.9702 5.3609 22.37
-9.7080 1.0036 9.0378 39.60
-10.1338 1.2524 3.1177 10.83
-9.7680 1.2844 6.3108 28.08
-7.9478 1.1349 9.0183 45.31
-9.7029 1.5631 4.0469 16.53
-10.2796 1.7216 7.9852 33.79
-6.5459 1.2073 9.0463 51.01
-10.3317 2.0289 5.3974 22.24
-9.6428 1.9777 9.0657 39.48
-8.6522 1.0089 2.8347 10.85
-9.8048 1.1892 6.3256 28.08
-6.7182 0.9167 7.7576 45.31
-9.6486 1.4592 4.0289 16.54
-10.3065 1.6264 7.9905 33.78
-6.5483 1.1420 9.0406 51.02
-10.3142 1.9278 5.3893 22.27
-9.6625 1.8892 9.0614 39.46
-8.6964 1.9078 2.8531 10.74
-9.7799 2.1987 6.3716 27.96
-7.8805 1.8555 9.0531 45.22
-9.7208 1.3762 4.0497 16.56
-10.3084 1.5317 7.9838 33.79
-6.5524 1.0818 9.0391 51.04
-10.3280 1.8342 5.3913 22.28
-9.6401 1.7946 9.0414 39.50
-9.1123 1.9065 2.9274 10.72
-9.7817 2.1018 6.3706 28.00
-7.8981 1.7847 9.0525 45.21
-9.6054 2.3624 4.0494 16.45
-10.2667 2.5871 8.0576 33.66
-6.4503 1.7178 9.0460 50.95
-10.3290 1.7346 5.3896 22.30
-9.6407 1.7032 9.0332 39.51
-9.6313 1.9177 3.0228 10.72
-9.7793 2.0039 6.3594 28.00
-7.8902 1.7090 9.0359 45.24
-9.7250 2.2957 4.0813 16.46
-10.3058 2.4907 8.0753 33.69
-6.4592 1.6599 9.0359 50.94
-10.0429 2.7495 5.3341 22.17
-9.4919 2.6635 9.0562 39.42
-8.6370 1.6422 2.8357 10.76
-9.7993 1.9149 6.3634 28.01
-7.9189 1.6366 9.0469 45.23
-9.5480 2.1609 4.0241 16.47
-10.3141 2.4010 8.0681 33.70
-6.4799 1.6022 9.0433 50.93
-10.3359 2.7176 5.4465 22.17
-9.5022 2.5760 9.0438 39.41
-10.1110 2.9806 3.1438 10.64
-10.1245 3.0488 6.6456 27.89
-7.7683 2.4164 9.0610 45.12
-9.7259 2.1031 4.0758 16.50
-10.3110 2.2994 8.0604 33.73
-6.4904 1.5427 9.0384 50.93
-10.2891 2.6058 5.4230 22.20
-9.5391 2.4923 9.0587 39.42
-10.0378 2.8636 3.1233 10.63
-9.5845 2.7944 6.3393 27.92
-7.7777 2.3453 9.0553 45.14
-9.4970 3.0784 4.0618 16.38
-9.1799 3.0338 7.4253 33.59
-6.3401 2.1704 9.0534 50.88
-10.2905 2.5039 5.4158 22.21
-9.5640 2.4053 9.0767 39.48
-8.6755 2.3983 2.8551 10.64
-9.6954 2.7260 6.3874 27.92
-7.8095 2.2788 9.0710 45.16
-9.7128 3.0482 4.1215 16.39
-9.4519 3.0212 7.6014 33.62
-6.3639 2.1166 9.0527 50.85
-10.3198 3.6423 5.5339 22.10
-9.3495 3.3596 9.0963 39.35
-8.6427 2.2993 2.8512 10.69
-10.0753 2.7313 6.5844 27.93
-7.8293 2.2043 9.0681 45.15
-9.4909 2.8822 4.0488 16.41
-9.4480 2.9330 7.5822 33.62
-6.3772 2.0568 9.0489 50.86
-10.3015 3.5213 5.5180 22.13
-8.1832 2.8649 8.0521 39.32
-10.3064 3.8809 3.5916 12.49
-10.3062 3.9467 7.3384 29.74
-6.8556 2.6903 8.7526 46.96
-8.8264 2.5954 4.1620 18.32
-9.0110 2.7164 7.7211 35.58
-10.3232 3.3706 2.4852 6.82
-10.3040 3.4271 5.9202 24.04
-8.5365 2.9090 8.8516 41.29
-10.3016 3.7712 3.5849 12.51
-10.3099 3.8354 7.3177 29.74
-6.9924 2.6694 8.8887 46.99
-10.3058 4.1853 4.7815 18.24
-10.2898 4.2442 8.9239 35.50
-9.9987 3.1637 2.4357 6.79
-10.2869 3.3119 5.8954 24.03
-8.5981 2.8400 8.8810 41.28
-10.3046 3.6620 3.5844 12.54
-10.2975 3.7238 7.2975 29.77
-7.1559 2.6602 9.0553 47.01
-10.3136 4.0764 4.7681 18.23
-10.2991 4.1396 8.8982 35.48
-10.3243 4.4496 2.5096 6.71
-9.7751 4.2736 5.8177 23.96
-8.5024 3.7752 9.0687 41.18
-10.3140 3.5486 3.5725 12.51
-10.2898 3.6173 7.2676 29.75
-7.1766 2.5920 9.0500 47.01
-10.3018 3.9572 4.7513 18.24
-10.2658 4.0160 8.8382 35.46
-10.3006 4.3310 2.5019 6.71
-10.3259 4.3857 6.0633 23.97
-8.5384 3.6955 9.0759 41.20
-10.2984 4.7575 3.6525 12.43
-10.2962 4.8257 8.0164 31.61
-6.2957 3.0035 8.8188 48.84
-10.3129 3.8678 5.1413 20.14
-9.9230 3.7860 9.0896 37.40
-9.6974 3.9809 2.7664 8.63
-10.3136 4.2733 6.4820 25.90
-8.0409 3.3966 9.0818 43.11
-9.4453 4.2651 3.7948 14.37
-10.3010 4.7025 7.9829 31.59
-6.3781 2.9706 8.8832 48.82
-10.2976 5.0824 5.3079 20.11
-9.5446 4.7706 9.1011 37.31
-9.6835 3.8682 2.7649 8.67
-10.3207 4.1712 6.4614 25.87
-8.0659 3.3283 9.0936 43.17
-9.7908 4.3103 3.8845 14.39
-10.2951 4.5876 7.9562 31.62
-6.4001 2.9066 8.8831 48.85
-8.7967 4.2406 4.6696 20.07
-9.5641 4.6765 9.0917 37.35
-9.5056 4.9538 2.7920 8.58
-8.8598 4.6613 5.9060 25.82
-7.7142 4.1086 9.0844 43.09
-9.4038 4.0404 4.1223 16.31
-10.3040 4.4897 8.4544 33.55
-5.9687 2.6569 8.8085 50.75
-10.2911 4.8543 5.6926 22.03
-8.7748 4.1944 8.8953 39.25
-8.7937 4.4835 2.9870 10.47
-10.3028 5.3045 7.1451 27.75
-7.2799 3.7975 9.0930 44.98
-8.8015 4.8800 4.0596 16.24
-10.2902 5.7596 8.7895 33.44
-5.8860 3.3301 9.0800 50.72
-10.3069 4.7440 5.6810 22.03
-8.7961 4.1062 8.8947 39.30
-8.8684 4.4194 2.9952 10.47
-10.3046 5.1812 7.1173 27.75
-7.2935 3.7221 9.0734 44.99
-8.8244 4.7865 4.0496 16.23
-10.2858 5.6266 8.7514 33.46
-5.9077 3.2749 9.0643 50.70
-10.2800 6.0548 5.8989 21.95
-8.6168 5.1083 9.1211 39.20
-8.8037 4.2804 2.9800 10.51
-10.3012 5.0621 7.0891 27.76
-7.3522 3.6651 9.0973 44.98
-8.8459 4.6910 4.0454 16.25
-10.2746 5.5085 8.7075 33.46
-5.2786 2.8622 8.1498 50.70
-10.3239 5.9428 5.8985 21.98
-8.6547 5.0280 9.1049 39.17
-8.7361 5.3906 3.0535 10.43
-10.2912 6.4079 7.4091 27.68
-6.9625 4.3640 9.0835 44.92
-8.8805 4.6023 4.0439 16.26
-10.3004 5.3993 8.6973 33.49
-5.7462 3.0505 8.7600 50.70
-9.6183 5.4268 5.9602 23.86
-8.1345 4.6330 9.1017 41.11
-10.3129 6.2503 3.7928 12.35
-10.3033 6.2942 7.8916 29.59
-6.5560 4.0330 9.0825 46.87
-10.2961 6.7360 5.1400 18.11
-9.6053 6.3294 9.1517 35.36
-10.3082 5.6385 2.5536 6.64
-9.7006 5.3509 5.9797 23.87
-8.1664 4.5504 9.0928 41.12
-10.2728 6.0993 4.1868 14.31
-10.2937 6.1601 8.3793 31.53
-6.1824 3.7265 9.0778 48.77
-10.2954 6.6005 5.5598 20.02
-8.7621 5.6646 8.9095 37.27
-8.7874 6.0321 2.7700 8.51
-10.2903 7.1190 7.6075 27.66
-6.7612 4.6933 9.0918 44.89
-8.8076 5.1175 4.0918 16.22
-10.2862 6.0380 8.8855 33.46
-5.8261 3.4474 9.0747 50.66
-10.2887 6.4727 5.9853 21.93
-8.4629 5.3612 9.1113 39.16
-8.8610 5.9661 3.1265 10.41
-10.3098 6.9932 7.5852 27.68
-6.8111 4.6408 9.1054 44.90
-10.2838 7.4654 4.8103 16.15
-9.9886 7.2888 9.1505 33.37
-5.4671 3.9891 9.0759 50.66
-10.3083 6.3504 5.9698 21.95
-8.5129 5.2843 9.1286 39.22
-8.8577 5.8457 3.1117 10.40
-10.2781 6.8281 7.5217 27.68
-6.8408 4.5722 9.0968 44.92
-10.3035 7.3338 4.7914 16.15
-10.0492 7.1843 9.1544 33.41
-5.5126 3.9494 9.0825 50.63
-9.6915 7.4161 5.9960 21.89
-7.9827 6.1179 9.1409 39.14
-8.8391 5.7096 3.1022 10.44
-10.2840 6.6970 7.4880 27.68
-6.8780 4.5038 9.0850 44.90
-10.3036 7.1874 4.7735 16.18
-10.1330 7.1161 9.1696 33.40
-5.5381 3.8921 9.0732 50.65
-9.6918 7.2636 5.9576 21.88
-8.0341 6.0455 9.1347 39.13
-10.3118 8.2603 3.5851 10.38
-10.2734 8.2709 7.9551 27.62
-6.4214 5.1626 9.0965 44.86
-8.7838 5.9947 4.2149 16.18
-10.1916 7.0160 9.1696 33.42
-5.5782 3.8459 9.0738 50.62
-9.7388 7.1607 5.9508 21.90
-8.0959 5.9771 9.1405 39.12
-10.2870 8.0907 3.5613 10.37
-10.2672 8.1108 7.9068 27.65
-6.4736 5.1127 9.1079 44.87
-9.7251 8.2038 4.8094 16.12
-9.4648 8.0115 9.1683 33.34
-5.1907 4.3690 9.0947 50.63
-10.2965 7.4262 6.1984 21.91
-8.1339 5.8907 9.1396 39.18
-10.2917 7.9405 3.5424 10.36
-10.2738 7.9564 7.8585 27.64
-6.5124 5.0496 9.1028 44.88
-10.2878 8.5209 4.9938 16.13
-9.5249 7.9045 9.1593 33.36
-5.2309 4.3258 9.0885 50.60
-9.8479 8.7466 6.3805 21.86
-7.5074 6.6532 9.1169 39.11
-10.2930 7.7804 3.5332 10.40
-10.2876 7.8168 7.8201 27.65
-6.5610 4.9890 9.1002 44.87
-10.2669 8.3397 4.9600 16.15
-9.5986 7.8300 9.1667 33.37
-5.2845 4.2903 9.1164 50.62
-9.2518 8.0450 6.0130 21.86
-7.5871 6.6055 9.1357 39.10
-8.9155 8.2702 3.3887 10.35
-9.3516 8.7123 7.7386 27.60
-6.0648 5.6225 9.1270 44.84
-10.2797 8.1878 4.9360 16.15
-9.6657 7.7355 9.1674 33.39
-5.3071 4.2297 9.0836 50.59
-9.3766 8.0049 6.0428 21.87
-7.6500 6.5384 9.1370 39.10
-10.0107 9.1372 3.6420 10.35
-9.8617 9.0257 8.0519 27.62
-6.1150 5.5710 9.1303 44.84
-10.3030 10.0826 5.2953 16.10
-8.7491 8.5581 9.0606 33.32
-4.8846 4.7270 9.1128 50.61
-10.2922 8.6331 6.9994 23.78
-7.2246 6.0565 9.1428 41.03
-10.0911 9.0394 4.1041 12.28
-9.6762 8.6974 8.4073 29.52
-5.7533 5.1444 9.0923 46.78
-10.2810 9.8688 5.7544 18.01
-8.3367 8.0043 9.1738 35.28
-10.2758 10.5422 2.8721 6.52
-10.2924 10.5964 7.5925 23.77
-6.5819 6.7301 9.1294 40.99
-9.3986 8.2396 3.8738 12.27
-9.8609 8.7058 8.4863 29.51
-5.8133 5.1018 9.1066 46.77
-8.7652 8.2298 5.0328 18.02
-7.8507 7.3903 9.1646 37.20
-9.6860 9.7498 3.2165 8.43
-10.2836 10.3810 8.0992 25.68
-6.2339 6.2458 9.1320 42.91
-10.2913 11.1165 4.9695 14.16
-9.0982 9.8232 9.2174 31.44
-4.9598 5.2821 9.1052 48.67
-10.2753 9.5093 6.1798 19.91
-7.9188 7.3196 9.1593 37.18
-10.0443 9.9329 3.2721 8.43
-9.1879 9.0720 7.2835 25.69
-6.2952 6.1877 9.1335 42.91
-10.2672 10.8744 4.9268 14.19
-9.1939 9.7279 9.2121 31.43
-5.0176 5.2457 9.1124 48.65
-10.2470 11.6166 6.7362 19.95
-7.1702 8.0825 9.1767 37.16
-10.0911 9.7887 3.2693 8.46
-9.3177 9.0411 7.3097 25.66
-6.3468 6.1353 9.1462 42.96
-10.2703 10.6711 4.8872 14.18
-8.6813 9.0087 8.6773 31.43
-5.0604 5.1896 9.1064 48.67
-10.2840 11.4349 7.8589 23.76
-6.3280 6.9821 9.1442 41.00
-9.1083 10.8326 4.2320 12.25
-9.3003 11.0838 9.2368 29.50
-5.0232 5.8864 9.1162 46.73
-10.2587 10.4507 5.8848 18.02
-8.0996 8.2478 9.1793 35.28
-10.2728 11.2035 2.9217 6.50
-10.2623 11.2168 7.7717 23.73
-6.4028 6.9370 9.1565 40.99
-10.2732 12.0162 5.1348 14.15
-7.6259 8.8645 8.1772 31.41
-4.7629 5.4672 9.1085 48.64
-10.2470 12.8397 7.0782 19.95
-6.7828 8.4241 9.1892 37.15
-9.1659 9.7971 3.1725 8.45
-10.2781 11.0147 8.3101 25.66
-6.0404 6.4167 9.1350 42.95
-10.2840 11.7977 5.0994 14.17
-7.7511 8.8477 8.2221 31.42
-4.8143 5.4201 9.1126 48.67
-10.2517 12.5976 6.9916 19.89
-6.8591 8.3679 9.1903 37.15
-9.3156 12.2707 3.4667 8.44
-9.4987 12.5073 9.2723 27.58
-5.0652 6.5431 9.1471 44.82
-10.2487 11.5313 5.5911 16.11
-8.0316 9.0107 8.9629 33.35
-4.5650 5.0394 9.1086 50.55
-10.2533 12.3756 8.1551 23.73
-6.0584 7.2220 9.1491 40.99
-10.2670 13.2849 4.2259 10.31
-9.6125 12.4170 9.2760 27.60
-5.1261 6.5041 9.1556 44.83
-8.7941 12.1950 4.9443 14.16
-6.4592 8.8639 8.2367 33.31
-4.0552 5.4495 9.1306 50.60
-10.2667 12.1470 8.0853 23.74
-6.1420 7.1843 9.1706 40.99
-8.7669 11.0848 4.2367 12.28
-8.7329 11.0478 9.0252 29.51
-4.8503 6.0279 9.1277 46.76
-10.2588 13.9803 6.1447 16.10
-7.4046 9.9919 9.2118 33.35
-4.1034 5.4151 9.1198 50.56
-10.0614 14.7217 7.5935 19.96
-6.0053 8.6549 8.9859 37.16
-10.2588 12.7527 4.1582 10.35
-6.7111 8.2647 6.6299 27.59
-4.9100 5.9872 9.1289 46.74
-10.2480 13.6856 7.3123 19.92
-6.0941 8.0238 9.1613 39.07
-10.2656 14.7478 3.8431 8.42
-8.7579 12.5171 9.0587 27.60
-4.8059 6.7256 9.1489 44.83
-10.2110 15.8086 5.9055 14.17
-7.3287 11.2306 9.2471 31.44
-4.0218 5.9943 9.1027 48.67
-10.2377 13.3848 6.6049 18.01
-6.7858 8.7964 8.8696 35.27
-8.7639 12.2832 2.4143 4.59
-10.2739 14.4500 8.2167 21.85
-5.8991 8.1635 9.1617 39.07
-9.9856 15.1290 3.8691 8.43
-9.4479 14.2687 9.3079 25.66
-4.9422 7.2931 9.1487 42.93
-10.2459 16.7538 5.4323 12.26
-7.6115 12.3363 9.2688 29.51
-4.1467 6.5287 9.1390 46.74
-10.2366 14.1080 6.1734 16.11
-6.5914 8.9820 8.8948 35.27
-9.9896 14.8106 2.6384 4.60
-9.9346 14.7218 8.2314 21.85
-5.7118 8.3152 9.1788 39.08
-10.2555 16.4255 4.0545 8.43
-9.0872 14.4779 9.3020 25.67
-4.7704 7.4115 9.1575 42.93
-10.2303 17.7079 5.6118 12.27
-7.2849 12.4724 9.2440 29.52
-3.9865 6.6140 9.1326 46.74
-10.1385 14.7256 6.3046 16.11
-7.1132 10.2338 9.2333 33.35
-3.9456 5.5242 9.1163 50.55
-10.2212 16.0030 8.0003 19.91
-5.6631 8.6928 8.8783 37.19
-10.0399 17.0147 3.4518 6.52
-8.7298 14.6754 8.6235 23.77
-4.8959 8.0490 9.1718 41.01
-9.8012 17.9883 4.2245 8.44
-8.0607 14.6682 9.1478 25.70
-4.3334 7.6547 9.1418 42.90
-10.2375 15.6753 5.2285 12.25
-7.9583 12.1267 9.2646 29.49
-4.3297 6.4228 9.1497 46.75
-10.2333 16.9445 6.8637 16.12
-6.5033 10.6097 9.2231 33.33
-3.6298 5.7288 9.1265 50.58
-10.0212 17.9297 8.5657 19.91
-5.1532 9.0010 8.8780 37.17
-9.2442 18.0278 2.8354 4.60
-9.2063 17.8940 9.1946 21.87
-4.6050 8.6546 8.9763 39.12
-10.2543 16.6416 4.0899 8.46
-9.0162 14.5390 9.3075 25.66
-4.7119 7.4118 9.1357 42.96
-10.2522 17.9827 5.6689 12.27
-7.2335 12.5379 9.2602 29.51
-3.9479 6.6320 9.1377 46.78
-9.4213 17.9111 6.2815 14.21
-6.3132 11.7899 9.2329 31.43
-3.5094 6.3225 9.1380 48.68
-8.6664 17.9180 6.9057 16.13
-5.5122 11.1449 9.2321 33.35
-3.0985 5.9927 9.1211 50.64
-10.2332 17.5453 8.4799 19.91
-5.3694 8.9873 8.9512 37.18
-9.6795 18.0027 2.8568 4.62
-9.6294 17.8607 9.2621 21.87
-4.8011 8.6471 9.0383 39.10
-8.8889 17.9934 3.5044 6.56
-8.3643 16.7851 9.3736 23.79
-4.3053 8.3694 9.1823 41.03
-8.1429 17.9818 4.1304 8.48
-6.8795 15.0209 9.0601 25.72
-3.7731 7.9326 9.1512 42.93
-9.9077 17.9999 4.9349 10.37
-7.6285 13.7146 9.2908 27.62
-4.0991 7.1411 9.1361 44.84
-9.0922 17.9362 5.5577 12.32
-6.6179 12.8758 9.2787 29.55
-3.6289 6.8042 9.1447 46.79
-8.3279 17.9093 6.1570 14.20
-5.7460 12.1050 9.2616 31.46
-3.1931 6.4444 9.1048 48.68
-6.8316 16.0287 6.1979 16.15
-4.9622 11.3848 9.2355 33.37
-2.8033 6.1016 9.1002 50.66
-9.3211 17.9177 7.7138 18.04
-5.4235 10.2054 9.2159 35.30
-8.5719 18.0419 2.1648 2.73
-8.5522 17.9150 8.3364 19.95
-4.7548 9.6702 9.2132 37.24
-7.8190 18.0102 2.7981 4.64
-7.8082 17.8628 8.9662 21.92
-4.0699 8.9671 9.0186 39.10
-7.0834 17.9748 2.7749 4.64
-7.0806 17.8508 8.8492 21.91
-3.7316 8.9878 8.9432 39.15
-8.6723 17.7891 3.4645 6.54
-8.2412 16.7969 9.3522 23.78
-4.2554 8.3795 9.1701 41.03
-8.0190 17.9999 4.1219 8.47
-6.7290 14.8710 8.9697 25.74
-3.7295 7.9347 9.1491 42.97
-7.2806 17.9262 4.7291 10.39
-5.9713 14.4714 9.3013 27.67
-3.2584 7.5360 9.1500 44.89
-6.6054 17.9700 4.6990 10.41
-5.4735 14.6434 9.2976 27.68
-3.0074 7.6255 9.1473 44.90
-8.2353 17.9405 5.4703 12.29
-6.1049 13.1287 9.2791 29.53
-3.3687 6.9339 9.1506 46.79
-7.4859 17.9154 6.0952 14.26
-5.2560 12.2970 9.2589 31.48
-2.9539 6.5659 9.1328 48.72
-6.7812 17.9215 6.0237 14.23
-4.8399 12.4589 9.2612 31.49
-2.7394 6.6740 9.1570 48.72
-6.0832 17.9078 5.9709 14.26
-4.3996 12.5909 9.2609 31.53
-2.5059 6.7230 9.1328 48.76
-6.9351 16.0848 6.2166 16.13
-5.0028 11.3666 9.2356 33.37
-2.8321 6.1173 9.1221 50.62
-6.3197 16.1507 6.1881 16.19
-4.6164 11.5026 9.2331 33.40
-2.6270 6.1914 9.1213 50.66
-6.2858 17.8715 7.3345 18.09
-3.9482 10.8267 9.2284 35.35
-5.5875 18.0019 1.5088 0.87
-5.6054 17.8780 7.2912 18.15
-3.5835 10.9406 9.2248 35.35
-7.1779 18.0148 2.1461 2.75
-7.1856 17.9220 8.1569 19.98
-3.7163 8.8628 8.3414 37.25
-6.4684 18.0059 2.1414 2.77
-6.4878 17.8633 8.0519 19.99
-3.7954 10.0537 9.2104 37.25
-5.7783 18.0131 2.1324 2.78
-5.8140 17.8963 8.0042 20.04
-3.4631 10.1866 9.2323 37.27
-5.1160 18.0290 2.1314 2.80
-5.1446 17.8773 7.9274 20.04
-3.1083 10.2569 9.2155 37.30
-6.6688 18.0166 2.1372 2.75
-6.6438 17.8157 8.0561 20.00
-3.8907 10.0159 9.2121 37.26
-5.9610 17.9739 2.1366 2.79
-6.0088 17.8982 8.0135 20.01
-3.5527 10.1431 9.2194 37.26
-5.2887 18.0025 2.1301 2.79
-5.3245 17.8644 7.9476 20.06
-3.2080 10.2364 9.2168 37.28
-4.6174 17.9672 1.5109 0.89
-4.6553 17.8725 7.2187 18.18
-1.9278 6.6258 5.9664 35.38
-6.1529 17.9925 1.5054 0.85
-6.1658 17.8573 8.0185 20.01
-3.6494 10.1088 9.2219 37.28
-5.4878 18.0267 2.1371 2.80
-5.5102 17.8468 7.9475 20.02
-3.3003 10.2018 9.2090 37.27
-4.8091 18.0046 1.5107 0.89
-4.8543 17.9097 7.2293 18.13
-1.9994 6.6558 6.0026 35.39
-4.1499 18.0128 0.8976 -1.03
-4.1830 17.8629 6.5054 16.23
-1.8671 7.1394 5.9664 33.50
-1.7619 6.4497 9.1390 50.75
-5.6918 17.9038 6.6111 16.19
-3.8727 11.7687 9.2480 33.43
-2.2412 6.3348 9.1296 50.65
-5.0272 17.9115 6.5804 16.24
-3.4732 11.8605 9.2418 33.45
-2.0309 6.3926 9.1421 50.71
-4.3690 17.9163 5.8776 14.32
-3.2820 12.9305 9.2895 31.57
-1.9181 6.8790 9.1336 48.81
-3.7200 17.9177 5.2222 12.45
-3.0423 14.0809 9.3192 29.69
-1.7868 7.4174 9.1591 46.93
-5.2097 17.9469 5.2722 12.36
-4.1325 13.8426 9.3052 29.61
-2.3379 7.2829 9.1455 46.88
-4.5445 17.9534 4.6170 10.50
-3.8153 14.6452 9.0569 27.70
-2.2179 7.8592 9.1620 44.97
-3.8877 17.9623 3.9632 8.57
-3.3221 14.8287 8.4881 25.86
-1.9553 7.9116 9.1596 44.99
-3.2382 17.9063 3.9569 8.63
-3.1179 16.7137 9.3683 25.86
-1.7822 8.5363 9.1990 43.12
-4.6737 17.7736 3.3358 6.63
-4.7532 17.8419 9.2982 23.87
-2.4871 8.6475 8.8895 41.14
-4.0471 17.9507 2.7330 4.74
-4.1062 17.8600 8.5458 22.00
-2.3994 9.6792 9.1933 39.24
-3.4022 17.9930 2.1313 2.86
-3.4683 17.8791 7.8250 20.12
-2.1979 10.4519 9.2199 37.35
-2.7710 18.0346 1.5351 0.98
-2.8404 17.8771 7.7882 20.13
-1.8392 10.4835 9.2093 37.39
-4.1708 17.7455 1.5156 0.92
-4.2740 17.8484 7.1682 18.14
-1.7916 6.6747 5.9817 35.40
-3.5721 18.0134 0.9165 -0.98
-3.6186 17.8519 6.4905 16.29
-2.5983 12.0657 9.2592 33.51
-1.5662 6.4778 9.1262 50.76
-2.9867 17.8946 5.8249 14.37
-2.3172 13.0570 9.2700 31.62
-1.4243 6.9940 9.1680 48.87
-2.3482 17.9499 4.5784 10.60
-2.0508 14.6851 8.9501 27.82
-1.2700 7.7911 8.9462 45.07
-3.7969 17.9783 3.9729 8.60
-3.2406 14.8450 8.4852 25.85
-2.0197 8.4851 9.1837 43.08
-3.1061 17.7659 3.3223 6.70
-3.2041 17.8323 9.1865 23.95
-1.7553 8.7101 8.8253 41.20
-2.4999 17.9440 2.7350 4.81
-2.5634 17.8115 8.4432 22.06
-1.4641 8.8206 8.3853 39.30
-1.8569 17.9853 1.5458 1.02
-1.9263 17.8767 7.1114 18.30
-1.3988 11.3214 9.2300 35.49
-3.2816 18.0115 0.9219 -0.96
-3.3528 17.9151 6.4835 16.26
-2.4100 12.0938 9.2546 33.50
-1.4753 6.5180 9.1451 50.73
-2.7134 17.9359 5.8318 14.39
-2.1273 13.1027 9.2821 31.63
-1.3107 6.9294 9.0639 48.83
-2.0721 17.9322 4.5629 10.58
-1.8353 14.7251 8.9647 27.84
-1.1785 7.9505 9.0977 45.08
-1.4276 17.7668 3.3268 6.79
-1.5220 17.8308 9.1277 24.03
-0.9661 8.8888 8.9176 41.27
-2.8600 17.9953 2.7402 4.80
-2.6593 16.1341 7.7719 22.06
-1.6249 8.7039 8.8055 41.21
-2.2106 17.9672 2.1433 2.93
-2.2949 17.8695 7.7679 20.15
-1.5275 10.5370 9.2224 37.40
-1.5614 17.9980 0.9448 -0.90
-1.6506 17.8686 6.4372 16.34
-1.2855 12.1192 9.2027 33.59
-0.8824 6.5718 9.1438 50.84
-1.0154 17.9219 5.1860 12.55
-0.9456 14.2628 9.3112 29.78
-0.7062 7.5219 9.1653 47.08
-2.4166 17.9113 3.9536 8.67
-2.3556 16.7752 9.3617 25.91
-1.4022 8.5899 9.2009 43.14
-1.7661 17.9604 2.7381 4.84
-1.8481 17.8281 8.4330 22.10
-1.1936 9.6495 9.0444 39.33
-1.1305 17.9995 1.5522 1.05
-1.2175 17.8824 7.0947 18.29
-0.9504 11.3716 9.2585 35.55
-0.4726 17.7346 0.3821 -2.75
-0.5722 17.8836 5.8077 14.48
-0.5841 13.1680 9.2834 31.75
-0.5143 7.0287 9.1367 48.98
-1.9656 17.9352 4.5671 10.59
-1.7460 14.7112 8.9501 27.83
-1.1401 8.0231 9.1722 45.11
-1.3166 17.7287 3.3220 6.79
-1.4208 17.8097 9.1185 24.04
-0.9136 8.8946 8.9212 41.28
-0.6859 18.0161 2.1601 2.99
-0.7858 17.8465 7.7581 20.25
-0.6579 10.5997 9.2427 37.48
-0.0516 18.0196 0.9680 -0.83
-0.1459 17.8612 6.4484 16.43
-0.2749 12.1989 9.2591 33.69
-0.3557 6.5799 9.1479 50.94
-1.5327 17.9048 5.1793 12.52
-1.3564 14.2462 9.3043 29.75
-0.9111 7.5188 9.1620 47.03
-0.8888 17.9036 3.9452 8.70
-0.9206 16.0609 8.9814 25.97
-0.6943 8.6079 9.1834 43.22
-0.2582 17.9494 2.7602 4.93
-0.3539 17.8284 8.4328 22.18
-0.3995 9.8553 9.2031 39.42
0.3873 18.0011 1.5815 1.14
0.2871 17.8372 7.1039 18.37
-0.0150 11.3200 9.2286 35.61
-1.0044 17.6277 0.3809 -2.77
-1.1005 17.8977 5.8166 14.49
-0.9662 13.1665 9.2781 31.71
-0.7131 7.0371 9.1502 48.96
-0.4593 17.8982 4.5749 10.68
-0.5178 14.9378 9.0527 27.89
-0.4839 8.0482 9.1699 45.16
0.1789 17.7300 3.3460 6.87
0.0711 17.8566 9.1598 24.13
-0.1828 8.8872 8.9222 41.37
0.8244 17.9619 2.1952 3.11
0.7060 17.8014 7.7710 20.31
0.2147 10.5317 9.2240 37.58
-0.5610 17.9985 0.9674 -0.83
-0.6637 17.8780 6.4420 16.39
-0.6204 12.2260 9.2622 33.63
-0.5335 6.5896 9.1429 50.86
-0.0222 17.9061 5.2051 12.63
-0.1664 14.2213 9.2953 29.83
-0.2980 7.5301 9.1621 47.08
0.6184 17.9485 3.9809 8.79
0.4537 16.7758 9.3715 26.08
0.0116 8.5767 9.1759 43.31
1.2614 17.9442 2.7952 5.02
1.1397 17.7951 8.4728 22.26
0.4108 9.7956 9.2045 39.52
-0.1316 17.9621 1.5725 1.11
-0.2394 17.8598 7.0937 18.33
-0.3264 11.3562 9.2459 35.59
0.5090 17.9830 0.3884 -2.69
0.4101 17.9240 5.8450 14.56
0.1310 13.1376 9.2803 31.79
-0.1407 7.0327 9.1439 48.99
1.0483 17.9090 4.6072 10.75
0.7005 14.6715 8.9679 28.01
0.1686 7.9938 9.1530 45.25
1.6668 17.7207 3.3866 6.97
1.5600 17.7794 9.1963 24.21
0.5253 8.6901 8.8035 41.45
0.3056 17.9986 2.1805 3.06
0.2080 17.8800 7.7835 20.29
-0.0849 10.5748 9.2417 37.55
0.9543 18.0038 0.9933 -0.75
0.8370 17.8437 6.4861 16.52
0.3824 12.1589 9.2577 33.73
-0.0031 6.5401 9.1213 50.99
1.4870 17.9355 5.2572 12.71
1.0014 14.1116 9.3025 29.94
0.3133 7.4777 9.1628 47.19
2.1378 17.9069 4.0351 8.91
1.8382 16.5521 9.3465 26.15
0.7072 8.4976 9.1733 43.39
0.7351 17.9479 2.7826 4.99
0.6300 17.8295 8.4663 22.24
0.1307 9.8432 9.2139 39.46
1.3929 17.9940 1.6016 1.20
1.2688 17.8363 7.1475 18.44
0.5971 11.2727 9.2388 35.68
2.0400 17.9082 0.4184 -2.58
1.9152 17.8560 5.8866 14.64
1.2165 13.0037 9.2787 31.89
0.4262 6.9574 9.1397 49.14
2.5717 17.8739 4.6773 10.88
1.9295 14.5849 9.0241 28.10
0.8238 7.9045 9.1569 45.35
1.1532 17.7456 3.3680 6.92
1.0578 17.8525 9.1889 24.16
0.2918 8.8597 8.9282 41.42
1.8318 17.9791 2.2164 3.16
1.6901 17.8244 7.8308 20.37
0.7823 10.4627 9.2182 37.62
2.4967 17.9770 1.0169 -0.66
2.3479 17.8406 6.5517 16.58
1.3774 11.9969 9.2438 33.83
0.5254 6.4868 9.1384 51.07
3.0114 17.8650 5.3294 12.83
2.1711 13.9142 9.3086 30.03
0.9063 7.3565 9.1504 47.32
1.6020 17.9068 4.0206 8.89
1.3650 16.6465 9.3582 26.13
0.4696 8.5451 9.1862 43.36
2.2744 17.9615 2.8227 5.07
2.1343 17.8426 8.5637 22.34
0.8106 8.7675 8.4047 39.56
2.9308 17.9539 1.6333 1.29
2.7896 17.8499 7.2490 18.53
1.5260 11.1339 9.2541 35.79
3.6201 17.9725 0.4294 -2.50
3.4671 17.8640 5.9977 14.76
2.2744 12.7610 9.2689 32.00
0.9887 6.8685 9.1592 49.23
2.0509 17.9176 4.6587 10.84
1.5068 14.6402 9.0084 28.06
0.6008 7.9678 9.1870 45.33
2.6745 17.7153 3.4226 7.03
2.5570 17.7924 9.2872 24.28
1.0000 8.6518 8.8396 41.52
3.3807 17.9190 2.2541 3.24
3.2228 17.8079 7.9589 20.50
1.6311 10.2882 9.2100 37.73
4.0646 17.9804 1.0417 -0.58
3.9041 17.8293 6.6728 16.68
2.3609 11.7693 9.2509 33.95
1.0346 6.3595 9.1227 51.19
2.4825 17.8778 5.2901 12.76
1.7698 13.9870 9.2984 29.98
0.7066 7.3958 9.1425 47.26
3.1518 17.8858 4.0718 8.95
2.7314 16.3666 9.3491 26.21
1.1570 8.3903 9.1581 43.47
3.8180 17.8929 2.8781 5.18
3.6696 17.8042 8.6969 22.43
1.7244 9.5539 9.2021 39.66
4.5253 17.9659 1.6752 1.39
4.3586 17.8190 7.4041 18.68
2.4163 10.8593 9.2161 35.87
3.0552 17.9761 0.4274 -2.52
2.9233 17.8847 5.9657 14.73
1.9100 12.8728 9.2798 31.95
0.7929 6.8965 9.1428 49.20
3.6062 17.9309 4.7445 10.94
2.7627 14.5968 9.1249 28.14
1.2368 7.8068 9.1479 45.41
4.2886 17.9133 3.5300 7.16
4.0662 17.6092 9.3775 24.37
1.7305 8.6108 8.9560 41.62
4.9765 17.9512 2.9455 5.29
4.8049 17.8470 8.8604 22.51
2.1644 9.0071 8.8681 39.73
3.5091 17.9901 1.6531 1.34
3.3406 17.8332 7.2868 18.56
1.8572 11.0346 9.2334 35.81
4.1772 17.9441 0.4404 -2.45
4.0320 17.8612 6.0402 14.79
2.6482 12.6473 9.2571 32.02
1.1878 6.8202 9.1504 49.22
4.7124 17.8976 5.4576 12.92
3.3591 13.5333 9.2864 30.15
1.5429 7.1990 9.1488 47.40
5.4025 17.8995 4.8741 11.07
4.1677 14.4640 9.2959 28.29
1.9378 7.5975 9.1495 45.53
3.8733 17.7528 3.4780 7.10
3.7412 17.7283 9.3829 24.33
1.5618 8.6368 8.9398 41.60
4.6181 17.9489 2.3042 3.34
4.4369 17.8270 8.0887 20.56
2.2864 10.1494 9.2395 37.81
5.3031 17.9427 1.6980 1.45
5.1302 17.8496 7.4895 18.69
2.8445 10.7367 9.2352 35.95
6.0159 17.9721 1.0800 -0.44
5.8276 17.8397 6.8844 16.82
3.4797 11.3868 9.2471 34.08
1.6248 6.1575 9.1062 51.32
4.3393 17.8915 5.4210 12.88
3.0325 13.3167 9.1016 30.11
1.4031 7.2168 9.1266 47.38
5.0106 17.8577 4.8315 11.04
3.9098 14.5954 9.3066 28.24
1.7990 7.6726 9.1750 45.50
5.7014 17.8387 4.2344 9.15
4.5981 14.9757 8.9766 26.40
2.2208 8.0648 9.1494 43.65
6.4224 17.8930 3.6516 7.28
5.8780 16.8499 9.3504 24.52
2.7010 8.5380 9.1818 41.76
4.8893 17.9402 2.9323 5.26
4.7290 17.8463 8.8511 22.51
1.9941 8.5891 9.0078 41.66
5.5776 17.9381 2.9613 5.29
5.3896 17.8329 8.9419 22.56
2.4338 8.9435 8.8940 39.78
6.3027 17.9692 2.3683 3.44
6.0904 17.8369 8.3318 20.70
2.7244 8.7848 8.3637 37.96
6.9906 17.9201 2.3971 3.49
6.7795 17.8056 8.4220 20.72
3.4105 9.6729 9.2051 37.98
5.4254 17.9741 1.7068 1.47
5.2260 17.8291 7.4906 18.69
2.9085 10.7138 9.2309 35.94
6.1319 17.9609 1.0926 -0.40
5.9356 17.8333 6.9102 16.86
3.5376 11.3658 9.2433 34.07
1.6727 6.1767 9.1476 51.32
6.6148 17.7925 6.9732 16.87
3.9088 11.1929 9.2325 34.12
1.8696 6.0808 9.1270 51.36
7.3522 17.8287 7.0871 16.92
4.2772 11.0033 9.2268 34.18
2.0562 5.9810 9.1114 51.42
5.7527 17.8296 6.2074 14.93
3.7305 12.2686 9.2512 32.14
1.7601 6.6203 9.1455 49.39
6.4600 17.8423 6.2860 14.96
4.1488 12.1143 9.2616 32.19
1.9764 6.5315 9.1287 49.39
7.1703 17.8392 6.3692 14.99
4.5455 11.9107 9.2499 32.24
2.1854 6.4270 9.1283 49.49
7.9228 17.8583 6.4816 15.06
4.9334 11.7065 9.2474 32.30
2.3921 6.3209 9.1175 49.53
6.2852 17.8655 5.5962 13.02
4.4091 13.1537 9.2887 30.24
2.0800 6.9829 9.1269 47.51
6.9965 17.8536 5.6793 13.09
4.8473 12.9511 9.2861 30.29
2.3193 6.9135 9.1520 47.54
7.7436 17.8997 5.7717 13.13
3.0119 7.6440 6.0257 30.36
2.5475 6.8119 9.1614 47.60
8.4593 17.8402 6.5532 15.10
3.0122 7.0072 6.0481 32.34
2.5479 6.2609 9.1386 49.56
6.7570 17.8237 6.3237 14.99
4.3226 12.0380 9.2626 32.21
2.0629 6.4737 9.1184 49.46
7.4974 17.8464 6.4181 15.03
3.1419 8.1637 6.7317 32.26
2.2806 6.3918 9.1236 49.46
8.1981 17.8053 7.2089 16.98
4.6931 10.7891 9.2205 34.22
2.2938 5.8851 9.1312 51.47
8.9676 17.8303 8.0976 18.99
4.0935 8.7554 8.2946 36.19
7.4783 17.9845 1.7729 1.61
7.2210 17.7940 7.7647 18.82
3.9165 10.2848 9.2255 36.08
8.2145 17.9496 1.7964 1.66
7.9921 17.8463 7.9160 18.90
4.2469 10.1213 9.2274 36.13
8.9511 17.9034 2.4923 3.62
8.6965 17.7870 8.7778 20.88
4.0705 8.9444 8.9265 38.10
9.4852 17.5349 3.8534 7.50
7.8367 14.8981 8.9887 24.74
3.8764 7.9325 9.1739 41.98
7.9276 17.9305 3.7597 7.37
7.0160 16.2921 9.3424 24.61
3.2670 8.2652 9.1714 41.87
8.6732 17.9068 4.4928 9.32
6.8325 14.5819 9.2832 26.59
3.2743 7.6031 9.1637 43.84
9.4126 17.8640 5.2661 11.31
6.7086 13.2237 9.3020 28.56
3.2493 6.9763 9.1399 45.80
9.4851 16.6645 6.4467 15.21
6.0183 11.0592 9.2429 32.45
2.9393 5.9355 9.0389 49.67
8.3276 17.8168 7.2306 16.98
4.7641 10.7686 9.2279 34.22
2.3273 5.8752 9.1294 51.44
9.0775 17.8060 8.0985 18.97
4.7061 9.8219 9.1989 36.20
9.4753 16.8667 3.1258 5.60
8.0476 14.7014 8.2964 22.85
4.3155 8.4049 9.1853 40.08
9.4977 15.6907 4.2972 9.49
8.1111 13.7612 9.2837 26.73
3.9301 7.1922 9.1497 43.96
8.9446 17.8123 5.2133 11.31
6.4452 13.3397 9.2769 28.52
3.1227 7.0484 9.1440 45.79
8.7032 16.0514 6.1826 15.17
5.8089 11.1874 9.2347 32.41
2.8737 6.0851 9.1366 49.60
8.5309 14.6258 7.0817 19.05
5.2524 9.4655 9.1951 36.31
9.3922 14.6911 3.5631 7.62
9.0042 14.3768 9.1015 24.86
4.4068 7.5389 9.1412 42.09
9.5115 17.7867 4.5724 9.41
7.4095 14.2839 9.3091 26.66
3.5565 7.4304 9.1512 43.88
9.4856 16.4288 5.7206 13.31
6.6200 11.9076 9.2665 30.51
3.2553 6.3863 9.1314 47.75
9.0277 14.6127 7.1820 19.09
5.2322 8.9264 8.8603 36.34
9.4813 14.0558 3.5115 7.66
7.9905 12.2166 9.2501 28.72
3.9407 6.4911 9.1185 45.97
9.4947 16.8616 6.4944 15.21
5.9769 11.1030 9.2477 32.43
2.7334 5.6442 9.1316 51.55
8.8005 14.6092 7.7791 20.98
4.8951 8.5976 9.0399 38.23
9.4643 14.3340 4.1177 9.53
7.8706 12.2995 9.2483 28.72
3.8782 6.5427 9.1233 45.95
9.9299 14.2032 9.3076 24.93
4.7684 7.2941 9.1616 42.17
9.4861 15.8498 4.9643 11.42
7.3844 12.7499 9.2842 28.63
3.6134 6.7523 9.1486 45.90
9.3690 14.6127 6.6220 17.23
6.0568 9.8782 9.1945 34.43
2.9391 5.2760 8.9007 51.68
8.9236 13.1034 9.2726 26.84
4.3579 6.8677 9.1447 44.08
9.4751 12.7734 6.1992 17.30
6.0679 8.5841 9.0337 36.45
9.3094 14.6930 3.5499 7.59
8.9847 14.4619 9.1200 24.83
4.3941 7.5825 9.1676 42.09
9.4727 13.9427 5.2622 13.43
6.2940 9.7110 9.2015 34.47
3.1456 5.3140 9.0942 51.72
8.9735 12.5072 9.0573 26.88
4.5059 6.7248 9.1259 44.12
9.4618 12.1239 6.0500 17.34
5.9171 7.9891 9.1655 38.43
9.4825 14.2069 4.1127 9.57
7.3205 11.3628 9.2473 30.61
3.6306 6.1098 9.1233 47.88
8.9695 12.7574 9.1494 26.85
4.4505 6.7860 9.1366 44.10
9.4884 12.4038 6.1182 17.32
5.8349 8.0433 9.1519 38.40
9.4853 11.5151 4.8420 13.55
6.8216 8.6302 8.8780 34.64
3.5854 4.9391 9.0863 51.88
7.5869 11.1615 9.2578 30.66
3.7726 6.0063 9.1271 47.92
10.3696 13.8822 9.3190 24.95
4.9814 7.1270 9.1687 42.22
9.4407 11.7342 5.9651 17.38
6.5263 8.4686 9.1984 36.53
9.4554 10.9077 4.2392 11.72
7.1467 8.5794 9.0047 34.66
3.7138 4.8482 9.1152 51.92
8.5137 11.7902 9.2584 28.81
4.2216 6.2876 9.1318 46.04
11.7454 14.8557 9.3334 23.10
5.5248 7.4413 9.1604 40.37
9.4520 11.1496 5.3086 15.52
6.2203 7.7273 9.1708 38.47
9.4490 10.3780 4.6529 13.63
7.5167 8.5638 9.1804 34.70
3.8200 4.7356 9.1079 51.96
7.4449 9.9094 9.2109 32.65
3.7523 5.4220 9.1249 49.90
8.4165 10.3612 9.2302 30.80
4.2239 5.6105 9.1156 48.04
10.3917 11.7628 9.2724 27.01
5.1202 6.2016 9.1430 44.25
7.5572 8.0789 6.0217 23.25
6.1452 6.8183 9.1520 40.51
9.4433 11.5760 5.3793 15.46
6.5648 8.4104 9.1849 36.53
9.4618 10.7865 4.2177 11.71
7.2507 8.6007 9.0703 34.69
3.7320 4.8166 9.1015 51.93
8.0853 8.8625 8.4666 30.91
4.5150 5.2996 9.1003 48.15
8.8213 8.9471 7.7266 27.15
5.4420 5.8277 9.1298 44.38
11.1248 13.0397 9.3024 25.12
5.4011 6.7423 9.1608 42.31
9.4545 10.3368 6.1889 19.38
6.0241 6.9510 9.1556 40.49
9.4610 9.6398 5.5378 17.57
7.2450 7.6659 9.1618 36.69
9.1390 8.6665 4.3380 13.75
9.2324 8.9254 9.0087 30.99
4.8033 4.9953 9.1092 48.24
11.4115 12.7140 9.2946 25.16
5.5569 6.5897 9.1621 42.35
9.4638 9.8474 6.0793 19.42
6.1870 6.7851 9.1604 40.53
9.2262 8.9574 5.3452 17.61
8.0095 7.9966 9.1754 34.82
4.1009 4.4485 9.1179 52.05
9.3353 8.5834 8.9299 31.03
4.9158 4.8593 9.1094 48.28
8.3055 8.9421 7.5192 27.09
5.2831 6.0080 9.1254 44.30
8.9645 8.9201 6.2225 21.38
6.8304 7.0547 9.1621 38.64
9.3921 8.6696 5.3333 17.65
8.2047 7.7866 9.1885 34.86
4.1872 4.3185 9.0946 52.09
8.4310 7.4562 9.1738 34.91
4.3292 4.1587 9.1072 52.14
8.3200 8.5754 8.4537 30.94
4.6569 5.1370 9.0914 48.20
9.0207 8.5992 7.6877 27.18
5.5945 5.6367 9.1159 44.41
7.4882 6.7089 6.0434 25.31
6.2285 5.7948 9.1529 42.56
9.4587 7.7781 6.1204 21.56
6.8738 5.9155 9.1420 40.69
9.2354 8.8572 5.3281 17.62
8.0401 7.9454 9.1701 34.83
4.1131 4.4111 9.1024 52.08
8.8907 8.1281 9.1241 32.98
4.5763 4.5181 9.0838 50.19
9.9677 8.4370 9.1905 31.11
5.0800 4.6237 9.0932 48.34
8.7383 6.9717 9.1528 34.99
4.4835 3.8894 9.0694 52.25
9.2238 8.5675 8.8799 31.05
4.8956 4.8782 9.1068 48.28
10.7425 9.2138 9.1991 29.16
5.4278 4.9945 9.1104 46.42
9.3780 7.5808 9.1768 33.08
4.8196 4.2155 9.0983 50.28
8.2513 6.2880 9.1467 36.95
9.4238 8.1595 4.7777 15.74
7.7757 6.9796 9.1447 36.82
9.4538 7.6269 4.7066 15.81
7.6116 6.3672 8.2652 34.97
4.4303 3.9987 9.0918 52.20
7.6230 5.9819 9.1479 38.84
9.4300 6.6126 5.4223 19.76
6.7435 4.9927 9.1310 42.75
9.4086 7.8021 6.1030 21.53
6.8514 5.9347 9.1366 40.69
9.4347 7.2838 6.0025 21.59
6.0811 4.9926 9.1195 44.57
10.5008 7.5972 9.1834 31.23
5.3618 4.1774 9.0741 48.47
9.9024 6.6881 9.1479 33.17
5.1074 3.7337 9.0780 50.43
8.0938 6.5542 9.1544 36.90
9.4279 6.8695 5.0299 17.83
7.1354 5.4692 9.1181 40.79
9.4483 6.4300 5.8419 21.70
6.7981 4.8745 9.1165 42.77
10.8653 6.8886 9.1693 31.34
5.5730 3.8192 9.0744 48.57
8.8824 6.7898 9.1637 35.01
4.5706 3.7944 9.0861 52.25
7.8190 5.6274 9.1373 38.92
9.4310 6.0645 5.3319 19.82
7.4192 4.9894 9.1153 40.88
11.9146 7.0925 9.1711 29.48
6.0949 3.9045 9.0875 46.66
9.7160 6.9870 9.1488 33.15
5.0015 3.8946 9.0702 50.38
8.9566 6.0236 8.9418 35.13
4.7435 3.4714 9.0615 52.37
9.3547 5.8137 9.1186 35.18
4.8485 3.2885 9.0647 52.42
7.6517 4.5020 9.1015 40.98
9.4428 6.3529 5.8209 21.69
6.8223 4.8344 9.1099 42.75
9.4209 5.8951 6.6437 25.63
6.9932 4.5878 9.1436 42.83
11.0969 6.4196 9.1561 31.36
5.7072 3.5693 9.0785 48.63
8.8832 4.8313 9.0527 37.20
9.4215 5.9640 4.8928 17.93
7.9998 5.2721 9.1194 38.98
9.4356 5.5532 5.6804 21.80
7.0398 4.3664 9.0862 42.87
11.1612 6.0841 9.1168 31.44
5.7908 3.4159 9.0865 48.67
8.9329 4.5667 9.0073 37.24
9.4356 5.6574 5.2695 19.87
8.1214 5.0586 9.1264 39.02
9.4291 5.2335 5.6264 21.84
6.6433 3.9254 9.0812 44.81
10.4681 5.3966 9.1283 33.41
5.1849 2.9324 8.7186 50.61
8.4883 4.1027 9.0877 39.20
9.4426 5.3650 5.6548 21.83
6.6175 3.9999 9.0901 44.80
10.4079 5.4987 9.1050 33.35
4.7569 2.7746 8.1685 50.61
8.4889 4.2118 9.1131 39.16
9.4370 4.1144 5.4724 21.99
6.9405 3.2287 9.0823 44.95
10.3892 5.6204 9.1270 33.34
4.7171 2.8189 8.1449 50.59
8.4347 4.2862 9.1061 39.18
9.4294 4.2185 5.4840 21.98
6.8945 3.3007 9.0668 44.94
10.0003 4.1366 9.0856 35.43
5.2172 2.3899 9.0430 52.69
7.8149 4.1045 9.0859 41.04
9.4339 4.3473 5.9165 23.86
5.5678 2.8044 8.1012 46.86
9.2773 3.9836 9.0969 37.33
9.4162 3.5458 5.3996 22.07
7.3138 2.9276 8.8273 43.15
11.4694 5.4316 9.1440 31.54
5.7020 2.9464 8.7709 48.72
8.6146 3.8322 9.1126 39.26
9.4144 3.6630 5.8192 23.97
6.8654 2.8645 8.8964 45.02
8.3006 2.9781 7.2430 33.60
5.7379 2.2330 9.0626 50.81
8.5571 3.9108 9.0875 39.24
9.4275 3.7746 5.8365 23.94
6.8210 2.9249 8.8751 45.01
10.9091 3.9532 9.0934 33.60
5.7052 2.2924 9.0483 50.80
8.6256 2.8469 7.8898 35.54
5.3292 1.9494 9.0172 52.80
7.5013 3.2639 9.0801 43.07
11.7707 4.3654 9.1071 31.64
6.1271 2.4990 9.0706 48.89
10.1923 3.4334 9.0848 35.55
5.3307 2.0117 9.0304 52.76
8.5308 2.5861 8.2598 37.51
9.4021 3.5852 5.4006 22.07
7.2464 2.9429 8.7602 43.11
8.5867 2.9915 6.5628 29.76
6.6126 2.4669 9.0519 47.02
8.4460 2.6252 6.8522 31.75
6.2224 2.0921 9.0526 48.98
8.8580 2.4439 9.0001 39.46
9.4130 3.3265 5.7801 24.01
6.8000 2.5878 8.7530 45.07
8.9366 2.8480 6.7386 29.80
6.6632 2.2888 9.0558 47.05
9.2249 2.5946 7.7906 33.72
5.8032 1.8155 9.0296 50.95
7.7732 1.9801 9.0417 43.34
9.0243 2.9603 6.3784 27.87
7.1352 2.4937 9.0531 45.10
9.0318 2.6218 6.7721 29.87
6.6946 2.1053 9.0423 47.09
9.6046 2.4568 9.0498 37.56
9.4014 1.9632 5.2734 22.29
6.7898 1.5969 9.0406 47.19
8.5736 2.6085 6.9300 31.77
6.2169 2.0508 9.0377 49.00
8.8564 2.3881 8.9916 39.47
9.4279 2.0764 5.6825 24.19
6.2965 1.5769 9.0207 49.10
8.4012 1.6572 9.0415 41.50
8.9498 2.4351 6.2860 27.96
6.2653 1.8850 9.0506 49.03
8.3535 2.0537 9.0512 41.44
11.1882 2.1835 9.0411 33.81
5.8859 1.3390 9.0269 51.07
7.8382 1.3516 9.0226 43.45
10.3668 2.5591 9.0674 35.63
3.1193 0.9764 5.8788 52.88
7.3112 1.6438 9.0608 45.28
9.6771 1.6853 9.0220 37.67
9.4103 1.2121 5.2531 22.40
6.8371 1.0455 9.0237 47.30
8.9284 2.0095 8.9947 39.52
9.4181 1.6650 5.6572 24.25
6.3337 1.3041 9.0190 49.16
8.4193 1.2854 9.0179 41.54
7.6267 0.8437 5.8454 30.13
6.3811 0.8290 9.0246 49.25
8.3937 1.6844 9.0320 41.47
11.2448 1.7114 9.0494 33.88
5.9314 1.0796 9.0362 51.09
8.4181 1.0603 9.0032 41.57
7.6334 0.6420 5.8469 30.16
6.3692 0.6559 9.0025 49.29
8.4246 1.4619 9.0326 41.49
7.7044 1.0100 5.8922 30.09
6.3759 0.9629 9.0272 49.22
8.9132 0.8689 8.8954 39.68
9.4265 0.4788 5.6427 24.40
6.8662 0.4952 9.0254 47.38
8.9257 1.2869 8.9328 39.65
9.4259 0.9175 5.6418 24.34
6.8478 0.8252 9.0219 47.34
9.7202 0.6615 9.0142 37.81
9.4240 0.2255 5.2618 22.53
7.3556 0.3064 9.0300 45.53
11.2525 1.2331 9.0262 33.90
5.9458 0.8221 9.0310 51.16
7.5809 0.6540 8.2490 41.64
7.6346 0.3140 5.8418 30.17
6.3493 0.3771 8.9802 49.36
8.9230 0.0678 8.9157 39.81
9.4238 0.7665 5.6391 24.36
6.8597 0.7063 9.0292 47.36
9.6928 0.5039 9.0002 37.85
9.3962 0.0715 5.2557 22.56
7.3181 0.1933 8.9929 45.54
7.6154 -0.1582 6.2090 32.16
6.3599 -0.0286 9.0072 49.42
8.8888 0.5753 8.8804 39.75
9.4140 0.1772 5.6442 24.45
6.8394 0.2747 9.0075 47.45
7.5818 -0.0746 6.1872 32.17
6.3511 0.0360 8.9933 49.41
8.8911 -0.4015 8.9224 39.88
9.4095 0.2732 5.6408 24.44
6.8358 0.3384 9.0007 47.43
10.3915 -0.0309 8.9938 35.99
3.1353 0.1383 5.8272 53.23
7.2920 -0.1958 8.9865 45.59
9.5841 -0.7103 8.9780 37.99
9.3959 0.0193 5.2579 22.57
7.3335 0.1468 9.0052 45.53
9.3959 -0.2611 8.2842 36.02
3.1357 0.0499 5.8350 53.26
7.2749 -0.3895 8.9959 45.64
11.0450 -1.1469 8.9906 34.21
5.8648 -0.4861 8.9971 51.41
9.4061 -0.1580 8.7916 37.91
9.3900 -0.5607 5.6643 24.54
7.2801 -0.3173 8.9881 45.61
10.2763 -0.9448 8.9778 36.08
3.1042 -0.1593 5.8214 53.33
8.2823 -1.0124 8.9904 41.87
11.1686 -0.5277 9.0063 34.10
5.9063 -0.1404 9.0004 51.35
7.7712 -0.5667 8.9834 43.74
7.5896 -0.8834 6.2558 32.29
6.2575 -0.6401 8.9694 49.52
8.7892 -1.3367 8.9535 39.99
7.5317 -0.5263 5.8267 30.33
6.3068 -0.3408 8.9808 49.48
9.5420 -1.0123 8.9760 38.02
9.4358 -1.4115 5.7514 24.65
7.1816 -0.9658 8.9823 45.70
9.3924 -1.7034 8.9661 38.10
9.3837 -0.9603 5.6959 24.63
7.2394 -0.6279 8.9905 45.68
10.2062 -1.3762 8.9767 36.12
3.0980 -0.3032 5.8414 53.37
7.6358 -1.2587 8.9687 43.84
10.0278 -2.1058 8.9642 36.19
3.0436 -0.5419 5.8378 53.46
8.3026 -0.9840 9.0001 41.85
11.7563 -1.9368 8.9590 32.29
6.2141 -0.9084 8.9731 49.56
8.1483 -1.5808 8.9774 41.94
10.7006 -2.5608 8.9597 34.31
5.6862 -1.2608 8.9687 51.52
8.2332 -1.1978 8.9737 41.88
10.8354 -2.0647 8.9649 34.27
5.7614 -0.9913 8.9834 51.50
7.5362 -1.6599 8.9665 43.89
9.8793 -2.6229 8.9630 36.25
3.0032 -0.7131 5.8459 53.51
7.6454 -1.3064 8.9748 43.80
10.0074 -2.1638 8.9613 36.20
3.0394 -0.5623 5.8369 53.45
6.9637 -1.7106 8.9579 45.87
8.8851 -2.6014 8.7785 38.22
9.3903 -1.9707 5.7981 24.74
6.5921 -1.2768 8.9703 47.72
8.6063 -2.0710 8.9472 40.06
11.3543 -3.2437 8.9388 32.42
6.0273 -1.6326 8.9738 49.67
9.2889 -3.0083 8.1362 34.38
3.1852 -0.9628 5.8456 51.60
7.5443 -1.7082 8.9734 43.85
9.8327 -2.6751 8.9427 36.25
2.9996 -0.7347 5.8476 53.50
7.8627 -2.4165 8.9440 42.04
9.1639 -3.2657 6.3025 26.76
7.2436 -2.5109 8.9502 43.99
9.8841 -2.5762 8.9655 36.27
3.0079 -0.7001 5.8474 53.51
6.8842 -2.0156 8.9659 45.88
8.7002 -2.9797 6.8523 30.55
6.3258 -2.0992 8.9455 47.80
10.1636 -3.8995 8.9180 34.43
5.4144 -2.0061 8.9474 51.64
7.4087 -2.0997 8.9567 43.90
8.9444 -2.9735 6.5630 28.67
6.8174 -2.1969 8.9627 45.90
8.8473 -3.2919 7.4528 32.49
5.8425 -2.1060 8.9664 49.77
8.6957 -3.5842 8.9221 38.30
9.1813 -2.9608 5.8459 24.84
7.8528 -2.4655 8.9460 42.03
9.1083 -3.3047 6.2786 26.75
7.2240 -2.5555 8.9438 43.97
8.2550 -3.3208 7.1128 32.51
5.7654 -2.2583 8.9420 49.76
7.6565 -3.3870 8.5887 40.21
9.1577 -3.2215 5.8794 24.86
7.7632 -2.6669 8.9333 42.05
8.5563 -3.3541 6.4446 28.71
6.6587 -2.5492 8.9429 45.94
9.2829 -4.0109 8.9193 36.36
4.9329 -2.0711 8.9504 53.63
6.7124 -3.1687 8.7399 44.07
8.7512 -3.3172 6.9588 30.59
6.2477 -2.3052 8.9593 47.86
7.9531 -3.3370 7.8255 36.36
4.9505 -2.0183 8.9397 53.61
6.6447 -3.0572 8.6343 44.07
9.6521 -4.9241 8.9064 34.50
5.1380 -2.5748 8.9371 51.72
7.9410 -3.2214 8.7525 40.20
11.4753 -5.2127 8.8908 30.63
5.6579 -2.5052 8.9471 49.79
7.8391 -3.8780 8.9195 40.26
10.1989 -5.5500 8.8708 32.61
5.4312 -2.9197 8.9382 49.85
7.6684 -3.3511 8.5902 40.22
11.3283 -5.5081 8.8922 30.65
5.9754 -2.8529 8.9281 47.90
8.2831 -4.3795 8.9076 38.35
8.8702 -5.1600 6.1590 24.96
6.5776 -3.7816 8.9069 44.10
9.8129 -4.6220 8.9087 34.48
5.2097 -2.4080 8.9345 51.75
7.2470 -3.7252 8.9188 42.19
10.1263 -5.7243 8.8826 32.60
5.3772 -3.0062 8.9310 49.85
7.4204 -4.5484 8.8908 40.29
11.2383 -5.6792 8.8947 30.67
5.9061 -2.9406 8.9141 47.94
8.2159 -4.5136 8.9088 38.34
8.8402 -5.3311 6.1905 24.97
6.5051 -3.8893 8.9078 44.14
9.3722 -6.1132 7.5630 28.80
5.9310 -3.8501 8.9167 46.07
8.2556 -4.4256 8.9026 38.34
8.8462 -5.2194 6.1658 24.97
6.5565 -3.8250 8.9108 44.10
8.8904 -5.6572 8.7180 34.56
4.7469 -3.0009 8.7877 51.79
6.6879 -4.6015 8.9027 42.24
10.8789 -6.2333 8.8726 30.70
5.5957 -3.1770 8.7417 47.98
7.9534 -4.9367 8.9058 38.37
11.2063 -7.5630 8.8536 28.83
5.8819 -3.9551 8.9335 46.07
8.6964 -6.3411 8.8778 34.59
4.4574 -3.2491 8.6618 51.81
6.9575 -4.2176 8.9090 42.20
9.3769 -6.2037 7.1014 26.90
6.3259 -4.1622 8.8991 44.13
9.4003 -6.7067 8.8422 32.66
4.4982 -3.2043 8.6736 51.81
7.3692 -5.6798 8.8797 38.46
9.3704 -6.0784 6.1232 23.06
6.8214 -4.3893 8.8899 42.21
9.5105 -6.6371 8.8655 32.63
4.8085 -3.3496 8.5846 49.91
7.9838 -6.0200 8.8705 36.50
4.0318 -3.0462 8.5782 53.77
6.2858 -5.1150 8.8945 42.28
9.5468 -6.5199 8.8497 32.65
4.9048 -3.3411 8.6722 49.90
7.4921 -5.5233 8.8716 38.41
11.3944 -9.0732 8.7973 26.94
5.8950 -4.7041 8.8822 44.20
8.7619 -7.5120 8.8487 32.71
4.6345 -3.9998 8.9011 49.95
7.5331 -5.4350 8.8569 38.41
8.8297 -6.9116 6.1523 23.11
6.3805 -4.9766 8.8875 42.29
9.5534 -8.0153 8.8439 30.76
5.0323 -4.2440 8.9081 48.02
8.5325 -7.7141 8.8248 32.72
4.5355 -4.1357 8.9197 49.96
7.9211 -6.0420 8.8556 36.54
4.0646 -3.1098 8.6676 53.78
6.2426 -5.1440 8.8858 42.30
10.9045 -9.6526 8.7996 26.96
5.6440 -5.0239 8.8966 44.22
10.5094 -9.9964 8.7791 26.99
5.4448 -5.2177 8.8790 44.22
8.8493 -7.1296 8.7303 32.69
4.7755 -3.8600 8.9201 49.93
7.5337 -6.5452 8.8631 36.53
3.8068 -3.3381 8.5885 53.79
6.7527 -6.3191 8.8330 38.47
8.9213 -8.9690 6.2739 21.26
6.5277 -6.5828 8.8550 38.50
11.1086 -9.4204 8.8002 26.95
5.7503 -4.9055 8.8863 44.16
9.8996 -9.0450 8.8108 28.91
5.1793 -4.7684 8.8914 46.14
9.1815 -9.0274 8.5114 28.90
4.9971 -4.9571 8.8857 46.14
8.8725 -9.3745 8.5216 28.88
4.8087 -5.1458 8.8900 46.15
9.2413 -8.2709 8.8129 30.80
4.8723 -4.3945 8.8947 48.07
8.8473 -8.5306 8.7449 30.80
4.7153 -4.5874 8.9034 48.04
8.6250 -8.9329 8.8145 30.79
4.5463 -4.7694 8.9109 48.05
8.1041 -9.0306 8.6600 30.84
4.3382 -4.9159 8.8698 48.05
8.8902 -8.3884 8.7069 30.80
4.7563 -4.5302 8.9019 48.08
8.7025 -8.8413 8.8139 30.80
4.5726 -4.6976 8.8762 48.05
8.2714 -9.0310 8.7121 30.79
4.4101 -4.8857 8.9003 48.05
7.6940 -9.0435 8.5034 30.85
4.2123 -5.0424 8.8823 48.05
8.7978 -8.7463 8.8160 30.81
4.6286 -4.6550 8.8961 48.08
8.4276 -9.0239 8.7787 30.81
4.4470 -4.8240 8.8798 48.05
7.8402 -9.0284 8.5472 30.82
4.2729 -5.0004 8.8927 48.05
8.4038 -10.3952 8.7724 28.89
4.3664 -5.5062 8.8653 46.16
8.5511 -8.9588 8.8034 30.81
4.4921 -4.7705 8.8809 48.09
7.9752 -9.0058 8.5883 30.81
4.3198 -4.9490 8.8863 48.06
7.6922 -9.3391 8.6219 30.80
4.1326 -5.1109 8.8840 48.06
7.0267 -9.2036 7.7839 28.89
4.2422 -5.6553 8.9056 46.16
8.1507 -9.0152 8.1098 28.90
4.6925 -5.2513 8.8882 46.16
7.8531 -9.3443 8.1365 28.90
4.4853 -5.4179 8.8730 46.16
8.9037 -11.3810 8.7409 26.99
4.5959 -5.9815 8.8710 44.25
9.0225 -12.4042 8.5431 25.07
4.6990 -6.5829 8.8640 42.32
9.3530 -10.8655 8.0850 25.09
5.2280 -6.1537 8.8580 42.30
9.3618 -11.7098 7.7702 23.16
5.3443 -6.7705 8.8333 40.42
9.2188 -12.3998 7.3590 21.27
5.4611 -7.4492 8.8194 38.52
8.5368 -12.4109 6.6160 19.34
5.5912 -8.2247 8.8217 36.56
2.8757 -4.3734 8.7890 53.83
6.7160 -8.2701 8.8058 34.66
3.5459 -4.4716 8.8997 51.91
6.7736 -8.9899 8.6479 32.70
3.6485 -4.9525 8.9126 49.98
7.0939 -10.1345 8.7769 30.80
3.7091 -5.4375 8.8812 48.06
7.2610 -11.1929 8.7484 28.89
3.7598 -5.9620 8.8691 46.16
8.8432 -11.4167 8.7368 26.99
4.5698 -6.0196 8.8717 44.20
8.9135 -12.4141 8.5190 25.08
4.6568 -6.6092 8.8651 42.34
8.2524 -12.3977 7.7259 23.17
4.7171 -7.2327 8.8289 40.41
7.6000 -12.3858 6.4226 19.32
5.1366 -8.4884 8.7959 36.56
2.6704 -4.5889 8.8775 53.82
6.2790 -8.6230 8.8099 34.66
3.2983 -4.6631 8.8958 51.91
6.2715 -9.3033 8.6186 32.70
3.3615 -5.1266 8.8769 49.98
7.0763 -11.3069 8.7517 28.91
3.6618 -6.0198 8.8609 46.15
7.1814 -12.4193 8.0669 25.06
3.9749 -7.0540 8.8524 42.31
8.6276 -12.4285 7.8205 23.14
4.8776 -7.1510 8.8473 40.41
7.9532 -12.3865 7.0623 21.24
4.5974 -7.3047 8.8171 40.39
7.3230 -12.3686 6.3667 19.32
5.0043 -8.5829 8.8003 36.54
2.5987 -4.6460 8.8917 53.82
5.4403 -10.0942 8.7760 32.73
2.8124 -5.4414 8.8473 49.97
6.7545 -10.3364 8.7677 30.82
3.5182 -5.5438 8.8676 48.09
6.8866 -11.4041 8.7460 28.92
3.5600 -6.0796 8.8592 46.16
6.9233 -12.4199 8.0066 25.06
3.8574 -7.1187 8.8486 42.30
6.3011 -12.3400 6.1759 19.31
4.4588 -8.8851 8.7948 36.54
2.2954 -4.8157 8.8864 53.81
5.7554 -9.3781 8.4820 32.72
3.1464 -5.2927 8.8985 49.97
6.5788 -11.5654 8.7327 28.92
3.4040 -6.1882 8.8711 46.15
6.4939 -12.4019 7.8995 25.06
3.6632 -7.2131 8.8362 42.30
5.9129 -12.3640 6.1192 19.30
3.0707 -6.6698 6.8633 36.53
2.1646 -4.8808 8.8828 53.80
5.7532 -9.9352 8.7846 32.72
2.9123 -5.2271 8.6847 49.97
6.2852 -11.7508 8.7396 28.91
3.2314 -6.2684 8.8533 46.15
6.0659 -12.3477 7.2116 23.11
3.1597 -6.6915 7.7500 40.39
5.5369 -12.3599 5.5455 17.37
4.0998 -9.3562 8.4567 34.61
2.2013 -5.3060 8.8640 51.83
5.9305 -10.8452 8.7633 30.81
3.0640 -5.8225 8.8629 48.08
6.2384 -12.4097 7.8463 25.05
3.5415 -7.2629 8.8280 42.31
5.6614 -12.3356 6.0745 19.31
4.0552 -9.0235 8.7462 36.52
2.0931 -4.9407 8.9072 53.77
2.9383 -7.3165 5.7088 28.84
2.5856 -6.5754 8.8363 46.11
6.3915 -12.3927 7.2973 23.12
3.8838 -7.7279 8.8152 40.38
5.8340 -12.3493 5.5814 17.37
4.3222 -9.3379 8.5152 34.63
2.3055 -5.2506 8.8637 51.86
2.9892 -7.2391 5.6868 28.87
2.6654 -6.5682 8.8614 46.11
4.7440 -12.3130 6.4461 21.22
3.2465 -8.6941 8.7933 38.45
5.9791 -12.3462 5.1030 15.49
3.0977 -6.6443 6.1044 32.70
2.5609 -5.6154 8.8846 49.95
5.4540 -12.4234 8.2560 26.95
2.8651 -6.8254 8.6709 44.18
4.9135 -12.3649 5.9687 19.28
3.4865 -9.0103 8.5611 36.50
1.8194 -5.0480 8.8909 53.77
4.4051 -12.4131 8.6077 28.82
2.2395 -6.7293 8.8454 46.09
5.5803 -12.3655 7.1271 23.11
3.4777 -7.9424 8.8199 40.37
5.0434 -12.3160 4.9767 15.46
4.3179 -10.6859 8.7743 32.65
2.1955 -5.7705 8.8652 49.93
4.5458 -12.3861 7.4970 25.01
2.6875 -7.6684 8.8306 42.25
4.0473 -12.3328 4.8767 15.44
3.5279 -10.9616 8.7596 32.66
1.7577 -5.9312 8.8526 49.90
5.2021 -12.3693 7.6212 25.06
3.0394 -7.5190 8.8270 42.25
4.6742 -12.2971 5.4115 17.34
3.3686 -9.1289 8.1096 34.60
1.8837 -5.4553 8.8798 51.83
4.1744 -12.4055 7.9913 26.91
2.3005 -7.2416 8.8382 44.16
3.6986 -12.3391 5.3147 17.31
2.6239 -9.1220 7.9222 34.55
1.4773 -5.5976 8.8652 51.77
2.9998 -7.9304 5.6612 26.93
2.6389 -7.1035 8.8328 44.18
4.3113 -12.3303 5.8785 19.27
3.0442 -8.9983 8.4224 36.45
1.5988 -5.1306 8.8746 53.72
3.8222 -12.3785 7.9163 26.89
2.1023 -7.2798 8.8069 44.15
3.3389 -12.3074 5.2742 17.32
2.7215 -10.3725 8.7572 34.52
1.3238 -5.6329 8.8566 51.78
4.4526 -12.3871 8.0351 26.92
2.4534 -7.1835 8.8364 44.17
3.9671 -12.3485 5.3390 17.30
3.2098 -10.2284 8.7779 34.57
1.5887 -5.5497 8.8591 51.80
3.4662 -12.3604 7.3194 25.00
2.0781 -7.8712 8.8181 42.22
3.0094 -12.3183 4.3132 13.46
2.8853 -12.0491 8.7141 30.70
1.3987 -6.5048 8.8448 47.96
4.1062 -12.3726 6.3669 21.17
2.8137 -8.8037 8.7467 38.42
3.6162 -12.3008 3.9007 11.58
3.5988 -12.4010 8.4549 28.81
1.8413 -6.8582 8.8306 46.05
3.1303 -12.3325 5.2561 17.29
2.5607 -10.4117 8.7572 34.53
1.2385 -5.6815 8.8811 51.76
2.6566 -12.3694 6.6839 22.99
1.7123 -8.5708 8.8045 40.25
3.7476 -12.3074 4.3702 13.50
3.5658 -11.8707 8.7315 30.72
1.7634 -6.4000 8.8458 47.97
3.2573 -12.3223 5.7519 19.23
2.3602 -9.3290 8.4885 36.41
1.1808 -5.2623 8.8668 53.70
2.7774 -12.3413 7.2175 24.97
1.6642 -7.9901 8.8160 42.18
2.3346 -12.2520 3.8087 11.51
2.3117 -12.3907 8.2569 28.76
1.1548 -7.0594 8.8375 45.98
3.3949 -12.3287 5.7632 19.22
2.4612 -9.3287 8.5191 36.45
1.2393 -5.2618 8.8837 53.69
2.9170 -12.3826 7.2506 24.96
1.7461 -7.9684 8.8171 42.19
2.4681 -12.2911 3.8245 11.52
2.4363 -12.4068 8.2760 28.75
1.2290 -7.0539 8.8489 45.98
2.0214 -12.3376 4.7083 15.33
1.7862 -11.3997 8.7200 32.56
0.7981 -6.1999 8.8533 49.80
3.0587 -12.3658 6.2330 21.12
2.1160 -9.0165 8.7347 38.38
2.6115 -12.3101 3.3873 9.59
2.5669 -12.3568 7.7202 26.84
1.4085 -7.4980 8.8151 44.08
2.1454 -12.3128 4.2571 13.42
2.0725 -12.2444 8.7090 30.66
0.9500 -6.6257 8.8550 47.91
1.6887 -12.2917 4.6758 15.31
1.4945 -11.4731 8.7298 32.54
0.6358 -6.2420 8.8668 49.78
2.7140 -12.3393 6.1860 21.11
1.8590 -8.9858 8.6573 38.36
2.2798 -12.2665 2.9371 7.68
2.2385 -12.3465 7.1541 24.93
1.3280 -8.0725 8.8167 42.16
1.8154 -12.2907 3.7864 11.47
1.7692 -12.3841 8.1893 28.73
0.8541 -7.1136 8.8347 45.97
1.3664 -12.3001 4.2051 13.34
1.3148 -12.4063 8.7158 30.61
0.5318 -6.7013 8.8484 47.84
2.3913 -12.3258 5.1917 17.26
1.9545 -10.5676 8.7493 34.48
0.8940 -5.7510 8.8682 51.76
1.9152 -12.3446 6.1170 21.08
1.2746 -8.9860 8.5471 38.29
1.5017 -12.2509 2.4796 5.71
1.4688 -12.3881 6.5855 22.94
0.8970 -8.7176 8.7898 40.20
1.0603 -12.2369 2.8873 7.59
1.0139 -12.3810 7.0677 24.87
0.5215 -8.1993 8.8040 42.09
2.0693 -12.2745 3.7996 11.50
2.0386 -12.4101 8.2404 28.77
0.9965 -7.0705 8.8199 45.98
1.6129 -12.2876 4.2204 13.38
1.5595 -12.3375 8.6993 30.62
0.6637 -6.6528 8.8185 47.85
1.1663 -12.2891 4.6445 15.26
1.0113 -11.5665 8.7334 32.49
0.3691 -6.2738 8.8566 49.75
0.7301 -12.2898 4.6330 15.26
0.6037 -11.6173 8.7363 32.47
0.1360 -6.2667 8.8204 49.74
1.7258 -12.3149 5.6073 19.13
1.2852 -9.9637 8.7640 36.36
0.5252 -5.4185 8.8623 53.60
1.2609 -12.2988 6.0513 21.03
0.7980 -8.9996 8.5011 38.29
0.8670 -12.2413 2.4648 5.68
0.8230 -12.3812 6.5416 22.90
0.4417 -8.7758 8.7844 40.16
0.4417 -12.2484 2.4533 5.64
0.3792 -12.3707 6.5186 22.88
0.1242 -8.8191 8.7946 40.12
1.4346 -12.2785 2.9039 7.61
1.3927 -12.3658 7.0755 24.85
0.7707 -8.1852 8.8171 42.09
0.9916 -12.2982 3.3181 9.49
0.9306 -12.3502 7.5563 26.74
0.4150 -7.6728 8.8068 43.98
0.5538 -12.2912 3.3046 9.46
0.4960 -12.3858 7.5466 26.71
0.1349 -7.6963 8.8049 43.96
0.1129 -12.2574 3.2927 9.45
0.0504 -12.3345 7.5055 26.69
-0.1458 -7.7341 8.8206 43.92
1.1068 -12.2822 3.7582 11.44
1.0564 -12.3968 8.1373 28.70
0.4393 -7.1899 8.8459 45.92
0.6645 -12.2797 3.7432 11.41
0.6014 -12.3589 8.0763 28.64
0.1762 -7.2173 8.8394 45.88
0.2250 -12.2870 3.7312 11.38
0.1553 -12.3725 8.0585 28.60
-0.0869 -7.2291 8.8277 45.84
-0.2002 -12.2571 3.2883 9.44
-0.2668 -12.3673 7.5128 26.67
-0.3482 -7.7253 8.8041 43.90
0.7937 -12.2699 3.3128 9.50
0.7325 -12.3564 7.5559 26.76
0.2963 -7.6865 8.8098 43.97
0.3578 -12.2641 3.2959 9.45
0.2924 -12.3688 7.5286 26.70
0.0129 -7.7172 8.8190 43.96
-0.0754 -12.2716 3.2862 9.41
-0.1426 -12.3573 7.5070 26.66
-0.2684 -7.7268 8.8099 43.91
-0.5064 -12.2631 2.8516 7.46
-0.5813 -12.3603 6.9909 24.73
-0.5543 -8.2866 8.8112 41.94
0.4838 -12.2643 2.8765 7.56
0.4291 -12.3595 7.0179 24.80
0.1261 -8.2382 8.8015 42.05
0.0525 -12.2526 2.8656 7.53
-0.0171 -12.3776 7.0049 24.76
-0.1668 -8.2816 8.8138 41.98
-0.3845 -12.2361 2.4383 5.59
-0.4511 -12.3465 6.4816 22.81
-0.4756 -8.8380 8.7863 40.06
-0.8064 -12.2391 2.0145 3.64
-0.8838 -12.3104 5.9813 20.87
-0.7976 -9.1378 8.5154 38.08
0.1853 -12.2323 2.0263 3.69
0.1225 -12.3043 5.9895 20.92
-0.0509 -9.0086 8.4356 38.20
-0.2382 -12.2525 1.6054 1.75
-0.3110 -12.3415 5.5291 19.01
-0.3794 -10.1490 8.7606 36.19
-0.4042 -5.5118 8.8668 53.45
-0.7427 -12.2934 5.0420 17.04
-0.7636 -10.8946 8.7615 34.28
-0.6191 -5.9010 8.8459 51.51
-1.1615 -12.3104 4.5929 15.09
-1.2018 -11.6564 8.7185 32.32
-0.8628 -6.3160 8.8433 49.56
-0.1651 -12.2644 4.1526 13.26
-0.2343 -12.3953 8.6131 30.49
-0.3313 -6.7726 8.8422 47.73
-0.5916 -12.2494 3.7084 11.32
-0.6733 -12.3708 8.0404 28.54
-0.5836 -7.2535 8.8400 45.78
-1.0156 -12.2663 3.2713 9.34
-1.0963 -12.3507 7.4946 26.58
-0.8760 -7.7338 8.8158 43.83
-1.4346 -12.2406 2.4219 5.49
-1.5271 -12.3413 6.4748 22.69
-1.2469 -8.7293 8.7070 39.95
-0.4380 -12.2231 2.0163 3.65
-0.5092 -12.3178 5.9865 20.89
-0.5197 -9.0268 8.4362 38.15
-0.8603 -12.2109 1.5934 1.70
-0.9425 -12.3145 5.5061 18.93
-0.9059 -10.1515 8.7606 36.13
-0.6972 -5.5059 8.8614 53.40
-1.3762 -12.3131 5.0469 16.98
-1.3229 -10.8262 8.7253 34.23
-0.9336 -5.9062 8.8683 51.45
-1.7945 -12.2955 4.1473 13.12
-1.8942 -12.3716 8.6207 30.36
-1.2389 -6.6817 8.7822 47.61
-0.7820 -12.2795 3.7111 11.30
-0.8627 -12.3620 8.0441 28.56
-0.6992 -7.2495 8.8410 45.78
-1.2109 -12.2819 3.2714 9.32
-1.2985 -12.3478 7.4971 26.57
-0.9973 -7.7083 8.7925 43.80
-1.6382 -12.2475 2.4228 5.48
-1.7215 -12.3228 6.4772 22.70
-1.3666 -8.5632 8.5798 39.95
-2.0496 -12.2437 1.5759 1.60
-2.1489 -12.3139 5.5275 18.85
-1.7428 -9.0790 8.0306 36.07
-1.2442 -5.4059 8.7916 53.32
-1.1226 -12.3121 5.0485 17.02
-1.1112 -10.8733 8.7536 34.25
-0.8152 -5.9078 8.8690 51.50
-1.5514 -12.3233 4.1554 13.15
-1.6430 -12.3801 8.6184 30.40
-1.1087 -6.7460 8.8339 47.61
-1.9654 -12.2803 3.2696 9.25
-2.0538 -12.3175 7.5034 26.50
-1.4808 -7.6748 8.8012 43.75
-2.3897 -12.2600 2.4153 5.40
-2.4898 -12.3129 6.5040 22.64
-1.9463 -8.7529 8.7913 39.88
-1.3661 -12.2554 1.5837 1.64
-1.4506 -12.3067 5.5077 18.89
-1.3284 -10.1024 8.7527 36.15
-0.9327 -5.4841 8.8578 53.39
-1.8714 -12.2996 4.5902 15.01
-1.8816 -11.6448 8.7322 32.24
-1.2274 -6.2280 8.7800 49.53
-2.2981 -12.2586 3.7064 11.16
-2.4090 -12.3649 8.0837 28.38
-1.6018 -7.1508 8.8038 45.62
-2.7218 -12.2456 2.8338 7.25
-2.8340 -12.3529 7.0445 24.52
-2.0579 -8.1317 8.7837 41.75
-1.6876 -12.2117 1.9999 3.56
-1.7778 -12.3075 5.9880 20.79
-1.4869 -9.2148 8.6067 38.02
-2.1133 -12.2075 1.1545 -0.33
-2.2048 -12.2966 5.0597 16.93
-2.0520 -10.7802 8.7395 34.17
-1.3140 -5.7044 8.6663 51.39
-2.6275 -12.2814 4.1578 13.05
-1.9628 -8.3689 6.2961 30.29
-1.7069 -6.6655 8.8288 47.53
-3.0643 -12.2811 3.2831 9.18
-3.1672 -12.3359 7.5789 26.38
-1.9902 -6.8597 8.1032 43.64
-2.0079 -12.2089 2.4147 5.44
-2.1083 -12.3268 6.4996 22.70
-1.6747 -8.7889 8.7903 39.91
-2.4518 -12.2529 1.9863 3.46
-2.5623 -12.3355 6.0273 20.73
-2.0264 -8.9652 8.4677 37.97
-2.8691 -12.2075 1.1394 -0.39
-2.9827 -12.2842 5.0754 16.84
-2.7262 -10.6900 8.7403 34.08
-1.7109 -5.7990 8.8576 51.30
-3.4144 -12.2710 4.1751 12.97
-3.5222 -12.2816 8.6997 30.20
-2.1269 -6.5897 8.8334 47.45
-2.3578 -12.2622 3.2727 9.24
-2.4639 -12.3383 7.5458 26.50
-1.7224 -7.6464 8.8074 43.73
-2.7818 -12.2479 2.4085 5.34
-2.8883 -12.3043 6.5164 22.58
-2.2184 -8.6996 8.7775 39.83
-3.2122 -12.2086 1.5562 1.49
-3.3339 -12.3221 5.5770 18.72
-2.8306 -9.9094 8.7536 35.97
-1.7767 -5.3809 8.8827 53.22
-3.7546 -12.2827 4.6437 14.83
-3.6109 -11.3813 8.7450 32.08
-2.1858 -6.1195 8.8446 49.33
-2.6859 -12.2487 3.7148 11.15
-1.9068 -7.8818 5.6500 28.37
-1.8383 -7.1505 8.8388 45.58
-3.1180 -12.2481 2.8522 7.29
-3.2349 -12.3287 7.0613 24.47
-1.9681 -6.6638 7.4798 41.72
-3.5516 -12.2112 1.9716 3.34
-3.6838 -12.3400 6.0977 20.63
-2.8606 -8.9764 8.5906 37.85
-3.9934 -12.2113 1.1091 -0.52
-4.1190 -12.3049 5.1371 16.71
-3.6708 -10.4895 8.7437 33.96
-2.2293 -5.6747 8.8592 51.21
-3.0279 -12.2633 4.1627 13.01
-1.9837 -7.2498 5.6490 30.23
-1.9281 -6.6319 8.8296 47.47
-3.4591 -12.2455 3.2792 9.12
-3.5819 -12.3252 7.6188 26.36
-2.4093 -7.5452 8.8217 43.59
-3.9047 -12.2142 2.4133 5.27
-4.0270 -12.3089 6.6080 22.48
-2.9826 -8.5121 8.7635 39.73
-4.3427 -12.2071 1.5432 1.40
-4.4790 -12.2869 5.6489 18.63
-3.5742 -9.3119 8.4625 35.86
-2.2595 -5.2479 8.8694 53.08
-3.3717 -12.2917 4.6467 14.94
-2.0657 -6.7491 5.6937 32.10
-1.9978 -6.1740 8.8531 49.35
-3.8190 -12.2888 3.7441 11.02
-3.9438 -12.3499 8.2215 28.25
-2.4698 -7.0055 8.8295 45.48
-4.2485 -12.2242 2.8413 7.09
-4.3947 -12.3478 7.1919 24.40
-3.0356 -7.9285 8.8012 41.61
-4.7040 -12.1967 1.9666 3.23
-4.8471 -12.2921 6.1837 20.52
-3.7250 -8.9696 8.7583 37.71
-3.5923 -12.1855 1.1227 -0.46
-3.7154 -12.2849 5.1124 16.77
-3.3521 -10.5850 8.7512 33.99
-2.0545 -5.7182 8.8612 51.26
-4.1702 -12.2815 4.2069 12.90
-4.2199 -12.0921 8.6860 30.13
-2.5159 -6.4999 8.8364 47.36
-4.6113 -12.2453 3.3047 9.00
-4.7597 -12.3594 7.7736 26.24
-3.0745 -7.3562 8.8173 43.49
-5.0692 -12.2157 2.4187 5.14
-5.2230 -12.3098 6.7420 22.38
-3.7496 -8.3246 8.7955 39.60
-3.9458 -12.2114 1.5433 1.41
-4.0771 -12.3093 5.6208 18.65
-3.4172 -9.7992 8.7661 35.87
-2.0860 -5.2824 8.8430 53.10
-4.5270 -12.2926 4.6910 14.77
-4.2563 -11.1590 8.7210 32.03
-2.5561 -6.0424 8.8687 49.23
-4.9796 -12.2341 3.7764 10.90
-5.1512 -12.3673 8.4008 28.12
-3.0894 -6.8166 8.8294 45.38
-5.4520 -12.2314 2.8717 7.00
-5.6238 -12.3583 7.3529 24.26
-3.7354 -7.6902 8.7980 41.50
-4.3014 -12.2154 1.9728 3.29
-4.4304 -12.2970 6.1384 20.53
-3.4272 -8.9847 8.7109 37.78
-4.7754 -12.2393 1.0954 -0.57
-4.9018 -12.3066 5.2038 16.68
-3.8454 -9.2052 7.9476 33.90
-2.5622 -5.5694 8.8522 51.12
-5.3694 -12.2953 4.2758 12.79
-5.2817 -11.7812 8.6980 30.02
-3.0966 -6.3190 8.8528 47.26
-5.8265 -12.2161 3.3500 8.91
-6.0059 -12.3494 7.9687 26.14
-3.7257 -7.1183 8.8142 43.36
-4.6594 -12.2291 2.4095 5.15
-4.8051 -12.3331 6.7075 22.44
-3.4820 -8.3959 8.7808 39.64
-5.1170 -12.1946 1.5262 1.30
-5.2723 -12.2966 5.7162 18.52
-4.1851 -9.3131 8.5832 35.73
-2.5693 -5.1530 8.8767 52.99
-5.7372 -12.2594 4.7682 14.65
-5.2546 -10.8710 8.7379 31.87
-3.0816 -5.8286 8.8452 49.13
-6.2458 -12.2722 3.8446 10.77
-6.4253 -12.3760 8.6464 28.02
-3.6968 -6.5857 8.8311 45.23
-5.0327 -12.2321 2.8657 7.05
-5.1863 -12.3516 7.2814 24.28
-3.5089 -7.8013 8.8157 41.52
-5.4968 -12.2073 1.9708 3.18
-5.6545 -12.2811 6.2673 20.43
-4.2628 -8.8183 8.7878 37.64
-5.9789 -12.1991 1.0607 -0.70
-6.1531 -12.2948 5.3077 16.53
-5.1945 -10.0182 8.7716 33.77
-3.0657 -5.3882 8.8662 50.99
-6.6420 -12.2581 4.3546 12.65
-6.3295 -11.3860 8.7091 29.90
-3.6567 -6.0787 8.8512 47.14
-5.4080 -12.2423 3.3282 8.91
-5.5803 -12.3569 7.8972 26.17
-3.4969 -7.2044 8.8173 43.43
-5.8835 -12.2204 2.4271 5.06
-6.0535 -12.3144 6.8519 22.28
-4.2336 -8.1520 8.8062 39.53
-6.3767 -12.1902 1.5095 1.18
-6.5584 -12.2988 5.8648 18.41
-4.9876 -8.9661 8.5795 35.66
-3.0271 -4.9466 8.8694 52.91
-7.0781 -12.2779 5.3995 16.43
-5.6079 -9.3479 8.4705 33.66
-3.4089 -5.2286 8.8727 50.91
-5.8316 -12.3037 4.3070 12.74
-5.6714 -11.6762 8.7136 29.96
-3.3039 -6.2323 8.8419 47.20
-6.3158 -12.2726 3.3729 8.84
-6.4868 -12.3477 8.0538 26.09
-3.9607 -7.0337 8.8334 43.34
-6.8149 -12.2124 2.9023 6.84
-6.9978 -12.3011 7.5653 24.15
-4.4646 -7.3936 8.8114 41.36
-7.3808 -12.2464 2.4499 4.90
-7.5700 -12.3217 7.1051 22.16
-5.0395 -7.7778 8.8115 39.40
-6.0772 -12.1993 1.5115 1.20
-6.2562 -12.3137 5.8314 18.44
-4.7723 -8.9704 8.5150 35.66
-2.9309 -5.0147 8.8866 52.89
-6.7825 -12.3027 5.3834 16.50
-5.5937 -9.8003 8.7469 33.72
-3.3027 -5.2916 8.8819 50.93
-7.3030 -12.2602 4.9126 14.51
-5.6636 -9.1367 7.8545 31.72
-3.7006 -5.5579 8.8627 48.98
-7.8679 -12.2479 4.4572 12.54
-7.2274 -10.9626 8.7197 29.78
-4.1318 -5.8216 8.8418 47.03
-6.5513 -12.2642 3.3864 8.83
-6.7238 -12.3314 8.0909 26.06
-4.0698 -6.9813 8.8268 43.30
-7.0676 -12.2286 2.9349 6.91
-7.2769 -12.3489 7.6263 24.09
-4.5853 -7.3376 8.8127 41.33
-7.6394 -12.2292 2.4624 4.91
-7.8296 -12.3196 7.1479 22.12
-5.1623 -7.7056 8.8071 39.37
-8.2003 -12.2067 1.9751 2.92
-8.4143 -12.3041 6.6850 20.17
-5.7848 -8.0874 8.7920 37.40
-6.8490 -12.1928 1.5012 1.13
-7.0456 -12.3090 5.9304 18.37
-5.3546 -8.9598 8.6813 35.59
-3.1963 -4.8836 8.8804 52.82
-7.5768 -12.2591 5.4655 16.42
-5.9628 -9.3068 8.5603 33.64
-3.5819 -5.1419 8.8757 50.86
-8.1678 -12.2852 5.0121 14.43
-6.9291 -10.0959 8.7462 31.65
-3.9964 -5.3935 8.8634 48.90
-8.7535 -12.2494 4.5438 12.47
-7.8088 -10.6410 8.7221 29.69
-4.4377 -5.6313 8.8338 46.94
-7.3630 -12.2550 3.9176 10.68
-7.3869 -12.0448 8.7058 27.94
-4.1851 -6.3456 8.8339 45.15
-7.9088 -12.2154 3.4434 8.68
-8.1499 -12.3521 8.4048 25.93
-4.6950 -6.6656 8.8302 43.16
-8.5085 -12.2270 2.9677 6.69
-8.7396 -12.3343 7.9347 24.00
-5.2476 -6.9930 8.8338 41.21
-9.1220 -12.1896 2.9969 6.66
-9.4054 -12.3499 8.0862 23.92
-5.4944 -6.8101 8.8135 41.15
-7.7129 -12.2230 2.4530 4.86
-7.9184 -12.3224 7.1750 22.15
-5.2082 -7.6884 8.8080 39.35
-8.3076 -12.2330 1.9762 2.91
-8.5172 -12.3027 6.7056 20.17
-5.8460 -8.0723 8.8025 37.38
-8.9262 -12.2152 1.9724 2.83
-9.1595 -12.3154 6.8293 20.12
-6.1300 -7.8698 8.7884 37.34
-9.5648 -12.1842 1.9819 2.80
-9.8431 -12.3246 6.9578 20.05
-6.4266 -7.6917 8.7960 37.26
-8.0986 -12.2012 1.4848 1.01
-8.3107 -12.2971 6.1084 18.26
-6.1309 -8.7022 8.7794 35.48
-3.5926 -4.6789 8.8973 52.70
-8.9040 -12.2685 5.6302 16.25
-6.7400 -8.9599 8.6167 33.53
-3.9857 -4.8914 8.8659 50.74
-9.5771 -12.2797 5.7399 16.23
-6.8324 -8.4266 8.3516 33.47
-4.1749 -4.7767 8.8781 50.68
-10.2472 -12.2626 5.8341 16.16
-7.5576 -8.7074 8.7721 33.39
-4.3540 -4.6466 8.8809 50.64
-8.6876 -12.2443 5.0807 14.44
-7.2642 -9.9229 8.7590 31.60
-4.1810 -5.2965 8.8769 48.85
-9.3423 -12.2563 5.1471 14.33
-7.3338 -9.2944 8.4655 31.58
-4.3742 -5.1575 8.8628 48.78
-10.0385 -12.2744 5.2419 14.27
-7.8225 -9.2435 8.5966 31.49
-4.5735 -5.0340 8.8843 48.75
-10.3721 -11.8245 5.1874 14.21
-8.1079 -8.9403 8.5547 31.45
-4.7671 -4.8964 8.8924 48.69
-9.1800 -12.2856 5.1508 14.41
-7.5138 -9.7405 8.7449 31.56
-4.3171 -5.1955 8.8650 48.81
-9.8368 -12.2659 5.2133 14.29
-7.6983 -9.2777 8.5821 31.55
-4.5121 -5.0587 8.8609 48.74
-10.4188 -12.1113 5.2585 14.23
-7.9785 -8.9577 8.5107 31.45
-4.6933 -4.9129 8.8563 48.71
-10.3877 -11.2147 5.6164 16.12
-8.0315 -8.3709 8.7851 33.31
-4.6108 -4.4567 8.8939 50.56
-9.6674 -12.2715 5.7507 16.22
-7.2641 -8.8895 8.7664 33.46
-4.2043 -4.7602 8.8841 50.68
-10.3726 -12.2722 5.8572 16.15
-7.5993 -8.6668 8.7784 33.42
-4.3780 -4.6201 8.8657 50.61
-10.3887 -11.4359 5.6679 16.13
-7.9310 -8.4358 8.7950 33.39
-4.5543 -4.4866 8.8790 50.58
-10.3871 -10.6264 6.0111 17.96
-7.7245 -7.6138 8.8073 35.22
-4.4426 -4.0364 8.8836 52.44
-10.1967 -12.2759 6.4154 18.09
-7.0546 -8.1504 8.8082 35.32
-4.0808 -4.3435 8.8874 52.54
-10.4020 -11.6654 6.2881 18.04
-7.3475 -7.9113 8.8012 35.28
-4.2462 -4.2125 8.8913 52.50
-10.3916 -10.8234 6.6252 19.91
-6.7362 -6.6707 8.8343 39.06
-10.2054 -10.0331 2.8263 6.43
-9.3283 -8.9642 6.8492 23.67
-6.5540 -6.0182 8.8364 40.91
-10.4009 -12.0426 3.0477 6.56
-6.7617 -7.5084 5.6434 23.79
-6.0216 -6.4699 8.8398 41.03
-10.4009 -11.1877 3.4740 8.42
-6.6966 -6.8956 5.7980 25.66
-5.8880 -5.8486 8.8451 42.91
-10.4115 -10.4155 3.8794 10.28
-9.3992 -9.1734 8.0166 27.53
-5.7441 -5.2845 8.8504 44.75
-10.3746 -9.6527 4.2510 12.15
-9.8443 -8.9427 8.6496 29.39
-5.5870 -4.7489 8.8494 46.61
-10.4123 -11.3766 4.5602 12.27
-8.7447 -9.2884 8.3967 29.52
-5.1650 -5.1371 8.8636 46.76
-10.3913 -10.5610 4.9317 14.14
-6.8042 -6.6108 6.9375 31.34
-5.0479 -4.6387 8.8709 48.59
-10.3908 -9.8104 5.2956 16.02
-8.6107 -7.8875 8.7917 33.20
-4.9053 -4.1632 8.8717 50.48
-10.1216 -8.8715 5.5179 17.84
-8.3500 -7.0865 8.8246 35.07
-4.7781 -3.7387 8.9000 52.31
-10.3937 -10.7010 6.5913 19.90
-7.2211 -7.1329 8.8304 37.13
-10.3986 -10.1422 2.3670 4.52
-9.5841 -9.1346 6.4629 21.75
-7.0273 -6.4209 8.8363 38.99
-10.0976 -9.1337 2.7301 6.36
-10.0348 -8.9128 7.0405 23.62
-6.8443 -5.7957 8.8696 40.85
-10.3758 -8.7275 3.6364 10.18
-10.3770 -8.5529 8.1191 27.37
-6.2387 -4.8418 8.8766 44.61
-10.3877 -10.2443 4.3545 12.19
-9.4938 -9.1392 8.5976 29.43
-5.4387 -4.8982 8.8597 46.67
-10.3970 -9.5410 4.7292 14.05
-9.3658 -8.3715 8.7836 31.28
-5.2925 -4.4017 8.8709 48.54
-10.3813 -8.8467 5.0835 15.93
-8.8362 -7.3116 8.6393 33.18
-5.1462 -3.9514 8.8915 50.38
-10.3724 -8.1952 5.9136 19.72
-8.1523 -6.2096 8.8176 36.92
-10.3686 -9.7984 2.3335 4.47
-9.6080 -8.8888 6.3956 21.73
-7.1318 -6.3233 8.8349 38.96
-10.0836 -8.8450 2.7049 6.35
-10.3353 -8.9122 7.1299 23.59
-6.9410 -5.6957 8.8699 40.83
-10.3834 -8.4610 3.5974 10.14
-10.3869 -8.2938 8.0370 27.38
-6.3191 -4.7558 8.8805 44.60
-10.3681 -7.8221 4.4027 13.90
-10.2133 -7.5335 8.8010 31.13
-5.7399 -3.9410 8.8826 48.37
-10.1691 -9.0172 5.0719 15.94
-8.7907 -7.5717 8.7290 33.18
-5.0657 -4.0495 8.9023 50.40
-10.3836 -8.5469 5.9907 19.69
-8.0347 -6.3665 8.8228 36.92
-10.3675 -8.0428 2.6485 6.25
-10.3971 -7.9196 6.8437 23.49
-7.3198 -5.3217 8.8846 40.72
-10.3593 -7.4480 3.4544 10.03
-10.3926 -7.3171 7.6909 27.25
-6.6241 -4.3996 8.8758 44.49
-10.3777 -8.7774 4.1040 12.07
-10.3942 -8.6161 8.7291 29.31
-5.8273 -4.5149 8.8599 46.55
-10.3681 -8.1304 4.9213 15.83
-9.3625 -7.1471 8.8089 33.10
-5.3280 -3.7672 8.8959 50.28
-10.3913 -7.5411 5.7499 19.63
-8.4556 -5.9231 8.8502 36.87
-10.3734 -7.0923 2.5620 6.15
-10.3775 -6.9566 6.5580 23.39
-7.6345 -4.8953 8.8634 40.63
-10.3999 -8.3726 3.5840 10.12
-10.3882 -8.1968 7.9980 27.35
-6.3420 -4.7178 8.8680 44.57
-10.3745 -7.7394 4.3903 13.89
-10.2398 -7.4678 8.7841 31.12
-5.7712 -3.9125 8.8929 48.38
-10.3917 -7.1642 5.1884 17.64
-9.1859 -6.1409 8.8200 34.90
-5.1209 -3.1443 8.7319 52.13
-10.3808 -6.6064 5.9999 21.48
-8.2885 -5.0669 8.8589 38.67
-10.3973 -7.9606 3.0817 8.15
-10.3738 -7.7888 7.3185 25.41
-6.8834 -4.9081 8.8622 42.61
-10.3945 -7.3689 3.8879 11.94
-10.3804 -7.2062 8.1886 29.16
-6.2521 -4.0627 8.8809 46.40
-10.3632 -6.7790 4.6649 15.72
-10.0350 -6.4071 8.8411 32.98
-5.5467 -3.2640 8.7291 50.17
-10.3877 -6.2638 5.4619 19.51
-8.8414 -5.1490 8.7220 36.72
-10.3654 -7.5455 2.6053 6.21
-10.4057 -7.4320 6.6984 23.42
-7.4727 -5.0966 8.8597 40.67
-10.3730 -6.9768 3.3985 9.99
-10.3796 -6.8364 7.5339 27.22
-6.7740 -4.2157 8.8871 44.46
-10.3695 -6.4322 4.1740 13.77
-10.3845 -6.2992 8.4141 30.99
-5.9096 -3.3213 8.6083 48.23
-10.3919 -5.9163 5.3891 19.47
-9.1332 -5.0282 8.8505 36.68
-10.3740 -7.1585 2.5719 6.17
-10.3661 -7.0145 6.5674 23.38
-7.6207 -4.9280 8.8682 40.63
-10.3820 -6.6099 3.3503 9.93
-10.3837 -6.4709 7.4196 27.18
-6.8891 -4.0571 8.8852 44.42
-10.3564 -6.0542 4.5358 15.65
-10.3775 -5.9266 8.8371 32.90
-5.6613 -2.9684 8.6388 50.09
-10.3676 -5.5502 5.7488 21.36
-8.6898 -4.4700 8.8609 38.57
-10.1715 -6.6231 2.9153 8.03
-10.3763 -6.6272 6.9625 25.29
-7.2814 -4.4225 8.8691 42.49
-10.3636 -6.2280 3.7116 11.79
-10.3741 -6.0979 7.8068 29.04
-6.5994 -3.6326 8.9066 46.28
-10.3931 -5.7195 4.9122 17.52
-9.8777 -5.2802 8.8592 34.74
-5.5878 -2.7347 8.9239 51.97
-10.3404 -5.1895 6.0954 23.18
-8.2811 -3.9781 8.8772 40.42
-10.3751 -6.3835 3.3245 9.91
-10.3996 -6.2620 7.3593 27.15
-6.9640 -3.9612 8.8832 44.37
-10.3492 -5.8410 4.4886 15.58
-10.3746 -5.7172 8.7534 32.85
-5.8474 -2.9642 8.8151 50.04
-10.3897 -5.3563 5.7086 21.31
-8.7702 -4.3456 8.8611 38.53
-10.3597 -4.9742 3.1699 9.77
-10.3630 -4.8535 6.9432 26.97
-7.2512 -3.1944 8.7257 44.20
-10.3496 -5.9782 4.5144 15.61
-10.3802 -5.8533 8.8011 32.85
-5.7084 -2.9586 8.6798 50.08
-10.3681 -5.4704 5.7208 21.30
-8.7301 -4.4282 8.8659 38.54
-10.3816 -5.1088 3.1806 9.76
-10.3680 -4.9784 6.9849 27.01
-6.8564 -3.0850 8.3391 44.22
-10.3514 -4.6188 4.3020 15.46
-10.3520 -4.4900 8.3309 32.70
-6.2377 -2.4839 8.9379 49.90
-10.3573 -5.6026 5.7472 21.32
-8.6748 -4.5065 8.8608 38.55
-10.3428 -5.2095 3.1888 9.78
-10.3657 -5.0993 7.0141 27.02
-6.8676 -3.1709 8.3954 44.26
-10.3884 -4.7535 4.3320 15.48
-10.3928 -4.6316 8.4048 32.74
-6.1967 -2.5330 8.9249 49.93
-10.3489 -4.2768 5.4774 21.17
-8.0215 -3.1450 7.8765 38.39
-10.3716 -5.3521 3.2066 9.79
-10.3473 -5.2149 7.0350 27.03
-7.0249 -3.3314 8.6066 44.27
-10.3837 -4.8753 4.3423 15.46
-10.3691 -4.7417 8.4203 32.73
-6.1600 -2.5851 8.9075 49.92
-8.8406 -3.7085 4.8581 21.19
-9.1707 -3.7367 8.9041 38.41
-10.3726 -4.0595 3.0824 9.65
-10.3617 -3.9427 6.7235 26.85
-7.7030 -2.7522 8.9248 44.08
-10.3547 -4.9869 4.3547 15.49
-10.3623 -4.8606 8.4501 32.73
-6.1354 -2.6457 8.9222 49.96
-8.8721 -3.8220 4.8858 21.18
-8.8952 -3.7141 8.6988 38.42
-10.3502 -4.1646 3.0826 9.64
-10.3794 -4.0642 6.7656 26.89
-7.6594 -2.8196 8.9153 44.10
-9.8386 -3.5253 4.0296 15.34
-9.3933 -3.2463 7.4268 32.58
-6.4316 -2.0388 8.9235 49.79
-10.3726 -4.6457 5.5523 21.20
-8.8320 -3.7880 8.6808 38.43
-8.9241 -3.6487 2.8305 9.66
-10.3562 -4.1680 6.7772 26.90
-7.6319 -2.8922 8.9270 44.14
-9.7724 -3.6028 4.0245 15.36
-9.1782 -3.2671 7.3129 32.62
-6.4192 -2.1000 8.9417 49.81
-10.3486 -3.4025 5.3274 21.05
-9.3683 -2.9411 8.7841 38.28
-8.8536 -3.7179 2.8258 9.67
-10.3567 -4.2847 6.8026 26.91
-7.5993 -2.9604 8.9271 44.15
-9.8299 -3.7351 4.0495 15.34
-9.2058 -3.3781 7.3540 32.61
-6.3911 -2.1567 8.9303 49.80
-10.3632 -3.5146 5.3514 21.07
-9.1676 -2.9677 8.6467 38.30
-10.1411 -3.1178 2.9676 9.54
-9.7231 -2.8818 6.2105 26.73
-7.9405 -2.2046 8.9356 43.97
-10.3379 -4.0597 4.2178 15.37
-10.3820 -3.9586 8.1907 32.61
-6.3577 -2.2141 8.9279 49.84
-10.3502 -3.6192 5.3588 21.06
-8.8206 -2.9372 8.3820 38.30
-10.0655 -3.1978 2.9567 9.52
-10.1313 -3.1187 6.4528 26.78
-7.9000 -2.2747 8.9240 43.99
-10.2241 -2.8399 4.0462 15.22
-10.3616 -2.7713 7.8894 32.46
-6.6025 -1.5835 8.9228 49.67
-10.3653 -3.7448 5.3857 21.08
-8.7150 -2.9935 8.3222 38.32
-10.1718 -3.3385 2.9867 9.55
-10.1640 -3.2346 6.4888 26.78
-7.8687 -2.3463 8.9263 44.02
-10.0723 -2.8949 4.0151 15.25
-10.3837 -2.8869 7.9345 32.50
-6.5902 -1.6442 8.9354 49.70
-10.3669 -2.5794 5.2158 20.94
-9.7610 -2.3039 8.9051 38.16
-10.3462 -3.4991 3.3933 11.46
-9.5509 -3.1127 6.5958 28.70
-7.3618 -2.2367 8.9274 45.94
-9.2988 -2.7433 4.1433 17.16
-10.2298 -2.9294 8.3426 34.40
-6.1701 -1.5696 8.9465 51.62
-10.3645 -2.6706 5.6310 22.86
-9.1328 -2.2200 8.9224 40.09
-10.3231 -2.3523 3.2927 11.32
-10.3674 -2.2604 6.8521 28.53
-7.6294 -1.5091 8.9463 45.78
-9.1354 -2.7845 4.1018 17.17
-9.8840 -2.9273 8.1162 34.40
-6.1415 -1.6272 8.9304 51.62
-10.3578 -2.7765 5.6436 22.87
-8.8834 -2.2392 8.7303 40.11
-10.3257 -2.4514 3.3012 11.33
-10.3392 -2.3590 6.8566 28.56
-7.6012 -1.5807 8.9370 45.79
-9.4759 -1.8661 4.0993 17.01
-10.3864 -1.9652 8.2390 34.24
-6.3549 -1.0245 8.9748 51.49
-10.3207 -2.8710 5.6388 22.87
-8.8506 -2.3239 8.7228 40.11
-10.3459 -2.5641 3.3098 11.33
-10.3492 -2.4685 6.8794 28.57
-7.5698 -1.6426 8.9249 45.81
-9.6559 -2.0019 4.1620 17.01
-10.3472 -2.0553 8.2339 34.27
-6.3198 -1.0789 8.9477 51.51
-10.3620 -1.7695 5.5146 22.72
-9.3682 -1.4843 8.9449 39.96
-10.3531 -2.6670 3.3212 11.35
-10.3607 -2.5710 6.9043 28.59
-7.5620 -1.7150 8.9415 45.83
-9.4623 -2.0532 4.1140 17.04
-10.3546 -2.1611 8.2584 34.29
-6.3021 -1.1338 8.9420 51.51
-10.3691 -1.8729 5.5308 22.75
-9.3370 -1.5651 8.9367 39.98
-10.3183 -1.5645 3.2391 11.21
-10.3608 -1.4754 6.7395 28.42
-7.7471 -0.9624 8.9323 45.68
-9.3875 -2.1275 4.0995 17.06
-10.3514 -2.2661 8.2724 34.29
-6.2630 -1.1897 8.9212 51.56
-10.3576 -1.9745 5.5375 22.76
-9.3068 -1.6465 8.9311 40.00
-10.3403 -1.6636 3.2497 11.22
-10.3292 -1.5722 6.7377 28.45
-7.7504 -1.0401 8.9500 45.68
-9.7586 -1.1949 4.1265 16.89
-10.3380 -1.1831 8.0945 34.16
-6.4390 -0.5750 8.9625 51.39
-10.3721 -2.0793 5.5516 22.75
-9.2828 -1.7367 8.9259 40.00
-10.3445 -1.7682 3.2573 11.24
-10.3533 -1.6799 6.7633 28.46
-7.7441 -1.1078 8.9589 45.70
-9.7237 -1.2839 4.1262 16.93
-10.3622 -1.2823 8.1221 34.16
-6.4343 -0.6353 8.9686 51.40
-10.3437 -0.9956 5.4431 22.65
-9.4997 -0.8089 8.9478 39.87
-10.3474 -1.8662 3.2618 11.24
-10.3469 -1.7747 6.7736 28.48
-7.7134 -1.1760 8.9459 45.72
-9.6532 -1.3684 4.1102 16.93
-10.3722 -1.3851 8.1425 34.18
-6.4122 -0.6904 8.9520 51.40
-10.3499 -1.0959 5.4484 22.64
-9.4956 -0.8944 8.9547 39.87
-10.3525 -0.8015 3.2027 11.08
-10.3241 -0.7081 6.6508 28.34
-7.8642 -0.4114 8.9595 45.57
-9.7448 -1.4761 4.1468 16.95
-10.3505 -1.4843 8.1381 34.18
-6.4033 -0.7530 8.9641 51.45
-10.3374 -1.1954 5.4512 22.65
-9.4627 -0.9771 8.9415 39.90
-10.3305 -0.8926 3.2049 11.10
-10.3461 -0.8103 6.6681 28.34
-7.8504 -0.4871 8.9546 45.58
-9.7888 -0.4794 4.0959 16.80
-10.3334 -0.4272 8.0164 34.05
-6.5097 -0.1215 8.9766 51.29
-10.3479 -1.2956 5.4600 22.65
-9.4494 -1.0696 8.9396 39.89
-10.3675 -0.9981 3.2192 11.13
-10.3421 -0.9111 6.6738 28.35
-7.8417 -0.5545 8.9559 45.59
-9.7498 -0.5695 4.0911 16.83
-10.3326 -0.5214 8.0190 34.05
-6.4947 -0.1814 8.9644 51.30
-10.3444 -0.2392 5.3914 22.51
-9.5847 -0.1241 8.9502 39.75
-10.3485 -1.0911 3.2177 11.13
-10.3581 -1.0066 6.6922 28.37
-7.8271 -0.6261 8.9541 45.61
-9.7754 -0.6661 4.1018 16.83
-10.3405 -0.6211 8.0353 34.07
-6.4934 -0.2390 8.9682 51.30
-10.3611 -0.3381 5.4047 22.54
-9.5970 -0.2102 8.9677 39.77
-10.3393 -0.0433 3.1772 11.00
-10.3555 0.0421 6.6199 28.22
-7.9197 0.1499 8.9691 45.47
-9.7747 -0.7575 4.1062 16.84
-10.3355 -0.7212 8.0369 34.07
-6.5074 -0.3041 8.9883 51.29
-10.3760 -0.4388 5.4156 22.55
-9.5768 -0.2959 8.9599 39.79
-10.3357 -0.1357 3.1796 11.01
-10.3340 -0.0568 6.6152 28.24
-7.9243 0.0730 8.9760 45.48
-8.8360 0.2246 3.7847 16.69
-10.3467 0.3210 7.9902 33.96
-6.5328 0.3372 8.9745 51.19
-10.3682 -0.5358 5.4136 22.54
-9.5705 -0.3895 8.9579 39.79
-10.3385 -0.2361 3.1835 11.03
-10.3463 -0.1572 6.6255 28.25
-7.9199 0.0048 8.9763 45.49
-10.3548 0.1395 4.2411 16.70
-10.3501 0.2272 7.9935 33.96
-6.5325 0.2765 8.9746 51.20
-10.3329 0.5121 5.3664 22.42
-9.6399 0.5681 8.9767 39.67
-10.3441 -0.3302 3.1854 11.03
-10.3209 -0.2489 6.6175 28.27
-7.9026 -0.0677 8.9662 45.51
-10.3486 0.0400 4.2456 16.73
-10.3644 0.1284 8.0060 33.97
-6.5385 0.2187 8.9824 51.20
-10.3313 0.4142 5.3689 22.44
-9.6536 0.4825 8.9872 39.68
-9.1166 0.6428 2.9267 10.90
-10.3491 0.7929 6.6058 28.12
-7.9332 0.7154 8.9786 45.38
-10.3493 -0.0562 4.2484 16.74
-10.3516 0.0286 7.9972 33.97
-6.5260 0.1547 8.9632 51.19
-8.8385 0.2905 4.7535 22.45
-9.6324 0.3950 8.9732 39.70
-8.6146 0.5380 2.8296 10.91
-10.3531 0.6936 6.6107 28.15
-7.9282 0.6378 8.9698 45.38
-9.4396 0.9164 3.9605 16.61
-10.3346 1.0700 7.9859 33.86
-6.5406 0.7988 8.9971 51.10
-8.8432 0.2083 4.7537 22.44
-9.6528 0.3010 8.9873 39.69
-8.6496 0.4561 2.8341 10.90
-10.3418 0.5928 6.6041 28.16
-7.9370 0.5699 8.9782 45.40
-9.6897 0.8452 4.0374 16.63
-10.3288 0.9752 7.9780 33.87
-6.5289 0.7365 8.9772 51.11
-10.3361 1.2668 5.3719 22.33
-6.7987 0.9263 6.6337 39.58
-10.3112 0.4236 3.1598 10.93
-10.3735 0.5013 6.6229 28.17
-7.9429 0.4970 8.9860 45.42
-9.4385 0.7356 3.9610 16.63
-10.3381 0.8768 7.9821 33.88
-6.5450 0.6797 8.9920 51.11
-10.3243 1.1668 5.3670 22.35
-9.6431 1.1790 8.9954 39.59
-8.6245 1.2459 2.8295 10.82
-10.3471 1.5500 6.6256 28.03
-7.9221 1.2845 9.0074 45.29
-9.6515 0.6595 4.0251 16.64
-10.3344 0.7766 7.9742 33.88
-6.5528 0.6160 8.9921 51.10
-10.3508 1.0693 5.3762 22.36
-9.6471 1.0918 8.9967 39.61
-9.1353 1.2306 2.9281 10.83
-10.3379 1.4479 6.6191 28.06
-7.9089 1.2045 8.9842 45.30
-9.5914 1.6356 4.0143 16.51
-10.3395 1.8295 8.0324 33.78
-6.5006 1.2593 9.0043 51.01
-10.3442 0.9713 5.3683 22.35
-9.6571 0.9976 8.9961 39.60
-9.1552 1.1435 2.9321 10.84
-10.3430 1.3471 6.6171 28.07
-7.9051 1.1349 8.9743 45.31
-9.7361 1.5644 4.0543 16.52
-10.3446 1.7343 8.0269 33.78
-6.5076 1.1985 9.0017 51.02
-10.3465 2.0357 5.4052 22.24
-9.5905 1.9651 9.0253 39.49
-9.1426 1.0586 2.9277 10.84
-10.3082 1.2497 6.5964 28.08
-7.4355 1.0146 8.9965 47.24
-10.3232 1.5562 4.6062 18.47
-10.3268 1.6386 8.5000 35.67
-10.3305 1.8782 2.4640 6.94
-10.3188 1.9397 5.7897 24.16
-8.7996 1.7382 8.8508 41.42
-10.3469 2.2603 3.5288 12.65
-10.3534 2.3323 7.1361 29.88
-7.3640 1.7491 9.0247 47.13
-8.8177 1.2619 4.0934 18.47
-6.6784 1.0355 5.8575 35.74
-10.3252 1.7690 2.4625 6.94
-10.3501 1.8397 5.8083 24.22
-8.8322 1.6574 8.8698 41.43
-10.3253 2.1540 3.5247 12.68
-10.3348 2.2237 7.1137 29.89
-7.3542 1.6769 9.0035 47.15
-10.3596 2.5432 4.6591 18.37
-10.3314 2.6120 8.6215 35.61
-10.3237 1.6745 2.4644 6.97
-10.3433 1.7424 5.7942 24.20
-8.8035 1.5714 8.8319 41.43
-10.3393 2.0534 3.5234 12.67
-10.3368 2.1244 7.1052 29.90
-7.3850 1.6091 9.0125 47.12
-10.3227 2.4358 4.6383 18.37
-10.3515 2.5144 8.6164 35.60
-10.3391 2.7660 2.4686 6.83
-10.0224 2.7439 5.7208 24.08
-8.7772 2.4825 8.9498 41.31
-10.3328 1.9525 3.5154 12.66
-10.3497 2.0271 7.1025 29.90
-7.3798 1.5413 9.0002 47.15
-10.3361 2.3397 4.6374 18.38
-10.3497 2.4137 8.6050 35.62
-10.2982 2.6615 2.4613 6.83
-10.3444 2.7320 5.8590 24.08
-8.8088 2.3967 8.9642 41.34
-10.1226 2.9936 3.5088 12.59
-9.5309 2.8855 6.7355 29.79
-7.2479 2.2723 9.0246 47.04
-10.3168 2.2289 4.6310 18.41
-10.3546 2.3155 8.5985 35.64
-10.3115 2.5498 2.4687 6.88
-10.3450 2.6207 5.8517 24.10
-8.8195 2.3142 8.9595 41.35
-10.1302 2.8946 3.5065 12.60
-9.4471 2.7621 6.6751 29.81
-7.2588 2.2015 9.0234 47.08
-10.3167 3.3403 4.7014 18.30
-9.1022 3.0160 7.8361 35.54
-10.2980 2.4497 2.4644 6.88
-10.3101 2.5135 5.8293 24.12
-8.8168 2.2300 8.9389 41.35
-10.1153 2.7857 3.4957 12.59
-10.1175 2.8651 7.5279 31.75
-6.8062 2.0114 9.0087 49.01
-10.3397 3.2567 5.0859 20.17
-9.0945 2.9301 8.2862 37.44
-9.5873 3.3434 2.7233 8.67
-10.3293 3.6495 6.3929 25.95
-7.9377 2.8755 8.8305 43.17
-10.3363 2.7468 3.9118 14.53
-9.9282 2.7116 7.3867 31.74
-6.8267 1.9498 9.0107 49.00
-10.1142 3.0800 4.9916 20.19
-9.1139 2.8408 8.2852 37.46
-9.7493 3.2945 2.7486 8.69
-10.3319 3.5476 6.3743 25.93
-8.0017 2.8197 8.8738 43.19
-10.3308 3.8978 3.9776 14.41
-10.3483 3.9709 7.8552 31.67
-6.6460 2.6134 9.0242 48.89
-10.1243 2.9805 4.9961 20.25
-8.8585 2.6783 8.0731 37.51
-9.5255 3.1200 2.7103 8.71
-10.3326 3.4372 6.3634 25.95
-7.8818 2.6991 8.7346 43.20
-10.3432 3.7985 3.9732 14.42
-10.3180 3.8525 7.8118 31.67
-6.6646 2.5563 9.0256 48.91
-10.3085 4.1917 5.1793 20.12
-9.7675 4.0399 9.0463 37.39
-9.7588 3.0932 2.7514 8.76
-10.3221 3.3269 6.3448 25.97
-8.0140 2.6604 8.8416 43.20
-10.3234 3.6724 3.9625 14.45
-10.3428 3.7486 7.8100 31.69
-6.6804 2.4932 9.0223 48.93
-10.3345 4.0973 5.1723 20.11
-9.8279 3.9572 9.0617 37.38
-9.4195 4.0729 2.7273 8.60
-10.3151 4.5049 6.5206 25.87
-7.9372 3.5276 9.0468 43.13
-10.3274 3.5632 3.9562 14.46
-10.3285 3.6333 7.7797 31.70
-6.6945 2.4292 9.0111 48.93
-10.3172 3.9757 5.1541 20.12
-9.8284 3.8489 9.0370 37.39
-9.6141 4.0476 2.7581 8.63
-10.3188 4.3978 6.5007 25.87
-7.9717 3.4597 9.0480 43.12
-10.3271 4.7782 4.0515 14.35
-10.3077 4.8318 8.0235 31.61
-6.2702 2.9860 8.7819 48.84
-10.3365 3.8729 5.1587 20.18
-9.8958 3.7753 9.0689 37.41
-10.3295 4.2382 3.2495 10.58
-10.3285 4.2936 6.9427 27.79
-6.8230 2.8964 8.3065 45.02
-10.3084 4.6627 4.8369 18.21
-10.3317 4.7333 9.0683 35.42
-8.8085 4.3154 2.3329 6.67
-9.7201 4.8112 5.8868 23.92
-8.2966 4.1635 9.0476 41.17
-10.3230 4.1262 3.6099 12.47
-10.3282 4.1896 7.3927 29.71
-6.8224 2.8308 8.7742 46.96
-9.5873 4.2328 4.5594 18.19
-10.3245 4.6161 9.0458 35.48
-8.8484 4.2420 2.3345 6.67
-8.7995 4.2598 5.4165 23.94
-8.3504 4.0867 9.0588 41.17
-10.3080 5.3810 3.7083 12.40
-10.3275 5.4500 7.6786 29.64
-6.7578 3.6117 9.0504 46.89
-9.7505 4.1902 4.6038 18.20
-10.3467 4.5131 9.0288 35.47
-10.3446 4.8251 2.5258 6.69
-8.8435 4.1716 5.4138 23.92
-8.3891 4.0122 9.0543 41.14
-10.2825 5.2472 3.6894 12.40
-10.3205 5.3196 7.6374 29.63
-6.7910 3.5483 9.0569 46.92
-10.3166 5.7217 4.9759 18.12
-9.9426 5.5710 9.0805 35.38
-10.3179 4.7013 2.5199 6.71
-9.7912 4.5105 5.8639 23.95
-8.4044 3.9285 9.0524 41.20
-10.3368 5.1502 3.6956 12.42
-10.3338 5.2062 7.6203 29.65
-6.8321 3.4870 9.0554 46.88
-10.3164 5.6001 4.9648 18.16
-9.9994 5.4809 9.0806 35.37
-10.3277 6.0306 2.5730 6.61
-9.5122 5.5969 5.9577 23.86
-8.0206 4.7653 9.0681 41.09
-8.7641 4.2656 3.2972 12.41
-10.3341 5.0866 7.5909 29.65
-6.8602 3.4270 9.0557 46.89
-10.3258 5.4835 4.9456 18.14
-10.0615 5.3955 9.0957 35.39
-10.3375 5.9183 2.5698 6.62
-8.8114 5.0803 5.9751 25.78
-7.5467 4.3946 9.0646 43.04
-9.6988 6.0058 4.0455 14.29
-10.3002 6.4357 8.4677 31.52
-6.0940 3.8255 9.0569 48.79
-10.3099 5.3655 5.7794 21.97
-8.7244 4.5901 9.0020 39.24
-8.7747 4.9129 3.0224 10.47
-10.3285 5.8352 7.2807 27.71
-7.0985 4.0505 9.0430 44.93
-8.8233 5.3502 4.1216 16.18
-10.3416 6.3282 8.9995 33.40
-5.7421 3.5350 9.0428 50.66
-10.3173 6.7636 6.0539 21.91
-8.3376 5.4974 9.0926 39.18
-10.3204 5.6573 3.7353 12.38
-10.3366 5.7208 7.7506 29.62
-6.7056 3.7508 9.0628 46.85
-10.3007 6.1271 5.0351 18.11
-9.8026 5.8770 9.0962 35.36
-10.2909 6.5774 2.5964 6.58
-9.3873 6.0327 6.0053 23.83
-7.8449 5.0666 9.0756 41.09
-10.2758 7.0703 3.8839 12.35
-10.3410 7.1667 8.1703 29.55
-6.3344 4.4042 9.0838 46.79
-10.3405 6.0132 5.0316 18.13
-9.8509 5.7845 9.0963 35.37
-10.3140 6.4397 2.5953 6.61
-9.3021 5.8454 5.9412 23.88
-7.8938 4.9979 9.0822 41.10
-10.2872 6.9382 3.8626 12.32
-10.3066 6.9959 8.1047 29.57
-6.3483 4.3264 9.0611 46.84
-10.3026 7.4756 5.2660 18.05
-9.2858 6.7757 9.1337 35.32
-10.3138 6.3122 2.5909 6.62
-9.4581 5.8256 5.9917 23.87
-7.9321 4.9243 9.0829 41.12
-10.3177 6.8149 3.8641 12.37
-10.3320 6.8741 8.0782 29.58
-6.3968 4.2706 9.0602 46.80
-10.3030 7.3337 5.2536 18.11
-9.3298 6.6752 9.1122 35.30
-10.2984 7.8395 2.6735 6.55
-8.7970 6.7182 5.9604 23.79
-7.4694 5.7305 9.1297 41.03
-10.3203 6.6787 3.8403 12.33
-10.3389 6.7406 8.0388 29.57
-6.4353 4.2166 9.0685 46.83
-10.3136 7.1996 5.2204 18.07
-9.3741 6.5778 9.1135 35.36
-10.3068 7.7067 2.6671 6.56
-8.8008 6.5985 5.9368 23.83
-7.4966 5.6333 9.1028 41.05
-10.2873 8.2494 4.0280 12.30
-10.3066 8.3103 8.5414 29.54
-6.0050 4.8319 9.0793 46.79
-10.3370 7.0643 5.2016 18.07
-9.4326 6.4912 9.1095 35.35
-10.2909 7.5258 2.6569 6.57
-8.8257 6.4785 5.9092 23.81
-7.5536 5.5703 9.1018 41.02
-10.3253 8.1232 4.0161 12.29
-10.3100 8.1489 8.4806 29.52
-6.0482 4.7744 9.0823 46.81
-9.7283 8.2016 5.2592 18.02
-8.7302 7.3848 9.0862 35.29
-10.2966 7.3892 2.6503 6.58
-8.8827 6.3980 5.9113 23.82
-7.5891 5.4932 9.0951 41.05
-10.2943 7.9382 3.9910 12.31
-10.3110 8.0065 9.0151 31.48
-5.7075 4.4228 9.0765 48.73
-10.3221 8.5605 5.9650 19.91
-8.2613 6.8573 9.1216 37.19
-8.7971 7.7766 2.9182 8.43
-10.1056 8.9697 7.5743 25.71
-6.5895 5.8327 9.1104 42.94
-9.3450 7.0611 4.1148 14.24
-10.3103 7.8494 8.9498 31.46
-5.7502 4.3729 9.0768 48.72
-10.3177 8.3884 5.9273 19.93
-8.3205 6.7733 9.1193 37.20
-8.7765 7.6076 2.9028 8.45
-9.9878 8.7047 7.4412 25.69
-6.6217 5.7586 9.0893 42.95
-8.8001 8.1762 4.1817 14.19
-9.5324 8.9026 9.0041 31.45
-5.3196 4.9202 9.0985 48.68
-10.2984 8.2127 5.8938 19.98
-8.3684 6.6911 9.1106 37.21
-8.7915 7.4745 2.8935 8.46
-10.1774 8.6995 7.5142 25.71
-6.6844 5.7089 9.1025 42.95
-8.7915 8.0231 4.1540 14.19
-9.5006 8.7108 8.9076 31.44
-5.3531 4.8682 9.0890 48.69
-10.3106 10.0887 6.3351 19.91
-7.6955 7.5181 9.1428 37.18
-8.7848 7.3249 2.8761 8.45
-10.3241 8.6588 7.5480 25.68
-6.7368 5.6458 9.1007 42.94
-8.8037 7.8698 4.1338 14.21
-9.6513 8.6795 8.9654 31.45
-5.3756 4.8001 9.0606 48.71
-10.3111 9.9118 6.2849 19.89
-7.7590 7.4390 9.1302 37.17
-9.4707 9.7167 3.1861 8.41
-10.3001 10.5888 8.1792 25.69
-6.1648 6.2877 9.1177 42.92
-8.7912 7.7072 4.1051 14.22
-9.8112 8.6570 9.0225 31.43
-5.4419 4.7716 9.0912 48.70
-8.8049 8.2792 5.4852 19.90
-7.8269 7.3619 9.1321 37.18
-9.6386 9.7002 3.2056 8.43
-10.2934 10.3928 8.1023 25.67
-6.2137 6.2277 9.1114 42.93
-10.2852 11.1029 4.9688 14.17
-8.8373 9.5373 8.9721 31.41
-4.9521 5.2661 9.0926 48.69
-8.8606 8.1764 5.4852 19.95
-7.8989 7.3003 9.1400 37.19
-10.2848 10.1632 3.3238 8.44
-10.3259 10.2243 8.0610 25.69
-6.2721 6.1746 9.1164 42.94
-10.3052 10.9262 4.9403 14.18
-9.1590 9.7104 9.1818 31.40
-4.9977 5.2259 9.0760 48.63
-9.7905 11.0935 6.4692 19.90
-7.1232 8.0320 9.1295 37.17
-10.0709 9.7583 3.2560 8.43
-9.2955 9.0160 7.2934 25.66
-6.3153 6.1018 9.0936 42.92
-10.3128 10.7186 5.4248 16.09
-8.3389 8.6585 8.9229 33.33
-4.7417 4.8606 9.1022 50.59
-10.3222 11.4915 7.2870 21.83
-6.7507 7.4576 9.1395 39.08
-10.2938 12.2674 4.0942 10.35
-10.0475 11.9796 9.2337 27.59
-5.3500 6.2876 9.1257 44.83
-10.2961 10.4935 5.3793 16.11
-8.5150 8.6726 9.0140 33.35
-4.7795 4.8098 9.0936 50.61
-10.3070 11.2485 7.8125 23.79
-5.9741 6.4635 9.1195 42.93
-10.2575 12.0096 5.1435 14.20
-7.5987 8.8507 8.1710 31.45
-4.7565 5.4613 9.1063 48.67
-10.3052 12.9179 7.0973 19.90
-6.3097 7.8200 9.1423 39.10
-10.2824 11.0045 3.9231 10.37
-6.7270 7.1422 6.1894 27.60
-5.6680 6.0047 9.1246 44.85
-10.2835 11.7988 5.6490 16.08
-7.8737 9.0021 8.8848 33.33
-4.5091 5.0716 9.1026 50.58
-10.2808 12.6437 7.6366 21.85
-5.9896 7.2631 9.1411 41.00
-10.2892 13.5760 4.2818 10.35
-9.4391 12.4323 9.2294 27.60
-5.0382 6.5183 9.1156 44.83
-10.3039 11.5910 5.6123 16.10
-8.0209 8.9937 8.9481 33.34
-4.5525 5.0262 9.0995 50.60
-10.2835 12.4054 7.5710 21.87
-6.4533 7.7046 9.1377 39.08
-8.7960 11.3430 4.2753 12.24
-8.7771 11.3149 9.1487 29.48
-4.7925 6.0636 9.1228 46.77
-8.7696 12.1585 5.4659 16.10
-6.4289 8.8240 8.2059 33.32
-4.0479 5.4449 9.1119 50.57
-10.3016 12.1953 7.5036 21.85
-6.5227 7.6458 9.1347 39.08
-9.7277 12.3257 4.0428 10.37
-9.7130 12.3046 9.2526 27.57
-5.1679 6.4335 9.1201 44.81
-10.2602 13.9960 5.5328 14.17
-7.9284 10.7474 9.1948 31.40
-4.1005 5.4048 9.1077 50.56
-10.0172 14.6605 7.5483 19.90
-5.9960 8.6455 8.9804 37.17
-8.7680 10.8666 3.2459 8.41
-9.8122 12.1816 9.2406 27.59
-5.2174 6.3717 9.1106 44.84
-10.2428 13.6695 5.4679 14.19
-8.0248 10.6597 9.1947 31.43
-4.4063 5.7271 9.1025 48.68
-10.2523 14.7129 6.9647 18.02
-6.6648 9.4461 9.1830 35.24
-10.2594 15.8821 2.7170 4.58
-9.5996 14.8197 8.1791 21.82
-5.5467 8.3998 9.1690 39.10
-9.3640 12.2326 3.9872 10.36
-9.5002 12.3981 9.2308 27.59
-5.0666 6.4933 9.1150 44.84
-8.7685 12.2873 4.9672 14.19
-6.3830 8.8693 8.2154 33.33
-4.0102 5.4524 9.0976 50.58
-9.9105 15.0055 7.6245 19.88
-5.8135 8.6445 8.8989 37.16
-10.0416 16.4168 3.3905 6.51
-9.7626 15.9165 9.3180 23.75
-5.0096 7.9741 9.1603 40.99
-10.2725 14.1603 4.3701 10.36
-8.4961 11.6543 9.2119 29.49
-4.6156 6.1960 9.1176 46.74
-10.0501 14.9035 6.3255 16.09
-6.9854 10.2553 9.1927 33.33
-3.8834 5.5452 9.1048 50.59
-9.2047 14.6949 7.3949 19.89
-5.6711 8.8882 8.9986 37.16
-10.2572 17.7632 3.5377 6.52
-8.7194 15.0009 8.7405 23.76
-4.8062 8.0691 9.1438 41.00
-10.1795 14.7908 4.4559 10.36
-8.7552 12.6494 9.1128 27.60
-4.7482 6.7136 9.1103 44.85
-10.2775 16.0898 5.9821 14.19
-7.2478 11.2371 9.2223 31.43
-3.9913 6.0150 9.1096 48.69
-10.2631 17.3583 7.7000 18.04
-5.9622 9.8915 9.1876 35.25
-9.8098 18.0273 2.1824 2.70
-9.7674 17.8739 8.5086 19.92
-5.2475 9.3745 9.1676 37.19
-10.0774 15.4572 3.3038 6.53
-9.8018 14.9951 8.9851 23.76
-5.2113 7.8007 9.1351 41.03
-10.2448 16.9725 4.8055 10.38
-8.1445 13.3796 9.2610 27.59
-4.3658 6.9780 9.1223 44.82
-9.9689 17.8964 6.3368 14.19
-6.5823 11.6364 9.2289 31.44
-3.6539 6.2365 9.1307 48.69
-9.1913 17.8844 6.9613 16.13
-5.7861 11.0263 9.2410 33.35
-3.2456 5.9426 9.1343 50.60
-9.2967 15.0214 7.5320 19.94
-5.6030 8.8887 8.9855 37.21
-10.2547 17.9821 3.5625 6.53
-8.6288 15.0240 8.7450 23.80
-4.7755 8.1044 9.1640 41.02
-9.4235 17.9357 4.1893 8.43
-7.7729 14.6555 9.0761 25.69
-4.2218 7.7157 9.1553 42.94
-8.6874 17.9793 4.8382 10.39
-6.8762 14.0574 9.2757 27.62
-3.7165 7.3259 9.1368 44.87
-10.2737 17.6003 6.3136 14.21
-6.8018 11.5014 9.2246 31.45
-3.7703 6.1742 9.1316 48.68
-9.6275 17.8802 7.0112 16.11
-5.9661 10.8800 9.2070 33.34
-3.3560 5.8897 9.1377 50.59
-8.8473 17.8383 7.6218 18.03
-5.2434 10.3149 9.2190 35.27
-8.1387 18.0082 2.1558 2.73
-8.1335 17.8815 8.2609 19.95
-4.5679 9.7448 9.2013 37.22
-9.8729 17.9561 3.5443 6.54
-8.8003 15.8991 9.1104 23.78
-4.6433 8.1540 9.1444 41.01
-9.1206 18.0095 4.1888 8.46
-7.5115 14.6746 9.0322 25.71
-4.1041 7.7691 9.1535 42.96
-8.3505 17.9524 4.8075 10.39
-6.6666 14.1679 9.2874 27.64
-3.6163 7.3882 9.1441 44.85
-7.6099 17.9317 5.4220 12.31
-5.7314 13.2787 9.2767 29.54
-3.1621 6.9908 9.1155 46.78
-9.3132 17.9222 6.2750 14.22
-6.2352 11.8120 9.2225 31.43
-3.4637 6.3171 9.1131 48.70
-8.5427 17.9132 6.8869 16.12
-5.4219 11.1284 9.1990 33.35
-3.0609 6.0035 9.1051 50.61
-7.8027 17.8783 7.5004 18.05
-4.7361 10.5441 9.2232 35.29
-7.0863 18.0068 1.5035 0.83
-7.0843 17.8443 7.4050 18.06
-4.3682 10.6650 9.2151 35.32
-8.7748 18.0063 2.1623 2.71
-8.7561 17.9004 8.3702 19.97
-4.8417 9.6223 9.2083 37.23
-8.0129 17.9742 2.7921 4.61
-8.0155 17.8846 8.9982 21.90
-4.1355 8.8899 8.9961 39.15
-7.2043 17.7883 3.4069 6.57
-7.0626 17.2824 9.3498 23.80
-3.6915 8.6269 9.1783 41.06
-6.5150 17.7610 3.3798 6.58
-6.4618 17.4575 9.3382 23.83
-3.3554 8.6325 9.0833 41.08
-8.2235 17.9637 4.1260 8.46
-6.9560 15.0181 9.0637 25.70
-3.8011 7.9104 9.1514 42.96
-7.4901 17.9477 4.7512 10.41
-6.0859 14.3595 9.2633 27.65
-3.3302 7.5106 9.1485 44.87
-6.7818 17.9227 4.7051 10.42
-5.6094 14.6036 9.2998 27.67
-3.0741 7.6031 9.1508 44.91
-6.0795 17.9019 4.6671 10.44
-5.0659 14.6338 9.2246 27.68
-2.8160 7.6877 9.1512 44.93
-7.6925 17.9546 5.4346 12.32
-5.7752 13.2263 9.2601 29.54
-3.1901 6.9792 9.1281 46.83
-6.9699 17.8996 5.3762 12.35
-5.3055 13.3640 9.2457 29.58
-2.9559 7.0682 9.1261 46.84
-6.2716 17.9130 5.3274 12.35
-4.8463 13.5227 9.2528 29.61
-2.7265 7.1716 9.1412 46.82
-5.6111 17.9279 5.3105 12.42
-4.3915 13.6777 9.2612 29.62
-2.4909 7.2629 9.1659 46.86
-7.1630 17.9197 5.3885 12.33
-5.4377 13.3256 9.2442 29.56
-3.0233 7.0489 9.1326 46.84
-6.4828 17.9403 5.3526 12.36
-4.9905 13.5219 9.2728 29.59
-2.7859 7.1297 9.1282 46.85
-5.7760 17.8939 5.2948 12.36
-4.5073 13.6093 9.2444 29.63
-2.5537 7.2266 9.1427 46.83
-5.1300 17.9244 5.2859 12.43
-4.0520 13.7620 9.2586 29.64
-2.3099 7.2901 9.1433 46.87
-6.6625 17.9327 5.3573 12.34
-5.1185 13.4715 9.2620 29.57
-2.8517 7.1067 9.1284 46.85
-5.9883 17.9380 5.3225 12.37
-4.6558 13.6262 9.2727 29.61
-2.6146 7.1875 9.1311 46.86
-5.2998 17.9136 5.2745 12.37
-4.1790 13.7300 9.2615 29.64
-2.3777 7.2706 9.1368 46.85
-4.6320 17.9323 4.6181 10.50
-3.9094 14.6361 9.0830 27.76
-1.9048 6.4413 7.7118 44.97
-6.1633 17.9523 4.6721 10.42
-5.1233 14.6159 9.2302 27.70
-2.8561 7.6888 9.1545 44.89
-5.4931 17.9467 4.6555 10.48
-4.5886 14.6519 9.1556 27.67
-2.5896 7.7504 9.1418 44.93
-4.8342 17.9786 3.9965 8.56
-4.4834 16.3467 9.3114 25.80
-2.4661 8.3601 9.1551 43.04
-4.1121 17.7640 3.3241 6.64
-4.2124 17.8375 9.2511 23.89
-2.2353 8.6678 8.8709 41.20
-5.6332 17.8019 3.3690 6.63
-5.6581 17.6932 9.3350 23.85
-2.9392 8.6529 9.0007 41.13
-4.9556 17.7599 3.3399 6.62
-5.0335 17.8358 9.3327 23.88
-2.6180 8.6464 8.9199 41.15
-4.3547 17.9975 2.7403 4.73
-4.3861 17.8541 8.5645 21.99
-2.5415 9.6474 9.1934 39.23
-3.6931 18.0086 2.1340 2.86
-3.7318 17.8792 7.8277 20.08
-2.3466 10.3914 9.2022 37.37
-5.1805 17.9870 2.1303 2.80
-5.2091 17.8542 7.9273 20.04
-3.1369 10.2123 9.1896 37.30
-4.5317 18.0201 1.5170 0.91
-4.5496 17.8698 7.1978 18.15
-1.8877 6.6320 5.9682 35.40
-3.8454 17.9672 0.9184 -0.97
-3.9195 17.9023 6.5142 16.27
-1.7736 7.2187 6.0045 33.50
-1.6648 6.4688 9.1407 50.76
-3.2625 17.9020 5.8267 14.34
-2.5070 13.0140 9.2473 31.58
-1.5243 6.9525 9.1326 48.84
-4.7168 17.9135 5.2496 12.40
-3.7698 13.8474 9.2606 29.63
-2.1550 7.2970 9.1166 46.91
-4.0812 17.9855 4.6026 10.49
-3.4320 14.6173 9.0038 27.72
-1.9169 7.3777 9.1464 46.93
-3.4320 17.9373 4.5785 10.52
-2.9304 14.6658 8.9933 27.77
-1.7621 7.9582 9.1746 45.02
-2.7946 17.9787 3.9677 8.66
-2.6967 16.7056 9.3326 25.86
-1.5683 8.5298 9.1787 43.18
-4.2014 17.7390 3.3265 6.65
-4.2937 17.8488 9.2637 23.89
-2.2696 8.6652 8.8560 41.12
-3.5903 17.9605 2.7394 4.78
-3.6553 17.8642 8.5181 22.02
-2.1648 9.7056 9.1904 39.29
-2.9469 17.9658 2.1322 2.88
-3.0121 17.8631 7.7962 20.14
-1.9369 10.4494 9.1949 37.39
-2.3069 18.0403 0.9283 -0.95
-2.3726 17.8787 6.4636 16.35
-1.7679 12.1269 9.2368 33.58
-1.1392 6.5562 9.1389 50.77
-3.8104 17.9391 5.8624 14.34
-1.8343 7.7405 5.9851 31.58
-1.6326 6.4852 9.1454 50.74
-3.1682 17.8978 5.8283 14.36
-2.4326 12.9803 9.2383 31.64
-1.4831 6.9540 9.1289 48.86
-2.5222 17.9081 5.1929 12.50
-2.1200 14.1051 9.2651 29.74
-1.2849 7.2767 8.9372 46.99
-1.8877 17.9484 3.9665 8.72
-1.8685 16.7661 9.3293 25.90
-1.1522 8.5480 9.1583 43.22
-3.2906 17.7629 3.3291 6.71
-3.3738 17.8179 9.1842 23.93
-1.8459 8.7337 8.8499 41.16
-2.6738 17.9545 2.7393 4.82
-2.7472 17.8406 8.4635 22.06
-1.5523 8.8135 8.3967 39.33
-2.0389 17.9744 1.5382 1.00
-2.1143 17.8503 7.7666 20.18
-1.4288 10.5319 9.2149 37.42
-1.3971 17.9768 0.9581 -0.86
-1.4791 17.8579 6.4484 16.40
-1.1650 12.0591 9.1607 33.61
-0.8239 6.5636 9.1194 50.81
-2.8918 17.9100 5.8282 14.38
-2.2454 13.0386 9.2488 31.61
-1.3846 6.9766 9.1396 48.87
-2.2453 17.9437 4.5664 10.57
-1.9667 14.7020 8.9478 27.80
-1.2340 7.8152 8.9607 45.05
-1.5910 17.7306 3.3184 6.77
-1.6857 17.8322 9.1281 24.02
-1.0468 8.8898 8.9245 41.27
-0.9630 17.9541 2.1562 2.99
-1.0410 17.8560 7.7577 20.23
-0.8130 10.5449 9.2039 37.47
-2.3753 17.9993 0.9305 -0.94
-2.4416 17.8769 6.4607 16.34
-1.8108 12.1160 9.2285 33.57
-1.1622 6.5314 9.1262 50.82
-1.8088 17.9243 5.1925 12.54
-1.5610 14.1550 9.2685 29.77
-1.0201 7.4870 9.1375 47.02
-1.1685 17.9214 3.9619 8.74
-1.1160 14.9003 9.0391 27.87
-0.7946 8.0439 9.1693 45.12
-0.5243 17.7316 3.3359 6.84
-0.6349 17.8781 9.1448 24.07
-0.5340 8.9081 8.9263 41.31
-1.9349 17.9766 2.1428 2.93
-2.0080 17.8369 7.7621 20.20
-1.3653 10.5234 9.2011 37.41
-1.2901 17.9815 0.9587 -0.86
-1.3802 17.8899 6.4512 16.38
-1.0993 12.1444 9.2193 33.62
-0.7858 6.5499 9.1117 50.86
-0.7361 17.9286 5.1925 12.57
-0.7293 14.1906 9.2829 29.84
-0.5904 7.5199 9.1468 47.04
-0.1017 17.9174 3.9812 8.81
-0.2128 16.7968 9.3425 25.99
-0.3239 8.5840 9.1778 43.32
-1.4973 17.9794 2.7458 4.86
-1.5874 17.8596 8.4441 22.12
-1.0645 9.8353 9.1959 39.37
-0.8632 17.9465 1.5574 1.07
-0.9380 17.8496 7.0904 18.32
-0.7764 11.3356 9.2235 35.54
-0.2117 17.9417 0.3725 -2.75
-0.3103 17.8906 5.8212 14.52
-0.3871 13.1131 9.2553 31.77
-0.4108 7.0174 9.1284 49.01
0.3429 17.9334 4.6005 10.74
0.1155 14.6595 8.9419 27.99
-0.1431 8.0093 9.1435 45.21
-1.0576 17.7797 3.3369 6.82
-1.1504 17.8542 9.1312 24.04
-0.7829 8.8815 8.8989 41.27
-0.4256 17.9600 2.1620 3.01
-0.5121 17.8608 7.7611 20.25
-0.4982 10.5598 9.2126 37.49
0.2311 17.9889 0.9760 -0.80
0.1143 17.8656 6.4658 16.47
-0.0937 12.1659 9.2328 33.67
-0.2570 6.5703 9.1400 50.95
0.7582 17.9128 5.2381 12.71
0.4458 14.1743 9.3077 29.92
0.0217 7.5004 9.1521 47.13
-0.6161 17.8928 3.9493 8.72
-0.6937 16.7759 9.3387 26.00
-0.5672 8.5798 9.1600 43.25
0.0191 17.9918 2.7729 4.95
-0.0909 17.8195 8.4368 22.20
-0.2585 9.8099 9.1782 39.46
0.6537 17.9872 1.5860 1.15
0.5575 17.8806 7.1354 18.41
0.1612 11.3092 9.2387 35.66
1.3133 17.9831 0.4037 -2.63
1.1988 17.8720 5.8509 14.58
0.7016 13.0131 9.2403 31.85
0.1565 7.0108 9.1541 49.07
-0.1771 17.9584 4.5826 10.67
-0.2930 14.8903 9.0470 27.95
-0.3667 8.0456 9.1601 45.14
0.4412 17.7321 3.3533 6.89
0.3474 17.7804 9.1324 24.14
-0.0498 8.8606 8.9063 41.39
1.0991 17.9749 2.1927 3.09
0.9814 17.8567 7.8104 20.35
0.3685 10.5044 9.2159 37.60
1.7480 17.9674 1.0136 -0.68
1.6267 17.8802 6.5203 16.53
0.8130 11.2315 9.2247 35.69
0.3345 18.0043 0.3816 -2.71
0.2310 17.9162 5.8372 14.54
0.0046 13.1088 9.2548 31.77
-0.2073 7.0008 9.1145 49.03
0.8790 17.9344 4.6193 10.78
0.5687 14.6848 8.9574 27.97
0.0978 8.0125 9.1583 45.22
1.5048 17.7672 3.3847 6.95
1.3968 17.7882 9.1866 24.19
0.4480 8.7113 8.8157 41.45
2.1817 17.9625 2.2230 3.17
2.0603 17.8399 7.8610 20.39
0.9768 10.4274 9.2247 37.68
0.7735 17.9718 0.9849 -0.77
0.6639 17.8394 6.4761 16.51
0.2707 12.1376 9.2393 33.73
-0.0663 6.5437 9.1219 50.98
1.3085 17.9162 5.2502 12.71
0.8707 14.0885 9.2830 29.94
0.2409 7.4709 9.1521 47.20
1.9607 17.9353 4.0417 8.93
1.6747 16.5561 9.3349 26.14
0.6290 8.5188 9.1832 43.38
2.6272 17.9154 2.8306 5.09
2.4828 17.8516 8.5935 22.35
0.9457 8.6331 8.8253 41.55
1.2005 17.9309 2.1943 3.11
1.0869 17.8675 7.8241 20.37
0.4306 10.5010 9.2117 37.58
1.8630 18.0225 1.0138 -0.68
1.7297 17.8920 6.5376 16.56
0.9725 12.0274 9.2234 33.80
0.3096 6.5286 9.1493 51.04
2.3892 17.8862 5.3024 12.80
1.6885 13.9475 9.2824 30.02
0.6683 7.4212 9.1554 47.23
3.0476 17.8952 4.0896 9.01
2.6393 16.3652 9.3305 26.19
1.1111 8.3923 9.1641 43.51
1.6368 17.9362 2.8042 5.04
1.5065 17.8505 8.5235 22.30
0.5177 8.8390 8.4309 39.54
2.2851 17.9600 1.6198 1.25
2.1700 17.8601 7.2116 18.51
1.1507 11.1969 9.2397 35.73
2.9596 17.9631 0.4190 -2.55
2.8254 17.8955 5.9522 14.70
1.8386 12.8476 9.2618 31.97
0.7577 6.8995 9.1400 49.20
3.5144 17.9306 4.7408 10.94
2.6646 14.5824 9.1243 28.19
1.1922 7.8178 9.1491 45.40
2.0452 17.7510 3.3997 6.98
1.9409 17.8187 9.2382 24.22
0.6713 8.4881 9.1670 43.41
2.7258 17.9537 2.8447 5.12
2.5762 17.8276 8.5953 22.36
1.1642 9.6809 9.2109 39.63
3.3951 18.0034 1.6486 1.33
3.2556 17.8677 7.3025 18.59
1.7921 11.0375 9.2305 35.83
4.0859 17.9881 0.4401 -2.45
3.9308 17.8717 6.0247 14.75
2.5847 12.6599 9.2445 31.99
1.1435 6.8008 9.1252 49.25
2.5104 17.8988 4.6668 10.84
1.8791 14.6150 9.0415 28.11
0.7066 7.3994 9.1500 47.27
3.1531 17.9058 4.0828 8.97
2.7136 16.2659 9.3048 26.23
1.1583 8.4015 9.1673 43.46
3.8195 17.9092 2.8840 5.20
3.6734 17.8128 8.7008 22.43
1.7226 9.5421 9.1929 39.67
4.5214 17.9540 1.6800 1.41
4.3621 17.8229 7.3944 18.65
2.4241 10.8732 9.2254 35.87
3.0608 17.9708 0.4229 -2.54
2.9233 17.8817 5.9586 14.71
1.9158 12.8814 9.2832 31.94
0.7919 6.8881 9.1321 49.19
3.6011 17.8966 4.7307 10.92
2.7642 14.6084 9.1316 28.14
1.2454 7.8433 9.1809 45.39
4.2844 17.9202 3.5214 7.13
4.0670 17.5908 9.3716 24.37
1.7291 8.6131 8.9610 41.63
4.9853 17.9444 2.9319 5.25
4.7912 17.8142 8.8434 22.51
2.1529 8.9854 8.8498 39.74
3.4922 17.9358 1.6480 1.33
3.3418 17.8449 7.2953 18.57
1.8468 11.0140 9.2121 35.80
4.1868 17.9671 0.4452 -2.43
4.0330 17.8959 6.0539 14.80
2.6492 12.6417 9.2624 32.05
1.1837 6.7947 9.1320 49.26
4.7126 17.8756 5.4513 12.92
3.3563 13.4955 9.2733 30.18
1.5437 7.2091 9.1557 47.38
5.4190 17.9128 4.8767 11.07
4.1543 14.4403 9.2937 28.32
1.9298 7.5977 9.1468 45.53
3.9158 17.9368 3.5032 7.10
3.7300 17.6939 9.3698 24.34
1.5579 8.6166 8.9135 41.57
4.6130 17.9712 2.3004 3.33
4.4466 17.8270 8.0945 20.57
2.2794 10.1257 9.2205 37.81
5.2914 17.9389 1.7003 1.46
5.1291 17.8281 7.4872 18.70
2.8499 10.7417 9.2419 35.96
6.0094 17.9528 1.0959 -0.40
5.8227 17.8436 6.8849 16.82
3.4790 11.3992 9.2561 34.08
1.6336 6.1767 9.1180 51.27
4.3498 17.8957 5.4267 12.90
3.0127 13.2352 9.0573 30.12
1.4052 7.2276 9.1421 47.40
5.0242 17.8946 4.8337 11.02
3.9004 14.5664 9.2907 28.24
1.7968 7.6601 9.1572 45.49
5.7245 17.9200 4.2489 9.15
4.5796 14.9254 8.9468 26.39
2.2231 8.0794 9.1590 43.63
6.4599 17.9349 3.6565 7.28
5.8904 16.8629 9.3528 24.51
2.6967 8.5232 9.1801 41.81
4.8920 17.9349 2.9306 5.26
4.7048 17.8059 8.8333 22.51
2.1095 8.9601 8.8239 39.75
5.5895 17.9698 2.3387 3.39
5.3942 17.7882 8.2059 20.63
2.7548 9.9346 9.1980 37.87
6.2958 17.9551 1.7330 1.53
6.1053 17.8101 7.6148 18.78
3.3460 10.4989 9.2053 36.02
6.9988 17.9042 1.7537 1.57
6.8109 17.8064 7.7243 18.85
3.7013 10.3774 9.2211 36.05
5.4343 17.9633 1.0843 -0.43
5.2592 17.8531 6.8197 16.77
3.1558 11.4986 9.2378 34.03
1.4626 6.2389 9.1289 51.26
5.9521 17.8496 6.2244 14.91
3.8514 12.2186 9.2519 32.16
1.8221 6.5927 9.1412 49.40
6.6543 17.8464 6.3061 14.96
4.2452 12.0195 9.2397 32.23
2.0317 6.4903 9.1239 49.46
7.3856 17.8584 6.4068 15.02
4.6591 11.8549 9.2373 32.22
2.2553 6.4324 9.1610 49.48
5.7923 17.8583 5.5483 13.00
4.0780 13.2472 9.2758 30.24
1.9136 7.0506 9.1334 47.49
6.4853 17.8784 5.6252 13.05
4.5108 13.0374 9.2547 30.27
2.1537 6.9854 9.1623 47.54
7.2139 17.8838 5.7055 13.09
4.9364 12.8200 9.2421 30.31
2.3768 6.8733 9.1479 47.59
7.9238 17.8528 5.7859 13.15
3.0757 7.5890 6.0184 30.39
2.6006 6.7634 9.1367 47.60
6.3259 17.8948 4.9416 11.10
4.8025 14.1876 9.2928 28.37
2.2744 7.5103 9.1774 45.56
7.0194 17.8707 5.0055 11.15
5.2711 13.9707 9.2751 28.37
2.5180 7.3909 9.1671 45.62
7.7498 17.8709 5.0869 11.22
3.2960 8.2642 6.0348 28.45
2.7571 7.2688 9.1638 45.69
8.4579 17.8302 5.8619 13.22
3.2478 7.4771 6.0080 30.43
2.7548 6.6711 9.1282 47.65
6.8073 17.8708 5.6574 13.07
4.6990 12.9470 9.2511 30.29
2.2509 6.9307 9.1501 47.56
7.5157 17.8594 5.7415 13.13
3.1165 8.0766 6.2822 30.36
2.4748 6.8225 9.1430 47.61
8.2418 17.8535 6.5176 15.07
3.1532 7.4797 6.3555 32.33
2.4875 6.2841 9.1330 49.56
8.9712 17.8170 7.3379 17.03
5.0378 10.5697 9.2121 34.30
2.4811 5.7838 9.1202 51.48
7.2694 17.8408 7.0904 16.95
4.2421 11.0428 9.2382 34.17
2.0427 6.0101 9.1378 51.42
7.9840 17.7976 7.1828 16.99
4.5938 10.8315 9.2190 34.22
2.2319 5.8980 9.1110 51.46
8.7515 17.8379 8.0489 18.95
4.0183 8.7995 8.3028 36.20
9.4749 17.4401 3.1632 5.57
7.7891 14.7690 8.2584 22.82
4.1882 8.4792 9.1818 40.06
7.9481 17.9195 3.1002 5.46
7.7009 17.7801 9.3339 22.72
3.4407 8.6219 8.9867 39.96
8.7018 17.9451 3.8338 7.45
7.5516 15.9790 9.3470 24.68
3.5342 8.1039 9.1582 41.93
9.4459 17.8905 4.5811 9.41
7.3281 14.3263 9.3016 26.64
3.5255 7.4696 9.1687 43.88
9.4672 16.6272 5.7662 13.33
6.5142 11.8888 9.2344 30.54
3.2249 6.4153 9.1456 47.76
8.3601 17.8498 6.5372 15.08
3.0018 7.0603 6.0704 32.31
2.5192 6.2682 9.1307 49.56
9.0907 17.8006 7.3630 17.06
5.0936 10.5242 9.2024 34.30
2.5056 5.7513 9.1112 51.53
8.2396 15.0054 7.7803 20.93
4.4398 8.6050 8.8516 38.19
9.4755 15.6077 3.6519 7.55
8.6387 14.5811 9.0715 24.80
4.2238 7.6561 9.1453 42.10
8.9969 17.8665 4.5317 9.38
7.0667 14.4961 9.3128 26.63
3.3861 7.5487 9.1739 43.87
9.4808 17.3988 5.9053 13.28
6.3146 12.0630 9.2546 30.50
3.1082 6.4910 9.1535 47.75
8.7554 14.9739 6.5902 17.16
5.6966 10.1793 9.2151 34.36
2.8240 5.5650 9.1126 51.59
9.1625 14.5786 8.5292 22.94
4.7632 8.0674 9.1604 40.17
9.4982 17.7251 3.8696 7.48
7.7791 14.9285 8.9818 24.72
3.8461 7.9472 9.1638 41.95
9.4763 16.3834 5.0506 11.41
7.2022 12.8693 9.2762 28.59
3.5161 6.8158 9.1367 45.84
9.0366 14.6074 6.5523 17.20
5.1788 8.8155 8.2455 34.39
2.9210 5.4265 9.0355 51.63
8.7649 13.3023 9.2903 26.78
4.2500 6.9328 9.1430 44.10
9.4755 16.7678 5.7789 13.29
6.4909 11.9546 9.2510 30.51
3.1741 6.3840 9.0922 47.78
8.8713 14.6478 6.5292 17.18
5.8311 10.0553 9.2067 34.41
2.8690 5.4529 9.0334 51.64
8.6284 13.3805 9.2861 26.79
4.1884 6.9846 9.1316 44.03
9.9685 14.2442 9.3285 24.92
4.7578 7.2776 9.1558 42.21
9.4649 15.7996 4.9426 11.39
7.3868 12.7366 9.2887 28.66
3.6151 6.7589 9.1393 45.85
9.4061 14.6745 6.6391 17.21
6.0721 9.8925 9.2127 34.45
2.9339 5.2687 8.8886 51.68
8.1732 12.0914 9.2589 28.75
4.0440 6.4410 9.1418 45.99
11.3265 15.2681 9.3443 23.06
5.3306 7.6528 9.1787 40.29
9.2742 14.6704 4.7425 11.43
7.6535 12.4702 9.2557 28.70
3.7640 6.6369 9.1224 45.88
11.8546 17.4528 9.3749 21.07
5.3990 8.4594 9.1872 38.31
9.4496 12.9393 5.0893 13.51
7.1519 10.1563 9.2174 32.64
3.5961 5.5497 9.1248 49.86
9.6599 12.5032 9.2782 26.90
4.7222 6.5459 9.1412 44.22
9.4595 14.2537 5.9220 15.31
5.5354 8.8088 8.9141 36.36
9.4633 13.1732 3.9911 9.64
7.0664 10.2417 9.2254 32.63
3.5412 5.5829 9.1113 49.84
9.5196 12.5773 9.2651 26.91
4.6728 6.6123 9.1423 44.15
11.9731 14.5539 9.3123 23.14
5.6677 7.3254 9.1604 40.36
9.4787 13.4899 4.5867 11.48
5.9120 8.8610 8.5736 34.48
3.2216 5.2650 9.1056 51.75
8.6220 11.6887 9.2404 28.78
4.2665 6.2346 9.1263 46.08
9.4479 11.8041 7.1285 21.23
6.0137 7.8696 9.1484 38.46
9.4535 10.9257 4.7349 13.57
6.7582 8.1693 9.1559 36.58
9.4573 12.7526 3.9378 9.65
8.4794 11.7416 9.2187 28.79
4.2139 6.2851 9.1214 46.02
11.6734 14.7680 9.2917 23.11
5.5340 7.4464 9.1594 40.33
9.4406 11.1390 5.3090 15.54
6.2016 7.7057 9.1560 38.50
9.4533 10.3966 4.6518 13.61
7.8905 8.9388 8.9813 32.84
4.1286 5.0548 9.1062 50.01
9.5481 12.4767 9.2489 26.95
4.6978 6.5654 9.1289 44.17
10.9288 13.2149 9.2746 25.04
5.2769 6.7978 9.1291 42.32
9.4491 10.6165 5.7181 17.43
6.3721 7.5223 9.1477 38.54
9.4490 9.9002 5.0751 15.59
7.7015 8.3378 9.1656 34.74
3.9248 4.6197 9.0989 51.99
8.2951 10.4216 9.2101 30.80
4.1678 5.6517 9.1144 48.06
9.3926 10.9086 9.2222 28.90
4.6802 5.8432 9.1140 46.19
11.6200 12.4476 9.2718 25.16
5.6409 6.4370 9.1234 42.39
9.4156 9.4292 5.9750 19.46
6.7865 7.0905 9.1516 38.62
9.4369 10.9878 4.7524 13.60
6.7359 8.2101 9.1589 36.55
9.4215 10.2400 4.6357 13.67
7.7134 8.6594 8.7644 32.81
4.1446 5.0170 9.1009 50.06
8.4260 8.7492 8.0235 29.02
4.9961 5.5138 9.1000 46.24
9.0156 8.6419 6.6626 23.33
6.4528 6.4592 9.1438 40.58
9.4360 10.4742 5.1734 15.54
6.9199 8.0146 9.1535 36.59
9.4347 9.7590 4.5649 13.72
8.0922 8.6255 8.9303 32.86
3.9416 4.5901 9.0866 52.00
9.0734 8.9345 8.3657 29.06
5.1374 5.3879 9.1238 46.28
7.4720 6.9066 6.0905 25.28
6.1177 5.8775 9.1249 42.55
9.4403 10.0085 6.1108 19.41
6.5788 7.2964 9.1424 38.59
9.1552 9.0424 4.8552 15.62
8.4939 8.5967 9.1143 32.90
4.3594 4.7661 9.0851 50.14
9.1803 8.5981 8.2952 29.10
5.2574 5.2413 9.1216 46.32
10.6873 9.2729 9.1955 29.16
5.4144 5.0294 9.1158 46.39
8.4661 8.6566 6.9785 25.21
5.8346 6.2528 9.1330 42.41
9.1417 8.6510 6.2108 21.42
6.9464 6.8233 9.1182 38.69
9.4451 8.2815 5.2664 17.65
7.7541 7.0423 9.1621 36.81
9.4357 7.7045 4.7125 15.79
8.5812 7.2072 9.1534 34.94
4.4142 4.0276 9.1000 52.21
9.1959 8.9468 8.4241 29.07
5.1386 5.3352 9.0923 46.30
11.4690 10.2889 9.2121 27.20
5.7192 5.4757 9.1150 44.46
7.5288 6.4240 5.9832 25.36
6.3275 5.6015 9.1171 42.59
11.0737 8.6661 9.1831 29.25
5.6296 4.7190 9.1088 46.47
9.3698 8.6338 7.3004 25.27
6.1052 5.9130 9.1217 42.49
7.5024 6.5284 5.9958 25.32
6.2781 5.6620 9.1208 42.60
9.4439 7.5326 6.0652 21.59
5.9932 5.0787 9.1037 44.57
10.3780 7.7602 9.1758 31.22
5.3184 4.2761 9.0923 48.44
10.6498 9.3165 9.1935 29.15
5.3942 5.0583 9.1184 46.38
11.8656 9.6095 9.1852 27.31
5.9398 5.1356 9.0879 44.54
10.2952 7.8580 9.1620 31.20
5.2688 4.3234 9.0724 48.42
8.9217 6.4053 9.0483 35.06
4.6536 3.6335 9.0699 52.32
9.0041 7.5870 8.9658 33.01
4.7289 4.3044 9.0754 50.26
8.1368 6.4650 9.1409 36.90
9.4242 6.7298 5.0035 17.83
7.1796 5.3919 9.1112 40.80
9.4395 6.2940 5.8052 21.68
6.8197 4.7926 9.0985 42.80
11.0710 8.7358 9.2024 29.24
5.5993 4.7397 9.0954 46.47
9.6318 7.1590 9.1523 33.10
4.9704 3.9936 9.0976 50.34
8.9031 6.1989 8.9661 35.09
4.7159 3.5647 9.0974 52.36
8.0063 5.2294 9.1087 38.99
9.4244 7.0285 5.4898 19.69
6.6142 5.2147 9.1253 42.66
11.4880 7.9823 9.1897 29.36
5.8390 4.3612 9.0884 46.55
10.7737 6.9924 9.1484 31.32
5.5418 3.8748 9.0715 48.54
9.4317 5.7283 9.1364 35.19
4.8731 3.2315 9.0543 52.42
7.7661 5.7115 9.1334 38.90
9.4303 6.1935 5.3523 19.81
7.3696 5.0686 9.1149 40.88
9.4288 5.7601 6.1557 23.69
7.5095 4.7861 9.1006 40.92
9.4215 5.3076 6.0655 23.73
6.1716 3.7307 9.0815 46.71
10.6685 7.2241 9.1521 31.26
5.4791 4.0021 9.0903 48.54
10.8678 6.8124 9.1508 31.35
5.5884 3.7811 9.0712 48.58
8.8038 5.2014 9.1152 37.15
9.4158 4.9733 5.1669 19.96
7.2155 4.0336 9.1053 42.96
11.7488 7.4730 9.1719 29.40
5.9877 4.0965 9.0841 46.62
10.1931 6.0731 9.1434 33.30
5.2733 3.4107 9.0763 50.55
8.2826 4.6554 9.1075 39.11
9.4088 4.6844 5.5325 21.89
6.7737 3.5935 9.0739 44.92
9.4043 5.7385 8.0485 31.35
5.6343 3.6869 9.0666 48.61
8.8361 5.0405 9.0813 37.16
9.4009 4.7792 5.1390 20.00
7.2482 3.9055 9.0786 42.96
11.4707 5.3736 9.1261 31.52
5.7852 2.9523 8.8735 48.77
8.8197 5.1501 9.1148 37.17
9.4089 4.9015 5.1543 19.97
7.2386 3.9871 9.1068 42.96
11.4036 5.4817 9.1153 31.52
5.6822 2.9761 8.7717 48.74
8.9451 4.0198 8.8782 37.35
9.4155 5.0206 5.1685 19.93
7.1879 4.0583 9.0860 42.93
11.3799 5.6072 9.1322 31.51
5.1489 2.7927 8.1333 48.74
8.9417 4.1187 8.8917 37.31
9.4088 3.8191 5.4223 22.01
6.5024 2.8342 8.0755 43.11
11.3446 5.7299 9.1299 31.47
5.1219 2.8481 8.1330 48.74
8.9204 4.2208 8.8966 37.26
9.3887 3.9248 5.4291 22.00
6.6642 2.9877 8.7535 45.02
10.8736 4.1334 9.0925 33.54
5.6826 2.3871 9.0548 50.78
8.5045 4.1576 9.1127 39.18
9.4097 4.0377 5.4498 21.98
6.0379 2.8055 8.0965 44.98
10.8155 4.2450 9.0884 33.57
5.6509 2.4447 9.0456 50.78
8.0400 2.9190 7.9643 37.47
9.4214 4.1363 5.0623 20.05
7.4183 3.4609 9.0741 43.05
11.6763 4.6766 9.1142 31.63
5.9604 2.6182 8.9333 48.86
8.0034 2.9921 7.9438 37.42
9.1904 2.9372 5.2484 22.12
7.8844 2.6477 8.2528 39.38
9.4126 3.8768 5.8471 23.94
6.3470 2.8327 8.8913 46.91
10.1178 3.8176 9.1088 35.51
5.2821 2.2163 9.0430 52.70
8.0432 2.7718 7.9295 37.46
9.1623 2.6715 5.2158 22.16
8.5738 2.6139 8.7986 39.42
9.4191 3.6007 5.8158 23.98
6.8848 2.8190 8.9092 45.06
8.4832 2.9718 6.9211 31.68
6.1811 2.3319 9.0711 48.91
8.4361 2.6350 7.2764 33.66
5.7764 1.9751 9.0379 50.90
8.2986 2.3170 9.0403 41.38
8.8806 3.1762 6.3401 27.87
6.6052 2.5374 9.0604 46.99
8.5307 2.7427 6.9160 31.72
6.2102 2.1590 9.0526 48.95
9.1352 2.5972 8.7159 37.53
9.4242 2.2218 5.2902 22.23
6.7564 1.7761 9.0335 47.14
8.5080 2.8301 6.9141 31.70
6.1746 2.2211 9.0432 48.98
8.9670 2.6288 7.6241 33.69
5.8067 1.8783 9.0514 50.94
8.3641 2.1981 9.0715 41.38
11.1676 2.3629 9.0553 33.83
5.8875 1.4371 9.0347 51.00
9.1968 2.8008 8.2750 35.55
5.3883 1.8379 9.0554 52.83
7.2199 2.0262 9.0378 45.21
9.6547 2.1996 9.0565 37.60
9.4057 1.7102 5.2590 22.30
6.8158 1.4121 9.0379 47.21
8.8369 2.4827 8.9924 39.46
9.3962 2.1682 5.6754 24.18
6.3094 1.6486 9.0423 49.06
8.4151 1.7477 9.0543 41.45
9.4295 1.4798 6.0580 26.19
6.3560 1.1685 9.0265 49.19
8.3512 2.1398 9.0575 41.41
11.1995 2.3061 9.0617 33.80
5.8838 1.3991 9.0358 51.05
7.8535 1.4436 9.0397 43.41
11.2508 1.4784 9.0340 33.88
5.9574 0.9581 9.0527 51.11
7.8252 1.8164 9.0519 43.32
11.2413 2.0124 9.0662 33.84
5.8940 1.2374 9.0213 51.09
8.4519 1.2982 9.0444 41.52
9.4082 0.9792 6.0351 26.26
6.8590 0.8610 9.0311 47.32
8.8879 1.7632 8.9389 39.57
9.4276 1.4155 5.6552 24.29
6.8242 1.1907 9.0310 47.30
10.4643 1.2411 9.0392 35.83
3.1461 0.5479 5.8438 53.06
7.5610 0.6921 8.2320 41.63
9.4080 1.5225 6.0462 26.17
6.3470 1.2004 9.0214 49.18
9.7390 1.2758 9.0432 37.72
9.4052 0.8156 5.2458 22.44
7.8946 0.8145 9.0362 43.52
11.2560 0.5931 9.0220 33.98
5.9436 0.4724 9.0101 51.21
8.4309 1.2415 9.0281 41.55
9.4056 0.9278 6.0290 26.25
7.3477 0.8531 9.0254 45.43
10.4786 0.6914 9.0391 35.89
3.1503 0.3699 5.8399 53.13
7.8800 0.3119 9.0265 43.62
7.7259 0.8858 5.8969 30.08
6.3942 0.8597 9.0435 49.25
8.9051 0.7198 8.9025 39.76
9.4056 0.3256 5.6391 24.44
6.8478 0.3812 9.0184 47.44
8.9091 0.0683 8.9032 39.80
9.4143 0.7646 5.6398 24.38
7.3659 0.7322 9.0336 45.43
10.4617 0.5176 9.0352 35.94
3.1607 0.3162 5.8509 53.13
7.8716 0.1854 9.0159 43.62
7.5761 -0.1614 5.8285 30.27
6.8301 -0.0565 9.0098 47.48
10.4831 0.6226 9.0340 35.87
3.1465 0.3514 5.8373 53.15
7.8492 0.2606 8.9980 43.63
7.5869 -0.0834 5.8332 30.27
6.8225 0.0156 9.0057 47.51
9.6506 -0.4538 9.0028 37.95
9.4149 0.2631 5.2596 22.54
7.3426 0.3391 9.0167 45.53
11.2255 -0.0552 9.0146 34.04
5.9560 0.1151 9.0343 51.28
7.8171 -0.2301 8.9897 43.68
10.3295 -0.7858 8.9963 36.05
3.1100 -0.1070 5.8211 53.32
7.8655 0.1368 9.0134 43.63
9.3776 -0.2686 7.7790 34.07
5.9211 -0.0447 9.0033 51.31
7.8177 -0.4385 9.0102 43.71
11.0424 -1.1519 8.9944 34.22
5.8732 -0.4856 9.0043 51.40
9.3869 -0.1495 8.7851 37.94
9.3728 -0.5593 5.6634 24.58
7.3108 -0.3205 9.0225 45.62
9.5817 -0.8644 8.9923 38.01
9.3788 -1.2551 5.7088 24.62
7.5583 -0.9069 8.8354 43.81
11.1648 -0.5277 9.0161 34.14
5.9149 -0.1404 9.0094 51.35
7.7955 -0.5700 9.0116 43.76
7.5587 -0.8709 6.6139 34.20
5.8475 -0.5788 8.9982 51.45
8.2335 -1.2364 8.9876 41.91
11.1002 -0.8155 8.9952 34.17
5.9045 -0.3001 9.0169 51.38
8.3157 -0.8478 8.9943 41.84
11.8367 -1.7533 8.9933 32.30
6.2555 -0.8136 8.9972 49.53
8.7727 -1.5728 8.9807 40.01
